OID_,id,region,zone,name,lat,long,quality,frequency,direction,type,experience,numerical_direction,numerical_frequency,numerical_experience,numerical_quality,normalized_built_area,normalized_human_mod,normalized_pop_change,normalized_ports,normalized_roads,added_pressure,pressure_index
1,0,Sul,Santa Catarina South,Cardoso,-28.58545,-48.79827,NA,NA,NA,NA,NA,1,1,1,1,0.049628528,0.409142914,0.005787583,0,0.070552601,0.535111626,0.855341436
2,1,Sul,Santa Catarina South,Ravena,-28.45478,-48.75134,NA,NA,NA,NA,NA,1,1,1,1,0.074037685,0.588059149,0.008634892,0.047619048,0.111498482,0.829849255,0.771660241
3,2,Sul,Santa Catarina South,Praia da Vila Imbituba,-28.25247222,-48.66185,NA,NA,NA,NA,NA,1,1,1,1,0.010393271,0.666699068,0,0.095238095,0.114740997,0.887071431,0.75541386
4,3,Sul,Santa Catarina South,Praia do Porto Imbituba,-28.220199,-48.663214,NA,NA,NA,NA,NA,1,1,1,1,0.011141897,0.624774724,0,0.095238095,0.147641752,0.878796468,0.757763267
5,4,Sul,Santa Catarina South,Ponta da Pinheira,-27.878141,-48.576442,NA,NA,NA,NA,NA,1,1,1,1,0.002446181,0.422772767,0.170633153,0,0.095059465,0.690911566,0.811107094
6,7,Sul,Santa Catarina North,Itagua&ccedil;u,-26.184728,-48.526328,NA,NA,NA,NA,NA,1,1,1,1,0.00671172,0.546837123,0.012807486,0.142857143,0.1058794,0.815092871,0.775849838
7,8,Sul,Paraná,Caioba,-25.838,-48.535,NA,NA,NA,NA,NA,1,1,1,1,0.014452138,0.528353272,0.010459591,0,0.153122837,0.706387837,0.806713109
8,9,Sudeste,São Paulo South,Ilha Comprida,-24.784,-47.595,NA,NA,NA,NA,NA,1,1,1,1,0.012909451,0.320176827,0.00305702,0,0.10475321,0.440896507,0.882090765
9,10,Sudeste,São Paulo South,Iguape,-24.753211,-47.542059,NA,NA,NA,NA,NA,1,1,1,1,0.022983261,0.475094285,0.00305702,0,0.138025365,0.639159931,0.825800293
10,11,Sudeste,São Paulo South,Peruibe,-24.324427,-46.978886,NA,NA,NA,NA,NA,1,1,1,1,0.016583287,0.579399219,0.003487251,0,0.242563193,0.84203295,0.768201076
11,13,Sudeste,São Paulo South,Itanhaem,-24.151427,-46.707858,NA,NA,NA,NA,NA,1,1,1,1,0.010042124,0.612039628,0.032563529,0,0.222470671,0.877115951,0.758240395
12,25,Sudeste,São Paulo South,Pereque,-23.927583,-46.178826,NA,NA,NA,NA,NA,1,1,1,1,0.011518135,0.513204545,0.03806357,0,0.154187024,0.716973274,0.803707717
13,26,Sudeste,São Paulo South,Praia Preta,-23.8747,-46.138959,NA,NA,NA,NA,NA,1,1,1,1,0.004597368,0.45070573,0.03806357,0,0.09758208,0.590948748,0.839488295
14,27,Sudeste,São Paulo South,Praia da Bertioga,-23.846986,-46.126968,NA,NA,NA,NA,NA,1,1,1,1,0.009107869,0.444784121,0.03806357,0,0.119758424,0.611713985,0.83359268
15,28,Sudeste,São Paulo North,Maresias,-23.79369326,-45.55976434,NA,NA,NA,NA,NA,1,1,1,1,0.002817103,0.287582184,0.047388129,0,0.056395921,0.394183337,0.895353455
16,29,Sudeste,São Paulo North,Canto de Moreira,-23.793056,-45.587394,NA,NA,NA,NA,NA,1,1,1,1,0.003424671,0.322924199,0.047388129,0,0.062732217,0.436469216,0.88334775
17,30,Sudeste,São Paulo North,Itaguere,-23.786995,-45.971372,NA,NA,NA,NA,NA,1,1,1,1,0.035775095,0.361270366,0.03806357,0,0.086950023,0.522059053,0.859047291
18,31,Sudeste,São Paulo North,Boicucanga,-23.784431,-45.631355,NA,NA,NA,NA,NA,1,1,1,1,0.004013503,0.352627078,0.047388129,0,0.060702539,0.464731249,0.875323663
19,32,Sudeste,São Paulo North,Praia de Baleia,-23.775839,-45.683986,NA,NA,NA,NA,NA,1,1,1,1,0.004558399,0.352956114,0.047388129,0,0.066360855,0.471263497,0.873469042
20,33,Sudeste,São Paulo North,Barra do Sahy,-23.774385,-45.69757,NA,NA,NA,NA,NA,1,1,1,1,0.004558399,0.348441048,0.047388129,0,0.065980029,0.466367605,0.874859072
21,34,Sudeste,São Paulo North,Praia Preta,-23.77301,-45.715815,NA,NA,NA,NA,NA,1,1,1,1,0.003855859,0.331179468,0.047388129,0,0.062926862,0.445350319,0.880826249
22,35,Sudeste,São Paulo North,Bananas Point,-23.771605,-45.70621,NA,NA,NA,NA,NA,1,1,1,1,0.004537509,0.330818628,0.047388129,0,0.067635187,0.450379453,0.87939839
23,36,Sudeste,São Paulo North,Praia do Juquei,-23.768115,-45.745453,NA,NA,NA,NA,NA,1,1,1,1,0.003144738,0.313184283,0.03806357,0,0.056860356,0.411252947,0.890507092
24,37,Sudeste,São Paulo North,Barra do Una,-23.763818,-45.76278,NA,NA,NA,NA,NA,1,1,1,1,0.003351038,0.300414395,0.03806357,0,0.058513129,0.400342133,0.893604865
25,38,Sudeste,São Paulo North,Praia da Boracéia,-23.758373,-45.828777,NA,NA,NA,NA,NA,1,1,1,1,0.001280058,0.3215095,0.03806357,0,0.061058547,0.421911676,0.887480892
26,39,Sudeste,São Paulo North,Praia Dura,-23.496058,-45.171014,NA,NA,NA,NA,NA,1,1,1,1,0.001453206,0.304248746,0,0,0.090042912,0.395744863,0.89491011
27,40,Sudeste,São Paulo North,Pereque-Acu,-23.424565,-45.062697,NA,NA,NA,NA,NA,1,1,1,1,0.004754397,0.400437384,0,0.047619048,0.140460685,0.593271514,0.838828821
28,41,Sudeste,São Paulo North,Itamambuca,-23.406683,-45.008741,NA,NA,NA,NA,NA,1,1,1,1,0.003654354,0.298599808,0,0.047619048,0.100485218,0.450358428,0.879404359
29,42,Sudeste,São Paulo North,Praia da Fazenda,-23.361352,-44.859766,NA,NA,NA,NA,NA,1,1,1,1,0.000152583,0.059323439,0.017271945,0,0.030290678,0.107038645,0.976878881
30,43,Sudeste,Rio de Janeiro Norte,Aventureiro,-23.184406,-44.315804,NA,NA,NA,NA,NA,1,1,1,1,0.003893389,0.098090082,0.108669051,0,0.016928626,0.227581147,0.942654746
31,44,Sudeste,Rio de Janeiro Norte,Praia do Leste,-23.179746,-44.274094,NA,NA,NA,NA,NA,1,1,1,1,0.006427705,0.082529403,0.108669051,0,0.022102227,0.219728385,0.944884283
32,45,Sudeste,Rio de Janeiro Norte,Praia do Sul,-23.178656,-44.296757,NA,NA,NA,NA,NA,1,1,1,1,0.005128246,0.090582731,0.108669051,0,0.019075071,0.223455099,0.943826203
33,47,Sudeste,Rio de Janeiro City,Restinga a Marambaia,-23.061833,-43.591673,NA,NA,NA,NA,NA,1,1,1,1,0.010742702,0.631486484,0.058563331,0,0.115534117,0.816326634,0.775499551
34,58,Sudeste,Rio de Janeiro Norte,Jacone,-22.946556,-42.679789,NA,NA,NA,NA,NA,1,1,1,1,0.010397795,0.520626363,0.109663555,0.047619048,0.135290973,0.823597733,0.773435158
35,59,Sudeste,Rio de Janeiro Norte,Figueira,-22.944992,-42.188828,NA,NA,NA,NA,NA,1,1,1,1,9.50E-05,0.676206732,0.008297625,0,0.051366352,0.735965662,0.798315444
36,66,Sudeste,Rio de Janeiro Norte,Praia Brava,-22.754252,-41.872609,NA,NA,NA,NA,NA,1,1,1,1,0.012315438,0.676137626,0.020227352,0.095238095,0.096042048,0.89996056,0.75175441
37,68,Sudeste,Espírito Santo,Ponta do Ubu,-20.793246,-40.579551,NA,NA,NA,NA,NA,1,1,1,1,0.04075656,0.59824999,0.01012881,0.047619048,0.122590312,0.819344719,0.774642664
38,69,Sudeste,Espírito Santo,Ponta dos Castelhanos,-20.755085,-40.560755,NA,NA,NA,NA,NA,1,1,1,1,0.049631027,0.566177228,0.01012881,0.047619048,0.124765285,0.798321397,0.780611555
39,73,Sudeste,Espírito Santo,Tropical,-20.559544,-40.39181,NA,NA,NA,NA,NA,1,1,1,1,0.025157467,0.560982465,0.036506955,0,0.152732088,0.775378976,0.787125311
40,74,Sudeste,Espírito Santo,Dunas de Ule,-20.5421,-40.379861,NA,NA,NA,NA,NA,1,1,1,1,0.007304904,0.564266936,0.036506955,0,0.143354375,0.75143317,0.793923947
41,75,Sudeste,Espírito Santo,Guarapari - Ule,-20.541319,-40.378386,NA,NA,NA,NA,NA,1,1,1,1,0.007418557,0.565938255,0.036506955,0,0.14274035,0.752604117,0.793591494
42,76,Sudeste,Espírito Santo,Ponta da Fruta,-20.516837,-40.358133,NA,NA,NA,NA,NA,1,1,1,1,0.017867815,0.621464016,0.036506955,0,0.190378278,0.866217065,0.761334781
43,89,Sudeste,Espírito Santo,Nova Almeida,-20.058462,-40.183001,NA,NA,NA,NA,NA,1,1,1,1,0.009505282,0.509411238,0.037175003,0,0.159624946,0.715716468,0.804064546
44,90,Sudeste,Espírito Santo,Praia Grande,-20.0471,-40.182743,NA,NA,NA,NA,NA,1,1,1,1,0.006182197,0.483141943,0.037175003,0,0.138638618,0.66513776,0.818424731
45,91,Sudeste,Espírito Santo,Regencia,-19.562811,-39.764264,NA,NA,NA,NA,NA,1,1,1,1,0.000127322,0.256610232,0.062024638,0,0.022402396,0.341164588,0.91040641
46,92,Sudeste,Espírito Santo,Guriri,-18.91075,-39.738564,NA,NA,NA,NA,NA,1,1,1,1,0,0.286553199,0.040143382,0.047619048,0.023528902,0.39784453,0.894313978
47,93,Nordeste,Bahia Sul,Milionarios,-14.847631,-39.022942,NA,NA,NA,NA,NA,1,1,1,1,0.010030656,0.48381798,0,0.047619048,0.14551528,0.686982965,0.812222493
48,94,Nordeste,Bahia Sul,Sul,-14.83112,-39.022563,NA,NA,NA,NA,NA,1,1,1,1,0.010343572,0.508404249,0,0.047619048,0.142014537,0.708381406,0.806147099
49,95,Nordeste,Bahia Sul,Pedra da Cachorra,-14.821026,-39.023633,NA,NA,NA,NA,NA,1,1,1,1,0.010564097,0.515474333,0,0.047619048,0.14101244,0.714669918,0.80436168
50,96,Nordeste,Bahia Sul,Jardim Atlantico,-14.815026,-39.0234,NA,NA,NA,NA,NA,1,1,1,1,0.010682624,0.53078661,0,0.047619048,0.142646301,0.731734582,0.799516722
51,97,Nordeste,Bahia Sul,Baduska,-14.809442,-39.023423,NA,NA,NA,NA,NA,1,1,1,1,0.012316281,0.538889581,0,0.047619048,0.142110953,0.740935863,0.796904317
52,98,Nordeste,Bahia Sul,Norte,-14.66009,-39.063007,NA,NA,NA,NA,NA,1,1,1,1,0.004290638,0.348798765,0,0.142857143,0.072525759,0.568472304,0.845869753
53,99,Nordeste,Bahia Sul,Havaizinho,-14.468062,-39.023161,NA,NA,NA,NA,NA,1,1,1,1,5.29E-05,0.17419629,0,0,0.039289184,0.213538403,0.946641727
54,100,Nordeste,Bahia Sul,Sao Jose,-14.316062,-38.990701,NA,NA,NA,NA,NA,1,1,1,1,2.73E-05,0.224628621,0.013399864,0,0.058024223,0.296079982,0.923206722
55,101,Nordeste,Bahia Sul,Corals,-14.275408,-38.982569,NA,NA,NA,NA,NA,1,1,1,1,3.67E-05,0.242139725,0.013399864,0,0.049945467,0.305521787,0.920526028
56,121,Nordeste,Bahia Norte,Itacimirim,-12.639232,-38.048194,NA,NA,NA,NA,NA,1,1,1,1,0.01380366,0.520086432,0.17564459,0,0.174146961,0.883681642,0.75637628
57,122,Nordeste,Bahia Norte,Praia do Forte,-12.583305,-38.005078,NA,NA,NA,NA,NA,1,1,1,1,0.00848136,0.488043096,0.17564459,0,0.151615166,0.823784211,0.773382214
58,123,Nordeste,Bahia Norte,Imbassai,-12.342055,-37.8462,NA,NA,NA,NA,NA,1,1,1,1,0.000023626,0.265064479,0.005100077,0,0.057667034,0.327855215,0.914185175
59,124,Nordeste,Bahia Norte,Costa do Sauipe,-12.022171,-37.645508,NA,NA,NA,NA,NA,1,1,1,1,0,0.194869825,0.006905319,0,0.025952939,0.227728082,0.942613028
60,125,Nordeste,Bahia Norte,Marlin,-11.939803,-37.602476,NA,NA,NA,NA,NA,1,1,1,1,0,0.240891515,0.006905319,0,0.04218694,0.289983774,0.924937543
61,126,Nordeste,Bahia Norte,Conde,-11.848141,-37.55817,NA,NA,NA,NA,NA,1,1,1,1,7.40E-05,0.372046153,0.006905319,0,0.048163831,0.427189351,0.885982467
62,127,Nordeste,Bahia Norte,Mangue Seco,-11.483614,-37.364454,NA,NA,NA,NA,NA,1,1,1,1,3.65E-05,0.301183817,0.011689749,0,0.029870129,0.342780228,0.909947701
63,128,Nordeste,Bahia Norte,Mosqueiro,-11.138116,-37.145493,NA,NA,NA,NA,NA,1,1,1,1,0.000187411,0.424080616,0.236983885,0,0.069252074,0.730503986,0.79986611
64,132,Nordeste,Bahia Norte,Pirambu,-10.746346,-36.855099,NA,NA,NA,NA,NA,1,1,1,1,0.000724142,0.382722721,0.015499133,0,0.045046542,0.443992538,0.881211747
65,133,Nordeste,Bahia Norte,Ponta do Mangue,-10.639483,-36.678539,NA,NA,NA,NA,NA,1,1,1,1,0.000701432,0.261653992,0.003461307,0,0.018428705,0.284245437,0.926566757
66,134,Nordeste,Bahia Norte,Pontal de Peba,-10.367584,-36.303941,NA,NA,NA,NA,NA,1,1,1,1,2.36E-05,0.244502439,0.001100441,0,0.0339322,0.279558656,0.927897417
67,135,Nordeste,Bahia Norte,Mihai,-10.196728,-36.181642,NA,NA,NA,NA,NA,1,1,1,1,0.000520235,0.402489045,0.007099896,0,0.083177429,0.493286606,0.867216295
68,136,Nordeste,Bahia Norte,Pontal do Coruripe,-10.160775,-36.150664,NA,NA,NA,NA,NA,1,1,1,1,0.000520235,0.400840721,0.007099896,0,0.096212415,0.504673267,0.863983421
69,137,Nordeste,Bahia Norte,Forjos,-10.107662,-36.097672,NA,NA,NA,NA,NA,1,1,1,1,0.000634177,0.295541278,0.007099896,0,0.091444808,0.394720159,0.895201042
70,138,Nordeste,Sergipe-Alagoas,Poxim,-10.063563,-36.040909,NA,NA,NA,NA,NA,1,1,1,1,0.000981365,0.25477944,0.007099896,0,0.055548271,0.318408971,0.91686713
71,139,Nordeste,Sergipe-Alagoas,Jacarecica,-9.916383,-35.945964,NA,NA,NA,NA,NA,1,1,1,1,0.000946251,0.281547572,0.002583549,0,0.157045043,0.442122415,0.881742708
72,140,Nordeste,Sergipe-Alagoas,Praia do Meio,-9.824447,-35.877803,NA,NA,NA,NA,NA,1,1,1,1,0.005292288,0.414629484,0.002583549,0,0.162236051,0.584741372,0.841250679
73,148,Nordeste,Sergipe-Alagoas,Garca Torta,-9.487114,-35.557477,NA,NA,NA,NA,NA,1,1,1,1,0.001683869,0.445207024,0.0062243,0,0.193120383,0.646235576,0.823791393
74,149,Nordeste,Sergipe-Alagoas,Mirante da Sirena,-9.430906,-35.503683,NA,NA,NA,NA,NA,1,1,1,1,0.001564852,0.431718806,0.0062243,0,0.125613408,0.565121366,0.846821143
75,150,Nordeste,Sergipe-Alagoas,JaParátinga,-9.261582,-35.353366,NA,NA,NA,NA,NA,1,1,1,1,0.003734755,0.403768488,0.002179262,0,0.070709809,0.480392314,0.870877211
76,151,Nordeste,Paráíba and Pernambuco,Impossivel,-8.615505,-35.020375,NA,NA,NA,NA,NA,1,1,1,1,0.028372197,0.426457513,0.046170942,0,0.088706044,0.589706695,0.839840936
77,152,Nordeste,Paráíba and Pernambuco,Serrambi,-8.576358,-35.028715,NA,NA,NA,NA,NA,1,1,1,1,0.056077171,0.444197499,0.046170942,0,0.141315,0.687760612,0.812001705
78,153,Nordeste,Paráíba and Pernambuco,Porto de Galinhas,-8.488678,-34.999501,NA,NA,NA,NA,NA,1,1,1,1,0.071923978,0.5220716,0.046170942,0,0.14369561,0.783862131,0.784716795
79,154,Nordeste,Paráíba and Pernambuco,Cupe,-8.479708,-34.996577,NA,NA,NA,NA,NA,1,1,1,1,0.081060153,0.549606948,0.046170942,0,0.157336576,0.834174619,0.770432195
80,157,Nordeste,Rio Grande do Norte,Saji,-6.46688,-34.970449,NA,NA,NA,NA,NA,1,1,1,1,0.002702064,0.152625722,0.001625798,0,0.054812275,0.211765859,0.947144984
81,158,Nordeste,Rio Grande do Norte,Farol,-6.408908,-34.979017,NA,NA,NA,NA,NA,1,1,1,1,0.004110278,0.17836111,0.001625798,0,0.05101285,0.235110036,0.940517162
82,159,Nordeste,Rio Grande do Norte,Xilauzinho,-6.395101,-34.983205,NA,NA,NA,NA,NA,1,1,1,1,0.00331796,0.172172314,0.001625798,0,0.043876363,0.220992436,0.944525396
83,160,Nordeste,Rio Grande do Norte,Mar Aberto,-6.379758,-34.989437,NA,NA,NA,NA,NA,1,1,1,1,0.003269109,0.181822102,0.001625798,0,0.047089432,0.233806441,0.940887275
84,161,Nordeste,Rio Grande do Norte,Pontal,-6.36868,-34.993424,NA,NA,NA,NA,NA,1,1,1,1,0.001856223,0.187478364,0.001625798,0,0.047158051,0.238118436,0.939663024
85,162,Nordeste,Rio Grande do Norte,Mar da Frente,-6.365217,-35.006212,NA,NA,NA,NA,NA,1,1,1,1,0.002155818,0.201922574,0.001625798,0,0.059652806,0.265356996,0.931929518
86,163,Nordeste,Rio Grande do Norte,Lajinha,-6.27896,-35.033028,NA,NA,NA,NA,NA,1,1,1,1,0.009437403,0.329611637,0.001625798,0,0.074460254,0.415135092,0.889404883
87,164,Nordeste,Rio Grande do Norte,Afogados,-6.24435,-35.036464,NA,NA,NA,NA,NA,1,1,1,1,0.01164886,0.392743535,0.001625798,0,0.079519487,0.48553768,0.869416351
88,165,Nordeste,Rio Grande do Norte,Sororoca,-6.238074,-35.035608,NA,NA,NA,NA,NA,1,1,1,1,0.011535894,0.394799862,0.001625798,0,0.077397936,0.48535949,0.869466942
89,166,Nordeste,Rio Grande do Norte,Abacateiro,-6.233891,-35.036747,NA,NA,NA,NA,NA,1,1,1,1,0.011535894,0.399659882,0.003461307,0,0.076538042,0.491195125,0.867810103
90,167,Nordeste,Rio Grande do Norte,Tibau do Sul,-6.180279,-35.089709,NA,NA,NA,NA,NA,1,1,1,1,0.018803588,0.445481288,0.003461307,0,0.12446476,0.592210943,0.839129936
91,168,Nordeste,Rio Grande do Norte,Tabatinga,-6.049479,-35.108238,NA,NA,NA,NA,NA,1,1,1,1,0.025611981,0.425334629,0.168127435,0,0.136057569,0.755131613,0.792873894
92,169,Nordeste,Rio Grande do Norte,Xoxoline,-6.0058,-35.105259,NA,NA,NA,NA,NA,1,1,1,1,0.01870145,0.444309221,0.168127435,0,0.131820417,0.762958523,0.790651696
93,170,Nordeste,Rio Grande do Norte,Pirangi Reef,-5.980259,-35.107796,NA,NA,NA,NA,NA,1,1,1,1,0.015519192,0.459282015,0.168127435,0,0.134399261,0.777327903,0.786571977
94,176,Nordeste,Rio Grande do Norte,Touros Area,-5.197434,-35.45793,NA,NA,NA,NA,NA,1,1,1,1,0.002776492,0.253601182,0.00693991,0,0.081166381,0.344483965,0.90946398
95,177,Nordeste,Rio Grande do Norte,Urca da Concei&ccedil;&atilde;o,-5.069617,-35.800231,NA,NA,NA,NA,NA,1,1,1,1,0.00043086,0.236131728,0,0,0.052021818,0.288584407,0.925334848
96,178,Nordeste,Rio Grande do Norte,Cocoa das Lavadeiras,-5.066515,-35.862005,NA,NA,NA,NA,NA,1,1,1,1,0.00072946,0.239620337,0,0,0.058850681,0.299200478,0.922320759
97,179,Nordeste,Fernando de Noronha,Baia das Ratas,-3.813,-32.393,NA,NA,NA,NA,NA,1,1,1,1,0.009015368,0.262731674,0.001251778,0.095238095,0.024010508,0.392247423,0.895903095
98,184,Nordeste,Ceará,Tabinha,-3.500935,-38.911282,NA,NA,NA,NA,NA,1,1,1,1,0.016334145,0.49736664,0.00885325,0,0.134624443,0.657178477,0.820684511
99,185,Nordeste,Ceará,Pedra do Meio,-3.410858,-39.040807,NA,NA,NA,NA,NA,1,1,1,1,0.011543919,0.449106602,0.00885325,0.047619048,0.136417785,0.653540604,0.821717367
100,186,Nordeste,Ceará,Havaizinho,-3.403507,-39.022171,NA,NA,NA,NA,NA,1,1,1,1,0.005829861,0.448717041,0.00885325,0.047619048,0.112079518,0.623098718,0.830360354
101,187,Nordeste,Ceará,Curral,-3.403353,-39.025868,NA,NA,NA,NA,NA,1,1,1,1,0.005829861,0.449595412,0.00885325,0.047619048,0.117477625,0.629375195,0.828578352
102,188,Nordeste,Ceará,Outside,-3.398539,-39.013306,NA,NA,NA,NA,NA,1,1,1,1,0.005796442,0.455226104,0.00885325,0.047619048,0.101546612,0.619041455,0.831512282
103,189,Nordeste,Maranhão,Atins,-2.555789,-42.727836,NA,NA,NA,NA,NA,1,1,1,1,0.000347445,0.081725063,0.032993761,0,0.035873443,0.150939712,0.964414596
104,195,Sul,Rio Grande do Sul,Hermenegildo,-33.668354,-53.262405,3,3,Right and left,Beach-break,All surfers,2,3,1,3,0.000270169,0.208336907,0.001621474,0,0.036984039,0.247212589,0.937081034
105,196,Sul,Rio Grande do Sul,Navio,-32.290561,-52.258675,3,2,Right and left,Beach-break,All surfers,2,2,1,3,8.29E-05,0.200054443,0.023098443,0,0.017108997,0.240344749,0.939030935
106,197,Sul,Rio Grande do Sul,Tres Marias,-32.192611,-52.085066,5,2,Right and left,Sand-bar,Pros or kamikaze only...,2,2,0,5,0.003011849,0.559725017,0,0,0.070320393,0.633057258,0.827532949
107,198,Sul,Rio Grande do Sul,Praia do Cassino,-32.178337,-52.142143,3,2,Right and left,Sand-bar,All surfers,2,2,1,3,0.006414969,0.52182366,0,0.047619048,0.126536105,0.702393781,0.807847091
108,199,Sul,Rio Grande do Sul,Sao Jose do Norte,-32.008076,-52.01889,3,NA,Right and left,Beach-break,All surfers,2,1,1,3,0.019096795,0.396154707,0,0.095238095,0.12194926,0.632438857,0.827708524
109,200,Sul,Rio Grande do Sul,Quintão,-30.410782,-50.292664,3.5,3,Right and left,Sand-bar,Experienced surfers,2,3,0,3.5,1.78E-06,0.228281584,0.000248626,0,0.055211528,0.283743516,0.926709262
110,201,Sul,Rio Grande do Sul,Nova Tramandaí,-30.045257,-50.150034,3,3,Right and left,Beach-break,All surfers,2,3,1,3,0.007533993,0.507674739,0.008185203,0.047619048,0.178902564,0.749915545,0.794354827
111,202,Sul,Rio Grande do Sul,Oasis Sul,-30.039823,-50.147266,3,3,Right and left,Beach-break,All surfers,2,3,1,3,0.007533993,0.528617814,0.008185203,0.047619048,0.188206401,0.780162458,0.785767197
112,205,Sul,Rio Grande do Sul,Rainha do Mar,-29.859478,-50.064569,3.5,5,Right and left,Beach-break,All surfers,2,5,1,3.5,0.033436889,0.528038687,0.011735151,0,0.179195292,0.752406018,0.793647738
113,206,Sul,Rio Grande do Sul,Xangri-lá,-29.785982,-50.024636,3,3,Right and left,Beach-break,All surfers,2,3,1,3,0.024775845,0.623584619,0.02495341,0,0.210588645,0.883902519,0.75631357
114,207,Sul,Rio Grande do Sul,Atlântida - Pier,-29.784716,-50.022554,3,3,Right and left,Sand-bar,All surfers,2,3,1,3,0.024558905,0.631670095,0.02495341,0,0.209152455,0.890334864,0.754487314
115,208,Sul,Rio Grande do Sul,Capao da Canoa,-29.758677,-50.010967,3,3,Right and left,Sand-bar,All surfers,2,3,1,3,0.02387943,0.644092593,0.02495341,0,0.194368937,0.887294371,0.755350563
116,209,Sul,Rio Grande do Sul,Capao Novo,-29.686972,-49.972559,3,3,Right and left,Beach-break,All surfers,2,3,1,3,0.003409969,0.505078469,0.02495341,0,0.138585189,0.672027036,0.816468744
117,210,Sul,Rio Grande do Sul,Curumim,-29.625605,-49.935745,3,4,Right and left,Beach-break,Experienced surfers,2,4,0,3,0.001607922,0.468521623,0.00533357,0,0.109853173,0.585316288,0.84108745
118,211,Sul,Rio Grande do Sul,Itapeva,-29.372975,-49.78411,3,3,Right and left,Beach-break,All surfers,2,3,1,3,0.049164791,0.547352624,0.004814698,0,0.208932722,0.810264835,0.777220603
119,212,Sul,Rio Grande do Sul,Guarita,-29.357805,-49.733997,3,2,Right and left,Beach-break,All surfers,2,2,1,3,0.036277845,0.597500069,0.004814698,0,0.185429258,0.824021869,0.773314739
120,213,Sul,Rio Grande do Sul,Cal,-29.349421,-49.72985,3.5,3,Right and left,Beach-break,All surfers,2,3,1,3.5,0.036277845,0.586154788,0.004814698,0,0.189114484,0.816361814,0.775489563
121,214,Sul,Rio Grande do Sul,Ilha dos Lobos,-29.346877,-49.704412,5,2,Left,Reef-rocky,Pros or kamikaze only...,1,2,0,5,0.036260964,0.62477104,0.004814698,0,0.164799893,0.830646595,0.771433863
122,215,Sul,Rio Grande do Sul,Prainha,-29.342435,-49.724497,3.5,3,Right and left,Beach-break,Experienced surfers,2,3,0,3.5,0.036277845,0.59148374,0.004814698,0,0.188403125,0.820979407,0.774178547
123,216,Sul,Rio Grande do Sul,Saraiva,-29.340396,-49.723241,3.5,3,Right and left,Beach-break,Experienced surfers,2,3,0,3.5,0.036277845,0.583629744,0.004814698,0,0.188606059,0.813328345,0.776350818
124,217,Sul,Rio Grande do Sul,Molhes,-29.327311,-49.712008,3.5,3,Right and left,Beach-break,All surfers,2,3,1,3.5,0.036239881,0.572081372,0.004814698,0,0.186751678,0.799887628,0.780166874
125,218,Sul,Rio Grande do Sul,Passo de Torres,-29.324159,-49.712416,3.5,2,Right and left,Rivermouth,Experienced surfers,2,2,0,3.5,0.036239881,0.568829653,0.004814698,0,0.188180623,0.798064854,0.780684392
126,219,Sul,Santa Catarina South,Gaivota,-29.164828,-49.582157,3,2,Right and left,Beach-break,Experienced surfers,2,2,0,3,0.002875739,0.483165332,0.006018913,0,0.156652921,0.648712905,0.823088036
127,220,Sul,Santa Catarina South,Arroio do Silva,-28.943866,-49.385605,3.5,2,Right and left,Beach-break,Experienced surfers,2,2,0,3.5,0.004756192,0.538626299,0.014277622,0,0.164595195,0.722255309,0.802208054
128,221,Sul,Santa Catarina South,Morro dos Conventos,-28.937256,-49.329643,3.5,3,Right and left,Beach-break,All surfers,2,3,1,3.5,0.000301236,0.483161606,0.014277622,0,0.079003485,0.57674395,0.843521287
129,222,Sul,Santa Catarina South,Rincão,-28.833847,-49.216003,3.5,4,Right and left,Beach-break,Experienced surfers,2,4,0,3.5,0.0085298,0.599698769,0.02204989,0,0.132436465,0.762714924,0.790720858
130,223,Sul,Santa Catarina South,Jaguaruna,-28.635157,-48.948212,3.5,3,Right and left,Beach-break,All surfers,2,3,1,3.5,0.04975207,0.477832018,0.005787583,0,0.095023992,0.628395663,0.828856458
131,224,Sul,Santa Catarina South,Camacho,-28.615946,-48.859506,3,2,NA,Beach-break,All surfers,1,2,1,3,0.05831876,0.399531403,0.005787583,0,0.079550482,0.543188227,0.853048347
132,225,Sul,Santa Catarina South,Cigana,-28.613535,-48.845387,3,3,Right and left,Beach-break,Experienced surfers,2,3,0,3,0.057043791,0.406527322,0.005787583,0,0.076552439,0.545911134,0.852275266
133,226,Sul,Santa Catarina South,Cardozo,-28.607516,-48.822995,3.5,4,Right and left,Beach-break,All surfers,2,4,1,3.5,0.054675939,0.413141756,0.005787583,0,0.076570683,0.550175961,0.851064407
134,227,Sul,Santa Catarina South,Cemiterio,-28.604342,-48.811998,5,1,Right,Point-break,Pros or kamikaze only...,1,1,0,5,0.049920021,0.419931288,0.005787583,0,0.071138523,0.546777415,0.852029313
135,228,Sul,Santa Catarina South,Prainha do Farol,-28.600442,-48.816655,3,1,Right,Beach-break,All surfers,1,1,1,3,0.054056549,0.400335357,0.005787583,0,0.077819915,0.537999403,0.854521545
136,229,Sul,Santa Catarina South,Ipoa,-28.536689,-48.765521,3,4,Right and left,Beach-break,All surfers,2,4,1,3,0.027911925,0.478992323,0.008634892,0.047619048,0.075715713,0.6388739,0.825881502
137,230,Sul,Santa Catarina South,Teresa,-28.524982,-48.762453,3,3,Right and left,Beach-break,All surfers,2,3,1,3,0.028409043,0.490661482,0.008634892,0.047619048,0.078293195,0.653617659,0.82169549
138,231,Sul,Santa Catarina South,Praia de Cima,-28.49735,-48.748752,3.5,2,Right and left,Beach-break,All surfers,2,2,1,3.5,0.045484805,0.546513526,0.008634892,0.047619048,0.088287286,0.736539556,0.798152505
139,232,Sul,Santa Catarina South,Laguna,-28.473973,-48.762646,3.5,3,Right and left,Beach-break,All surfers,2,3,1,3.5,0.069338519,0.550505765,0.008634892,0.047619048,0.108581364,0.784679587,0.784484704
140,233,Sul,Santa Catarina South,Cavalinho,-28.419032,-48.744278,3.5,3,Right,Point-break,Experienced surfers,1,3,0,3.5,0.073289286,0.584066225,0,0,0.107443324,0.764798834,0.7901292
141,234,Sul,Santa Catarina South,Itapirubá,-28.342309,-48.7078,3.5,4,Right and left,Beach-break,All surfers,2,4,1,3.5,0.044271164,0.547097955,0,0,0.082230049,0.673599168,0.816022388
142,235,Sul,Santa Catarina South,Itapirubá Norte,-28.336776,-48.70471,3.5,3,Right and left,Beach-break,All surfers,2,3,1,3.5,0.041822638,0.552917201,0,0,0.083495115,0.678234954,0.814706207
143,236,Sul,Santa Catarina South,Castelinho,-28.256232,-48.672695,4,4,Right and left,Beach-break,Experienced surfers,2,4,0,4,0.015660308,0.639015783,0,0.095238095,0.123391014,0.8733052,0.759322335
144,237,Sul,Santa Catarina South,Praia da Vila,-28.241149,-48.653877,4,4,Right and left,Sand-bar,Experienced surfers,2,4,0,4,0.010476787,0.676375022,0,0.095238095,0.12109633,0.903186235,0.750838584
145,238,Sul,Santa Catarina South,Ribanceira,-28.191742,-48.661344,3,2,Right and left,Sand-bar,All surfers,2,2,1,3,0.011591507,0.604673909,0.010753618,0.095238095,0.173954933,0.896212063,0.752818674
146,239,Sul,Santa Catarina South,Ibiraquera,-28.153732,-48.645895,4,4,Right and left,Point-break,Experienced surfers,2,4,0,4,0.009839176,0.601536906,0.010753618,0.095238095,0.166267226,0.883635022,0.756389517
147,240,Sul,Santa Catarina South,Rosa Sul,-28.135402,-48.642692,3.5,4,Right and left,Beach-break,All surfers,2,4,1,3.5,0.006956042,0.581770401,0.010753618,0,0.156341572,0.755821633,0.792677985
148,241,Sul,Santa Catarina South,Rosa Norte,-28.124375,-48.637676,3.5,2,Right and left,Beach-break,All surfers,2,2,1,3.5,0.007197799,0.580956858,0.010753618,0,0.162237515,0.76114579,0.791166363
149,242,Sul,Santa Catarina South,Vermelha,-28.114458,-48.635573,3.5,2,Left,Beach-break,Experienced surfers,1,2,0,3.5,0.002937933,0.574660788,0.010753618,0,0.162626202,0.750978541,0.794053024
150,243,Sul,Santa Catarina South,Ouvidor,-28.105449,-48.635273,2,2,Right and left,Beach-break,Beginners wave,2,2,0,2,0.003249671,0.566442242,0.010753618,0,0.178502081,0.758947612,0.791790465
151,244,Sul,Santa Catarina South,Barrinha,-28.085384,-48.630896,3.5,3,Right and left,Beach-break,NA,2,3,1,3.5,0.00633436,0.573939393,0.010753618,0,0.193517189,0.78454456,0.784523041
152,245,Sul,Santa Catarina South,Ferrugem,-28.077736,-48.626604,3.5,4,Right and left,Sand-bar,All surfers,2,4,1,3.5,0.006584535,0.57082665,0.010753618,0,0.186131237,0.774296039,0.787432776
153,246,Sul,Santa Catarina South,Praia do Silveira,-28.039069,-48.606863,4,4,Right,Point-break,Pros or kamikaze only...,1,4,0,4,0.005390168,0.565257121,0.010753618,0,0.134351817,0.715752723,0.804054253
154,247,Sul,Santa Catarina South,Garopaba Centro,-28.021577,-48.619448,3,2,Right and left,Beach-break,All surfers,2,2,1,3,0.006542092,0.555565626,0.010753618,0,0.178388874,0.751250209,0.793975892
155,248,Sul,Santa Catarina South,Siriu,-27.976249,-48.627999,3.5,3,Right and left,Beach-break,All surfers,2,3,1,3.5,0.006664345,0.504999501,0.010753618,0,0.180607909,0.703025373,0.807667771
156,249,Sul,Santa Catarina South,Gamboa,-27.958927,-48.624662,3.5,1,Right and left,Beach-break,All surfers,2,1,1,3.5,0.007435532,0.496128541,0.010753618,0,0.175396642,0.689714332,0.81144701
157,250,Sul,Santa Catarina South,Guarda do embau,-27.905541,-48.586779,4,3,Left,Rivermouth,Experienced surfers,1,3,0,4,0.002558825,0.45314066,0.170633153,0,0.104847557,0.731180195,0.799674122
158,251,Sul,Santa Catarina South,Costão da Pinheira,-27.881077,-48.586543,3.5,1,Right,Point-break,Experienced surfers,1,1,0,3.5,0.002446181,0.421801032,0.170633153,0,0.099720422,0.694600788,0.810059659
159,252,Sul,Florianópolis,Naufragados,-27.83474,-48.566748,5,3,Right,Beach-break,Pros or kamikaze only...,1,3,0,5,0.003614599,0.452261189,0.170633153,0,0.11161989,0.738128831,0.797701282
160,253,Sul,Santa Catarina South,Solidao - Caladinho,-27.793519,-48.533456,3.5,3,Right,Point-break,Experienced surfers,1,3,0,3.5,0.004008682,0.437522683,0.170633153,0,0.070413317,0.682577834,0.813473187
161,254,Sul,Santa Catarina South,Praia dos Açores,-27.784758,-48.525989,3,3,Right and left,Beach-break,All surfers,2,3,1,3,0.004640237,0.430633775,0.170633153,0,0.066446605,0.67235377,0.816375978
162,255,Sul,Florianópolis,Lagoinha do Leste,-27.773576,-48.486528,3.5,4,Right and left,Beach-break,All surfers,2,4,1,3.5,0.004046382,0.431701854,0.170633153,0,0.069753676,0.676135065,0.815302402
163,256,Sul,Florianópolis,Matadeiro,-27.75514,-48.498523,3.5,4,Right and left,Beach-break,Experienced surfers,2,4,0,3.5,0.010369568,0.488970889,0.170633153,0,0.106843971,0.77681758,0.786716866
164,257,Sul,Florianópolis,Armação,-27.741619,-48.508115,3,2,Right and left,Beach-break,All surfers,2,2,1,3,0.023957986,0.550658294,0.170633153,0,0.143953751,0.889203184,0.754808617
165,270,Sul,Florianópolis,Praia do Forte,-27.430747,-48.519659,3.5,1,Right,Point-break,All surfers,1,1,1,3.5,0.023471216,0.587366517,0.021898552,0,0.132349895,0.765086179,0.790047617
166,276,Sul,Santa Catarina North,Tingua,-27.368166,-48.532501,3.5,1,Left,Beach-break,Experienced surfers,1,1,0,3.5,0.009945565,0.515734257,0.021898552,0,0.072878427,0.620456801,0.831110441
167,277,Sul,Santa Catarina North,Palmas,-27.321984,-48.535452,3.5,2,Right and left,Beach-break,Experienced surfers,2,2,0,3.5,0.003973246,0.505668386,0.170633153,0,0.040840901,0.721115687,0.802531613
168,278,Sul,Santa Catarina North,Mariscal,-27.166504,-48.494833,3.5,3,Right and left,Beach-break,All surfers,2,3,1,3.5,0.019603438,0.596829603,0.012057283,0.095238095,0.119733945,0.843462364,0.767795241
169,279,Sul,Santa Catarina North,Quatro Ilhas,-27.156195,-48.482924,3.5,3,Right,Point-break,Experienced surfers,1,3,0,3.5,0.017423714,0.602449937,0.012057283,0.095238095,0.107480945,0.834649975,0.770297233
170,280,Sul,Santa Catarina North,Bombinhas,-27.148367,-48.489532,2,2,Right and left,Beach-break,Beginners wave,2,2,0,2,0.01830013,0.596471481,0.012057283,0.095238095,0.113096366,0.835163356,0.770151475
171,281,Sul,Santa Catarina North,Bombas,-27.140118,-48.506784,3,2,Right and left,Beach-break,All surfers,2,2,1,3,0.020808981,0.643587631,0.012057283,0.095238095,0.133627425,0.905319416,0.750232936
172,301,Sul,Santa Catarina North,molhe de Piçarras,-26.757026,-48.673435,3,1,Right,Point-break,All surfers,1,1,1,3,0.007922444,0.629684798,0.014822438,0,0.252618088,0.905047767,0.750310062
173,302,Sul,Santa Catarina North,Laje do Jacques,-26.726916,-48.67306,4,2,Right and left,Reef-rocky,Experienced surfers,2,2,0,4,0.00577678,0.613414602,0.014822438,0,0.217686883,0.851700702,0.765456232
174,303,Sul,Santa Catarina North,Syphodys,-26.701371,-48.680248,3,2,Right and left,Beach-break,Experienced surfers,2,2,0,3,0.018262436,0.588235419,0.014822438,0,0.232757888,0.854078181,0.764781224
175,304,Sul,Santa Catarina North,ilha do grants,-26.696032,-48.674991,3.5,1,Left,Reef-rocky,Pros or kamikaze only...,1,1,0,3.5,0.018208067,0.586949053,0.014822438,0,0.216217204,0.836196762,0.769858073
176,305,Sul,Santa Catarina North,barra de Itajuba,-26.691345,-48.684164,3,1,Right,Point-break,All surfers,1,1,1,3,0.018138412,0.566402485,0.014822438,0,0.22158118,0.820944515,0.774188454
177,306,Sul,Santa Catarina North,Praia do Sol,-26.679962,-48.688166,2,3,Right and left,Point-break,All surfers,2,3,1,2,0.018686669,0.537750349,0.014822438,0,0.221848413,0.793107869,0.782091767
178,307,Sul,Santa Catarina North,Praia do Tabuleiro,-26.643014,-48.682051,3,2,Right and left,Beach-break,Beginners wave,2,2,0,3,0.018202414,0.533195146,0.00251869,0,0.188134236,0.742050486,0.796587856
179,308,Sul,Santa Catarina North,Canoas,-26.639403,-48.682501,2,3,Right and left,Beach-break,Beginners wave,2,3,0,2,0.018553009,0.528939604,0.00251869,0,0.184784683,0.734795986,0.798647536
180,309,Sul,Santa Catarina North,Barrinha,-26.623905,-48.679991,3.5,3,Right and left,Beach-break,All surfers,2,3,1,3.5,0.01849902,0.511335003,0.00251869,0,0.170814184,0.703166897,0.80762759
181,310,Sul,Santa Catarina North,Foz do Itapocu,-26.580708,-48.663769,3,3,Left,breakwater/jetty,All surfers,1,3,1,3,0.017834264,0.466424813,0.00251869,0,0.125178722,0.611956489,0.833523828
182,311,Sul,Santa Catarina South,Foz do Itapocu,-26.566919,-48.657525,3.5,4,Right and left,Beach-break,All surfers,2,4,1,3.5,0.012426214,0.425241634,0.00251869,0,0.098268903,0.538455441,0.854392068
183,312,Sul,Santa Catarina North,Praia do Bispo,-26.469248,-48.607056,3,4,Right and left,Beach-break,All surfers,2,4,1,3,0.002112617,0.32471616,0.00251869,0,0.08532118,0.414668647,0.889537315
184,313,Sul,Santa Catarina North,Picama,-26.458087,-48.596874,3,3,Right and left,Sand-bar,Experienced surfers,2,3,0,3,0.002269816,0.358242065,0.00251869,0,0.097861371,0.460891943,0.876413709
185,314,Sul,Santa Catarina North,"Praia Grande, São Francisco do Sul",-26.23588,-48.5026,3,3,Right and left,Beach-break,All surfers,2,3,1,3,0.006404056,0.459618532,0.022093129,0.047619048,0.081180408,0.616915172,0.832115971
186,315,Sul,Santa Catarina South,Praia da Saudade,-26.230606,-48.498888,3.5,4,Right and left,Beach-break,All surfers,2,4,1,3.5,0.006404056,0.476789196,0.022093129,0.047619048,0.079872107,0.632777536,0.827612367
187,316,Sul,Santa Catarina South,Sao Francisco do Sul,-26.219558,-48.502107,3,1,Right,Sand-bar,Beginners wave,1,1,0,3,0.006404056,0.493107866,0.012807486,0.095238095,0.08022841,0.687785912,0.811994522
188,317,Sul,Santa Catarina South,Píer da Petrobras,-26.217387,-48.500519,3.5,2,Right,Point-break,All surfers,1,2,1,3.5,0.006404056,0.500697396,0.012807486,0.095238095,0.079235937,0.69438297,0.810121502
189,318,Sul,Santa Catarina North,Sumidouro,-26.169526,-48.552479,3.5,1,Right and left,Beach-break,Experienced surfers,2,1,0,3.5,0.009701914,0.55787614,0.012807486,0.142857143,0.134162466,0.857405148,0.763836639
190,319,Sul,Santa Catarina North,Praia do Forte,-26.163306,-48.53322,3.5,1,Right,Point-break,All surfers,1,1,1,3.5,0.006795392,0.592951034,0.012807486,0.142857143,0.117903443,0.873314498,0.759319695
191,320,Sul,Santa Catarina North,Terceira Pedra,-26.067009,-48.607646,3.5,3,Right,Point-break,All surfers,1,3,1,3.5,0.005245728,0.312587796,0.00731393,0,0.115407255,0.440554709,0.882187807
192,321,Sul,Santa Catarina North,Barra do sai mirim,-26.007832,-48.604061,3,3,Right and left,Beach-break,All surfers,2,3,1,3,0.004607176,0.312109048,0.010459591,0,0.099599207,0.426775021,0.886100103
193,322,Sul,Paraná,Barrinha,-25.976699,-48.590727,3,2,Right,Beach-break,Experienced surfers,1,2,0,3,0.00304802,0.35196542,0.010459591,0,0.083274012,0.448747043,0.87986186
194,323,Sul,Paraná,Guaratuba Praia Brava,-25.897758,-48.564291,3,3,Right and left,Beach-break,All surfers,2,3,1,3,0.016461426,0.513724109,0.010459591,0,0.134496537,0.675141662,0.815584447
195,324,Sul,Paraná,Praia Brava Guaratuba,-25.892817,-48.561459,3.5,3,Right and left,Beach-break,All surfers,2,3,1,3.5,0.016400588,0.529305257,0.010459591,0,0.140758028,0.696923463,0.809400211
196,325,Sul,Paraná,Direitas de Guaratuba,-25.890046,-48.560289,4,2,Right,Point-break,Experienced surfers,1,2,0,4,0.01646251,0.532347243,0.010459591,0,0.144402943,0.703672286,0.807484101
197,326,Sul,Paraná,Pico de Matinhos,-25.817818,-48.529701,3.5,3,Right,Point-break,Experienced surfers,1,3,0,3.5,0.013632365,0.48705325,0.010459591,0,0.123373397,0.634518603,0.827118048
198,327,Sul,Paraná,Ilha do Mel,-25.548327,-48.295383,3.5,3,Right and left,Beach-break,All surfers,2,3,1,3.5,0.003839247,0.238662487,0,0.095238095,0.036087382,0.37382721,0.901132917
199,328,Sul,Paraná,Farolete,-25.515314,-48.286114,3.5,4,Left,Point-break,Experienced surfers,1,4,0,3.5,0.005022618,0.064095448,0,0.047619048,0.022531668,0.139268781,0.967728179
200,329,Sudeste,Sao Paolo South,"Guarau, Peruibe SP",-24.369537,-47.0117,3,4,Right and left,Beach-break,All surfers,2,4,1,3,0.013547137,0.332884664,0.003487251,0,0.144504337,0.494423389,0.866893542
201,330,Sudeste,Sao Paolo South,Pier de Mongaguá,-24.095718,-46.618552,3.5,4,Right and left,Beach-break,All surfers,2,4,1,3.5,0.002971863,0.480153638,0.024203208,0,0.14466583,0.651994539,0.822156322
202,338,Sudeste,Sao Paolo South,"Praia de Pernambuco (Pernambuco Beach, in Guaruja)",-23.963431,-46.184034,3.5,4,Right and left,Beach-break,All surfers,2,4,1,3.5,0.017515131,0.625245381,0.03806357,0,0.172712811,0.853536893,0.764934905
203,339,Sudeste,São Paulo North,Bonete,-23.917383,-45.347786,3.5,4,Right and left,Beach-break,Experienced surfers,2,4,0,3.5,2.76E-05,0.041336659,0.015912069,0,0.01491108,0.072187419,0.986773757
204,340,Sudeste,São Paulo North,Sao Pedro,-23.908522,-46.166581,4,3,Right and left,Sand-bar,All surfers,2,3,1,4,0.003437225,0.469921152,0.03806357,0,0.121301368,0.632723314,0.827627762
205,341,Sudeste,Sao Paolo South,Praia de Iporanga,-23.902192,-46.152725,3.5,2,Left,Reef-rocky,Pros or kamikaze only...,1,2,0,3.5,0.004228277,0.481188315,0.03806357,0,0.109783014,0.633263175,0.827474486
206,342,Sudeste,Sao Paolo South,Taguaíba,-23.896726,-46.151354,3.5,4,Right and left,Beach-break,All surfers,2,4,1,3.5,0.005777366,0.475986818,0.03806357,0,0.111468673,0.631296427,0.82803288
207,343,Sudeste,Sao Paolo South,praia branca,-23.863428,-46.130796,3.5,3,Left,Beach-break,All surfers,1,3,1,3.5,0.004745165,0.451173454,0.03806357,0,0.104071209,0.598053399,0.83747116
208,344,Sudeste,São Paulo North,Castelhanos,-23.857582,-45.288906,3.5,3,Right and left,Beach-break,Experienced surfers,2,3,0,3.5,0.008130505,0.066418225,0.015912069,0,0.036273371,0.12673417,0.971286975
209,345,Sudeste,São Paulo North,Enseada - Bertioga,-23.83986,-46.123674,3,4,Right and left,Beach-break,All surfers,2,4,1,3,0.009125047,0.437674586,0.03806357,0,0.12266559,0.607528793,0.834780929
210,346,Sudeste,São Paulo North,Santiago,-23.819898,-45.54142,3.5,2,Right and left,Beach-break,Experienced surfers,2,2,0,3.5,0.001936252,0.304630886,0.047388129,0,0.043615865,0.397571132,0.8943916
211,347,Sudeste,São Paulo North,Guaecá,-23.819123,-45.4662,3.5,3,Right and left,Beach-break,All surfers,2,3,1,3.5,0.008446451,0.374945175,0.047388129,0.095238095,0.094262624,0.620280474,0.831160503
212,348,Sudeste,São Paulo North,Riviera de São Lourenço,-23.808669,-46.022072,3,3,Right and left,Beach-break,All surfers,2,3,1,3,0.036747099,0.449300851,0.03806357,0,0.106234223,0.630345744,0.828302796
213,349,Sudeste,São Paulo North,Paúba,-23.802819,-45.553168,4,2,Right and left,Beach-break,Pros or kamikaze only...,2,2,0,4,0.002630478,0.295428662,0.047388129,0,0.050218792,0.395666061,0.894932484
214,350,Sudeste,São Paulo North,Itaguaré,-23.796026,-45.991173,3,4,Right and left,Beach-break,All surfers,2,4,1,3,0.036049001,0.408865565,0.03806357,0,0.098390969,0.581369106,0.842208124
215,351,Sudeste,São Paulo North,Maresias,-23.79153,-45.573456,3.5,4,Right and left,Beach-break,All surfers,2,4,1,3.5,0.003424671,0.295505806,0.047388129,0,0.061185909,0.407504516,0.891571338
216,352,Sudeste,São Paulo North,Camburi,-23.778826,-45.649137,3.5,4,Right and left,Beach-break,All surfers,2,4,1,3.5,0.005606512,0.335255467,0.047388129,0,0.061779034,0.450029142,0.879497849
217,353,Sudeste,São Paulo North,Baleia,-23.7776,-45.670217,3.5,3,Right and left,Beach-break,All surfers,2,3,1,3.5,0.004564465,0.34647592,0.047388129,0,0.061799701,0.460228215,0.876602153
218,354,Sudeste,São Paulo North,Guaratuba,-23.772306,-45.922251,3,3,Right and left,Beach-break,Experienced surfers,2,3,0,3,0.006887624,0.323096528,0.03806357,0,0.060758801,0.428806524,0.885523324
219,355,Sudeste,São Paulo North,Juquehy,-23.768065,-45.738144,3,4,Right and left,Beach-break,All surfers,2,4,1,3,0.003409811,0.316873129,0.03806357,0,0.059575767,0.417922279,0.888613552
220,356,Sudeste,São Paulo North,Massaguaçu,-23.590773,-45.334611,3.5,2,Right and left,Beach-break,Experienced surfers,2,2,0,3.5,0.006537137,0.349602919,0.047388129,0,0.117598633,0.521126818,0.859311969
221,357,Sudeste,São Paulo North,Simão,-23.585149,-45.238287,3.5,3,Right,Beach-break,Experienced surfers,1,3,0,3.5,0.004281707,0.351684647,0.047388129,0,0.069549844,0.472904327,0.873003182
222,358,Sudeste,São Paulo North,Praia do sape,-23.531963,-45.222301,3.5,3,Right and left,Beach-break,All surfers,2,3,1,3.5,0.004442963,0.263109766,0.047388129,0,0.084383787,0.399324645,0.893893747
223,359,Sudeste,São Paulo North,Lagoinha,-23.521339,-45.205221,3.5,2,Right and left,Beach-break,Beginners wave,2,2,0,3.5,0.001764771,0.271105329,0.047388129,0,0.082432216,0.402690444,0.892938138
224,360,Sudeste,São Paulo North,Sununga,-23.511344,-45.129433,3.5,3,Right,Beach-break,Pros or kamikaze only...,1,3,0,3.5,0.001846083,0.390421495,0.025813872,0,0.106648315,0.524729765,0.858289029
225,361,Sudeste,São Paulo North,Toninhas,-23.484739,-45.073771,3,2,Right and left,Beach-break,All surfers,2,2,1,3,0.004759487,0.479060856,0.025813872,0.047619048,0.133954186,0.691207448,0.811023088
226,362,Sudeste,São Paulo North,Praia Grande (PG),-23.478835,-45.067291,3,3,Right and left,Beach-break,All surfers,2,3,1,3,0.004782174,0.494179967,0.025813872,0.047619048,0.136643149,0.70903821,0.805960621
227,363,Sudeste,São Paulo North,Praia Grande North,-23.467498,-45.062056,3,3,Left,Beach-break,All surfers,1,3,1,3,0.004903628,0.503061997,0.025813872,0.047619048,0.141249588,0.722648132,0.802096525
228,364,Sudeste,São Paulo North,Vermelha do Centro,-23.463128,-45.049353,3.5,4,Right and left,Beach-break,All surfers,2,4,1,3.5,0.004737429,0.51072694,0.025813872,0.047619048,0.137838752,0.726736041,0.800935896
229,365,Sudeste,São Paulo North,Patiero,-23.456318,-45.021243,3.5,2,NA,Reef-rocky,Experienced surfers,1,2,0,3.5,0.004366013,0.542495669,0.025813872,0.047619048,0.121238157,0.741532758,0.796734848
230,366,Sudeste,São Paulo North,Vermelha do Norte,-23.416982,-45.035877,3,3,Right and left,Beach-break,All surfers,2,3,1,3,0.004227157,0.368447699,0,0.047619048,0.128008179,0.548302083,0.851596433
231,367,Sudeste,São Paulo North,Itamambuca,-23.402332,-45.001459,3.5,4,Right and left,Beach-break,All surfers,2,4,1,3.5,0.003025632,0.265429278,0,0.047619048,0.081258481,0.397332438,0.89445937
232,368,Sudeste,São Paulo North,Praia do Felix,-23.389334,-44.972405,3.5,3,Right and left,Beach-break,All surfers,2,3,1,3.5,8.38E-05,0.149725936,0.025813872,0,0.036008833,0.211632467,0.947182856
233,369,Sudeste,São Paulo North,Brava do Camburi,-23.370963,-44.799859,3,3,Right and left,Beach-break,Experienced surfers,2,3,0,3,9.03E-05,0.082677395,0.017271945,0,0.025088987,0.125128676,0.971742803
234,370,Sudeste,Rio de Janeiro City,Ponta do Cepílio,-23.34399,-44.711781,3.5,3,Right and left,Beach-break,Experienced surfers,2,3,0,3.5,4.90E-05,0.227886193,0.017271945,0,0.03859252,0.28379965,0.926693324
235,371,Sudeste,Rio de Janeiro City,Laranjeiras,-23.33605,-44.674294,3.5,3,Right,Beach-break,All surfers,1,3,1,3.5,0.000523478,0.213376796,0.017271945,0,0.040575436,0.271747655,0.930115097
236,372,Sudeste,Rio de Janeiro City,Martim de Sa,-23.304049,-44.553487,3.5,3,Right and left,Beach-break,All surfers,2,3,1,3.5,0.000428723,0.073978838,0.017271945,0,0.017929602,0.109609107,0.976149082
237,373,Sudeste,Rio de Janeiro Norte,Aventureiro,-23.180132,-44.304428,3.5,4,Left,Point-break,All surfers,1,4,1,3.5,0.00484211,0.092557314,0.108669051,0,0.018270978,0.224339453,0.94357512
238,374,Sudeste,Rio de Janeiro City,Lopes Mendes,-23.171453,-44.12899,3.5,4,Right and left,Beach-break,Experienced surfers,2,4,0,3.5,0.00832468,0.116384422,0.108669051,0.095238095,0.018560399,0.347176647,0.908699481
239,376,Sudeste,Rio de Janeiro City,Laje do Dramin,-23.055999,-44.366816,3.5,2,Left,Reef-rocky,Pros or kamikaze only...,1,2,0,3.5,0.037708698,0.45008849,0.108669051,0.095238095,0.030820839,0.722525173,0.802131435
240,385,Sudeste,Rio de Janeiro City,Mambucaba,-23.029266,-44.519992,3.5,2,Right and left,Sand-bar,All surfers,2,2,1,3.5,0.036136157,0.301336952,0.108669051,0,0.073005336,0.519147496,0.859873933
241,402,Sudeste,Rio de Janeiro Norte,Praia Brava - Pontal do Atalaia,-22.98297,-42.021675,3.5,2,Left,Point-break,Experienced surfers,1,2,0,3.5,0.006159938,0.655844446,0.008297625,0.047619048,0.058897269,0.776818325,0.786716655
242,404,Sudeste,Rio de Janeiro Norte,Praia Grande - Arraial do Cabo,-22.975325,-42.033842,3.5,3,Right and left,Beach-break,All surfers,2,3,1,3.5,0.007276984,0.681194949,0.008297625,0.047619048,0.07690309,0.821291696,0.774089883
243,409,Sudeste,Rio de Janeiro Norte,Ponta Negra - Maricá - RJ,-22.957751,-42.696787,3,3,Right and left,Beach-break,All surfers,2,3,1,3,0.010654056,0.524347877,0.109663555,0.047619048,0.120587462,0.812871998,0.776480383
244,411,Sudeste,Rio de Janeiro Norte,Massambaba,-22.94717,-42.166815,3.5,4,Right and left,Sand-bar,Experienced surfers,2,4,0,3.5,0.00131565,0.687989008,0.008297625,0,0.050325134,0.747927417,0.794919292
245,426,Sudeste,Rio de Janeiro Norte,Laje da Rasa,-22.726395,-41.971464,3,1,NA,Reef-rocky,Experienced surfers,1,1,0,3,0.011552496,0.622928391,0.020227352,0,0.249469359,0.904177599,0.750557118
246,431,Sudeste,Rio de Janeiro Norte,Grussaí,-21.690031,-41.022263,3,3,Right and left,Beach-break,All surfers,2,3,1,3,0.00392728,0.58149341,0,0,0.109173867,0.694594556,0.810061428
247,443,Sudeste,Espírito Santo,Regencia,-19.659239,-39.841576,3.5,4,Right and left,Beach-break,Experienced surfers,2,4,0,3.5,0.000115371,0.27150798,0.037175003,0.047619048,0.024996233,0.381413634,0.898978998
248,444,Sudeste,Espírito Santo,Guriri,-18.739378,-39.746389,3,2,Right and left,Beach-break,All surfers,2,2,1,3,0.000513953,0.4814807,0.004226643,0,0.124250581,0.610471877,0.833945336
249,445,Nordeste,Bahia Sul,Backdoor,-14.840603,-39.001465,3.5,2,Right,Point-break,Experienced surfers,1,2,0,3.5,0.004914619,0.53848122,0,0.047619048,0.123977726,0.714992613,0.804270061
250,446,Nordeste,Bahia Sul,Itacarezinho,-14.370585,-39.006014,3,4,Right and left,Beach-break,All surfers,2,4,1,3,3.67E-05,0.158414244,0.013399864,0,0.053535562,0.225386346,0.943277888
251,447,Nordeste,Bahia Sul,Engenhoca,-14.352541,-39.00095,NA,4,Right and left,Beach-break,All surfers,2,4,1,1,6.39E-05,0.177149309,0.013399864,0,0.057583072,0.248196195,0.936801771
252,448,Nordeste,Bahia Sul,Jeribucaçu,-14.344392,-39.001379,3,4,Right and left,Beach-break,All surfers,2,4,1,3,3.43E-05,0.189291028,0.013399864,0,0.057614105,0.260339288,0.933354133
253,449,Nordeste,Bahia Sul,Prainha,-14.297738,-38.981037,3.5,3,Right and left,Beach-break,All surfers,2,3,1,3.5,2.73E-05,0.242956155,0.013399864,0,0.053395517,0.309778809,0.919317384
254,450,Nordeste,Bahia Sul,Tiririca,-14.28601,-38.982925,3.5,4,Right and left,Beach-break,All surfers,2,4,1,3.5,2.73E-05,0.238724668,0.013399864,0,0.052202255,0.304354061,0.920857566
255,451,Nordeste,Bahia Sul,Praia da Resende,-14.283889,-38.985069,3,4,Right and left,Beach-break,All surfers,2,4,1,3,2.73E-05,0.23345713,0.013399864,0,0.052764385,0.299648653,0.922193514
256,452,Nordeste,Bahia Sul,Boca da Barra,-14.26588,-38.986702,3.5,4,Right,Rivermouth,Experienced surfers,1,4,0,3.5,3.67E-05,0.237868975,0.013399864,0,0.049637838,0.300943407,0.92182591
257,453,Nordeste,Bahia Sul,Pontal,-14.263551,-38.993568,3,4,Right and left,Beach-break,All surfers,2,4,1,3,3.67E-05,0.225044687,0.013399864,0,0.051439274,0.289920555,0.924955492
258,454,Nordeste,Bahia Sul,Praia dos Algodoes,-14.0775,-38.954444,3,3,Right and left,Reef-coral,All surfers,2,3,1,3,3.74E-05,0.150272216,0.003284026,0,0.025494673,0.179088277,0.956422724
259,455,Nordeste,Bahia Sul,Saquaira,-14.041089,-38.948078,3.5,4,Right and left,Beach-break,Experienced surfers,2,4,0,3.5,3.74E-05,0.133676172,0.003284026,0,0.024684008,0.161681568,0.961364795
260,456,Nordeste,Bahia Sul,Taipu de Fora,-13.942398,-38.92662,3,4,Right and left,Beach-break,All surfers,2,4,1,3,0.000143767,0.24982653,0.003284026,0.047619048,0.042140533,0.343013903,0.909881357
261,457,Nordeste,Bahia Sul,Pedra do Moleque,-13.377011,-38.91263,3.5,3,Right,Reef-coral,Experienced surfers,1,3,0,3.5,0.000438611,0.12703752,0.008570033,0,0.039138603,0.175184766,0.957530999
262,464,Nordeste,Bahia Norte,Praia do forte,-12.734415,-38.144445,3.5,4,Right and left,Reef-coral,Experienced surfers,2,4,0,3.5,0.007446147,0.476455519,0.17564459,0,0.15405072,0.813596977,0.776274549
263,465,Nordeste,Bahia Norte,Scar Reef,-12.674941,-38.085174,3.5,2,Right and left,Reef-coral,Experienced surfers,2,2,0,3.5,0.015433218,0.507361441,0.17564459,0,0.165778018,0.864217267,0.761902559
264,466,Nordeste,Bahia Norte,Casinha,-12.556333,-37.988352,3.5,3,Right,Reef-coral,Experienced surfers,1,3,0,3.5,0.007370693,0.483851393,0.17564459,0,0.151335557,0.818202233,0.774967036
265,468,Nordeste,Sergipe-Alagoas,Praia Do Francês,-9.772375,-35.84517,3.5,4,Right and left,Beach-break,All surfers,2,4,1,3.5,0.008607913,0.499472942,0.002583549,0,0.178878398,0.689542803,0.81149571
266,473,Nordeste,Sergipe-Alagoas,Praia do Morro,-9.327169,-35.438531,3.5,4,Right and left,Beach-break,All surfers,2,4,1,3.5,0.000784721,0.355440222,0.0062243,0,0.075842365,0.438291607,0.882830342
267,474,Nordeste,Paráíba and Pernambuco,Maracaipe,-8.525427,-35.006261,4,4,Right and left,Beach-break,Experienced surfers,2,4,0,4,0.066316282,0.479555056,0.046170942,0,0.12963726,0.72167954,0.802371525
268,475,Nordeste,Paráíba and Pernambuco,Borete,-8.499622,-35.003128,3,4,Right and left,Beach-break,All surfers,2,4,1,3,0.072131204,0.499592169,0.046170942,0,0.144192116,0.762086431,0.790899298
269,478,Nordeste,Paráíba and Pernambuco,Tambaba,-7.361306,-34.798406,3,NA,Right and left,Beach-break,All surfers,2,1,1,3,0.005924286,0.416234631,0.004524995,0,0.174813389,0.601497301,0.836493376
270,481,Nordeste,Rio Grande do Norte,Baia Formosa,-6.366994,-35.014801,3.5,3,Right,Point-break,All surfers,1,3,1,3.5,0.002155818,0.204371358,0.001625798,0,0.064139373,0.272292347,0.92996045
271,482,Nordeste,Rio Grande do Norte,Pipa,-6.227699,-35.044627,4,4,Right and left,Beach-break,All surfers,2,4,1,4,0.011618518,0.395756123,0.003461307,0,0.077800609,0.488636557,0.868536525
272,483,Nordeste,Rio Grande do Norte,Lajão,-6.225929,-35.050244,3.5,2,Right,Point-break,Experienced surfers,1,2,0,3.5,0.011662753,0.387701799,0.003461307,0,0.07842025,0.48124611,0.870634803
273,484,Nordeste,Rio Grande do Norte,Madeiro,-6.221044,-35.067995,3.5,3,Right and left,Beach-break,All surfers,2,3,1,3.5,0.011674981,0.391889914,0.003461307,0,0.08683782,0.493864021,0.867052356
274,485,Nordeste,Rio Grande do Norte,Cacimbinhas,-6.21153,-35.0775,3.5,3,Right and left,Beach-break,All surfers,2,3,1,3.5,0.012056696,0.402199589,0.003461307,0,0.099554351,0.517271943,0.860406436
275,486,Nordeste,Rio Grande do Norte,Tabatinga,-6.068866,-35.097198,3,NA,Right and left,NA,NA,2,1,1,3,0.0174184,0.422188361,0.168127435,0,0.105882595,0.713616791,0.804660682
276,489,Nordeste,Ceará,Morro Branco,-4.150763,-38.109727,3,NA,Right and left,Beach-break,All surfers,2,1,1,3,0.003616236,0.466049995,0.015064578,0,0.144396925,0.629127734,0.82864861
277,490,Nordeste,Ceará,Iguape Meio,-3.941302,-38.292251,NA,NA,NA,Beach-break,All surfers,1,1,1,1,0.011312142,0.523295854,0.026287343,0,0.208440911,0.76933625,0.788840947
278,491,Nordeste,Fernando de Noronha,Cacimba do Padre,-3.848947,-32.439537,4,2,Left,Beach-break,Experienced surfers,1,2,0,4,0.009015368,0.247912165,0.001251778,0.095238095,0.02451753,0.377934936,0.899966662
279,492,Nordeste,Fernando de Noronha,Boldró,-3.845457,-32.431694,4,3,Right and left,Reef-coral,Pros or kamikaze only...,2,3,0,4,0.009015368,0.247912165,0.001251778,0.095238095,0.02451753,0.377934936,0.899966662
280,493,Nordeste,Fernando de Noronha,Conceição,-3.841122,-32.418498,3,NA,Right and left,Beach-break,All surfers,2,1,1,3,0.009015368,0.247912165,0.001251778,0.095238095,0.02451753,0.377934936,0.899966662
281,494,Nordeste,Fernando de Noronha,Meio,-3.839607,-32.413289,3,NA,Right and left,NA,All surfers,2,1,1,3,0.009015368,0.247912165,0.001251778,0.095238095,0.02451753,0.377934936,0.899966662
282,495,Nordeste,Fernando de Noronha,Cachorro,-3.838906,-32.411127,3,2,Right,Beach-break,All surfers,1,2,1,3,0.009015368,0.247912165,0.001251778,0.095238095,0.02451753,0.377934936,0.899966662
283,496,Nordeste,Fernando de Noronha,Biboca,-3.835106,-32.403349,3.5,NA,Right,Reef-coral,Experienced surfers,1,1,0,3.5,0.009015368,0.247912165,0.001251778,0.095238095,0.02451753,0.377934936,0.899966662
284,497,Nordeste,Fernando de Noronha,Abras,-3.827602,-32.400581,4,2,Left,Reef-rocky,Experienced surfers,1,2,0,4,0.009015368,0.247912165,0.001251778,0.095238095,0.02451753,0.377934936,0.899966662
285,504,Nordeste,Ceará,Taiba,-3.505663,-38.90527,3,3,Right and left,Point-break,All surfers,2,3,1,3,0.020236797,0.518117401,0.00885325,0,0.141770732,0.68897818,0.811656016
286,505,Nordeste,Ceará,Parácuru,-3.406714,-39.032621,3.5,NA,Right and left,Reef-coral,Experienced surfers,2,1,0,3.5,0.007544181,0.448190776,0.00885325,0.047619048,0.12926334,0.641470594,0.825144255
287,506,Nordeste,Ceará,Jericoacoara,-2.787089,-40.512611,3,3,Right and left,Beach-break,Beginners wave,2,3,0,3,0.001439179,0.363787845,0.005837308,0,0.046624816,0.417689147,0.888679742
288,507,Nordeste,Maranhão,Travosa,-2.358991,-43.243904,3.5,NA,Right and left,Beach-break,All surfers,2,1,1,3.5,0,0.012003128,0.00634537,0,0.007254123,0.025602621,1
289,508,Norte,Pará,marahu,-1.073422,-48.403187,3.5,2,Right and left,Sand-bar,All surfers,2,2,1,3.5,0.010490081,0.400235812,0.243837316,0,0.094661317,0.749224526,0.79455102
290,509,Norte,Pará,Camaraçu,-0.868831,-46.430798,5,4,Right and left,Beach-break,Experienced surfers,2,4,0,5,0,0.017806789,0.016184476,0,0,0.033991265,0.997618317
291,510,Norte,Pará,Araruna,-0.688517,-48.483267,3,3,Right and left,Sand-bar,All surfers,2,3,1,3,0.005054277,0.27400993,0.010950357,0.142857143,0.087635824,0.52050753,0.859487796
292,512,Sul,Rio Grande do Sul,Salinas,-30.154806,-50.192222,2,2,Right and left,Beach-break,All surfers,2,2,1,2,0.000602956,0.450433526,0.007359332,0,0.081484826,0.539880639,0.853987429
293,514,Sul,Rio Grande do Sul,Mariluz,-29.931069,-50.09665,3,3,Right and left,Sand-bar,All surfers,2,3,1,3,0.037539196,0.567077634,0.011735151,0,0.181606666,0.797958646,0.780714546
294,515,Sul,Rio Grande do Sul,Arroio Teixeira,-29.645605,-49.945509,3,3,Right and left,Beach-break,All surfers,2,3,1,3,0.001607922,0.452383737,0.00533357,0,0.104370741,0.56369597,0.847225838
295,516,Sul,Santa Catarina South,Ilha do Batuta,-28.153828,-48.639898,3.5,1,Right,Reef-rocky,Pros or kamikaze only...,1,1,0,3.5,0.007046911,0.609978768,0.010753618,0.095238095,0.157434771,0.880452162,0.757293187
296,517,Sul,Paraná,Brava de Matinhos,-25.834492,-48.535465,3,3,Right and left,Beach-break,All surfers,2,3,1,3,0.014397852,0.521751321,0.010459591,0,0.151969279,0.698578043,0.808930446
297,518,Sul,Paraná,Pontal do Sul,-25.579974,-48.347616,3,3,Right and left,Beach-break,All surfers,2,3,1,3,0.00484215,0.355106871,0.028386611,0.095238095,0.061331372,0.544905099,0.852560897
298,519,Sudeste,Sao Paolo South,Desertinha,-24.43082,-47.048065,3.5,3,Right and left,Beach-break,All surfers,2,3,1,3.5,0.000544528,0.068604036,0.00305702,0,0.02813095,0.100336534,0.978781728
299,521,Sudeste,São Paulo North,Montão do trigo,-23.868587,-45.776427,4,2,Right,Point-break,Experienced surfers,1,2,0,4,0,-1.00E-10,0.034383905,0,0,0.034383905,0.997506839
300,522,Sudeste,São Paulo North,Indaiá - Bertioga,-23.814194,-46.059997,3,1,Right and left,Beach-break,All surfers,2,1,1,3,0.040038884,0.479800037,0.03806357,0,0.137580366,0.695482857,0.809809224
301,523,Sudeste,São Paulo North,Praia Brava,-23.799345,-45.612668,3.5,4,Right and left,Beach-break,Experienced surfers,2,4,0,3.5,0.003999892,0.401585121,0.047388129,0,0.063940269,0.516913411,0.860508229
302,524,Sudeste,São Paulo North,Jureia,-23.7662,-45.790182,3.5,4,Right and left,Beach-break,All surfers,2,4,1,3.5,0.003017655,0.334668238,0.03806357,0,0.064717638,0.440467101,0.882212681
303,525,Sudeste,São Paulo North,Barra do Una - Meio,-23.762623,-45.768425,3,4,Right and left,Beach-break,All surfers,2,4,1,3,0.003559368,0.298791858,0.03806357,0,0.061979596,0.402394392,0.893022192
304,526,Sudeste,São Paulo North,Enseada - Ubatuba,-23.494012,-45.090815,3,2,Right,Beach-break,All surfers,1,2,1,3,0.004706875,0.460504246,0.025813872,0.047619048,0.133449077,0.672093118,0.816449982
305,527,Sudeste,Rio de Janeiro City,Presídio,-23.18531,-44.188924,3.5,3,Right and left,Beach-break,All surfers,2,3,1,3.5,0.009566568,0.072919241,0.108669051,0.095238095,0.02300541,0.309398366,0.919425399
306,532,Sudeste,Rio de Janeiro City,Praia Brava de Angra dos Reis,-23.007446,-44.480341,3,3,Right and left,Beach-break,All surfers,2,3,1,3,0.044101848,0.311408487,0.108669051,0,0.08130089,0.545480275,0.852397594
307,535,Sudeste,Rio de Janeiro Norte,atafona - sao joao da barra,-21.630726,-41.014155,3,3,Right and left,Sand-bar,All surfers,2,3,1,3,0.005048313,0.578469485,0,0,0.096934752,0.680452549,0.814076593
308,537,Nordeste,Bahia Sul,Sirihyba,-14.9551509,-39.0073383,3,4,Right and left,Beach-break,All surfers,2,4,1,3,0.000476961,0.255617639,0,0,0.062307977,0.318402577,0.916868945
309,538,Nordeste,Bahia Sul,Sol do Muta,-13.8818593,-38.9483376,NA,3,Right,Point-break,All surfers,1,3,1,1,0.000247411,0.257227385,0.003284026,0.047619048,0.041711566,0.350089437,0.907872488
310,541,Nordeste,Bahia Norte,Praia das Ondas,-12.596084,-38.028939,3,3,Right and left,Beach-break,All surfers,2,3,1,3,0.014621581,0.492467596,0.17564459,0,0.185215391,0.867949157,0.76084301
311,545,Nordeste,Fernando de Noronha,Laje do Bode,-3.847468,-32.434612,3.5,2,Left,Reef-coral,Experienced surfers,1,2,0,3.5,0.009015368,0.247912165,0.001251778,0.095238095,0.02451753,0.377934936,0.899966662
312,547,Norte,Pará,Atalaia (salinas),-0.596981,-47.293623,3,3,Right and left,Beach-break,All surfers,2,3,1,3,0.014059665,0.417126654,0.008587328,0.047619048,0.103156743,0.590549438,0.839601667
313,548,Norte,Pará,Algodoal,-0.577838,-47.579901,3,2,Right,Beach-break,All surfers,1,2,1,3,0.002018923,0.272966892,0.001740383,0,0.031248756,0.307974954,0.919829531