objectid,name.x,surfline_n.x,normalized_heritage,normalized_priority,normalized_wsr,normalized_protected,normalized_bandeira,normalized_ramsar,response_added,response_index
1,Cardoso,NA,0,0,0,0.6140885611,0,0,0.6140885611,0.2245075699
2,Ravena,NA,0,0,0,0.4254391246,0,0,0.4254391246,0.1555383215
3,Praia da Vila Imbituba,NA,0,0,0,0.4585828123,0,0,0.4585828123,0.1676554805
4,Praia do Porto Imbituba,NA,0,0,0,0.4012873405,0,0,0.4012873405,0.1467085554
5,Ponta da Pinheira,NA,0,0.4183585501,1.0000000029,0.6495478796,0,0,2.0679064326,0.756015789
6,Mocambique,NA,0,0.3071833991,0,0.1307378046,0,0,0.4379212037,0.1601017044
7,Ponta das Canas,NA,0,0.1210590569,0,0.0403449944,0,0,0.1614040513,0.059008478
8,Itagua&ccedil;u,NA,0,0.0894548307,0,0.0417104259,0.6666666667,0,0.7978319233,0.2916831833
9,Ilha Comprida,NA,0.0604974366,0.0458637867,0,0.7313468289,0,0.1438737769,0.9815818291,0.358861189
10,Iguape,NA,0,0,0,0.6940032341,0,0.1986544892,0.8926577233,0.3263510004
11,Peruibe,NA,0.1673915278,0.1830064958,0,0.5966044562,0,0.2285917044,1.1755941842,0.4297910925
12,Praia dos Pescadores,NA,0,0,0,0.3923988667,0,0,0.3923988667,0.1434589758
13,Itanhaem,NA,0,0,0,0.4294066759,0,0,0.4294066759,0.1569888375
14,Praia Grande,NA,0,0.0587910947,0,0.3876541332,0,0,0.4464452279,0.1632180431
15,Praia do Forte dos Andradas,NA,0,1.7856e-5,0,0.3378456423,0.3333333333,0,0.6711968316,0.2453860553
16,Praia do Forte dos Andradas,NA,0,1.7856e-5,0,0.3389375664,0.3333333333,0,0.6722887557,0.2457852571
17,Praia da Ponta Grossa,NA,0,0.0389417113,0,0.2987473366,0.3333333333,0,0.6710223812,0.2453222772
18,Itaipu,NA,0,0.0588500849,0,0.2809892081,0,0,0.339839293,0.1242434702
19,Guaiuba,NA,0,1.239379e-4,0,0.3063932279,0.3333333333,0,0.6398504991,0.2339259999
20,Santos,NA,0,0.0588679409,0,0.2442356602,0.3333333333,0,0.6364369344,0.2326780185
21,Morro do Maluf,NA,0,0,0,0.3598557901,0.3333333333,0,0.6931891234,0.2534263223
22,Praia da Enseada,NA,0,0,0,0.4802577697,0.3333333333,0,0.813591103,0.2974446571
23,Embare,NA,0,0.0402118528,0,0.1626899692,0.3333333333,0,0.5362351553,0.1960447715
24,Gonzaga,NA,0,0.0546847907,0,0.1223688626,0.3333333333,0,0.5103869866,0.186594816
25,Pereque,NA,0,0.1080580176,0,0.4714903364,0,0,0.579548354,0.2118798507
26,Praia Preta,NA,0,0.2448110692,0,0.614327348,0,0,0.8591384172,0.3140965172
27,Praia da Bertioga,NA,0,0.353779374,0,0.6151694635,0,0,0.9689488375,0.3542426332
28,Maresias,NA,0,0.8388288503,0,0.7100929206,0,0,1.5489217709,0.5662777079
29,Canto de Moreira,NA,0,0.6682925655,0,0.6926281483,0,0,1.3609207138,0.4975455035
30,Itaguere,NA,0,0.3150005618,0,0.6438054072,0,0,0.958805969,0.3505344535
31,Boicucanga,NA,0,0.5567171378,0,0.6726646932,0,0,1.229381831,0.4494555751
32,Praia de Baleia,NA,0,0.4936102753,0,0.6358304928,0,0,1.1294407681,0.4129176446
33,Barra do Sahy,NA,0,0.4453778582,0,0.6173983598,0,0,1.062776218,0.3885454334
34,Praia Preta,NA,0,0.4157807739,0,0.6076426441,0,0,1.023423418,0.3741582553
35,Bananas Point,NA,0,0.4532898809,0,0.6083120315,0,0,1.0616019124,0.3881161134
36,Praia do Juquei,NA,0,0.426301959,0,0.6064541024,0,0,1.0327560614,0.3775702209
37,Praia da Borac√©ia,NA,0,0.3027638257,0,0.5989157834,0,0,0.9016796091,0.3296493547
38,Praia Dura,NA,0,0.6524430099,0,0.5645837905,0,0,1.2170268004,0.4449386405
39,Pereque-Acu,NA,0,0.6073288229,0,0.54915598,0,0,1.1564848029,0.4228048025
40,Itamambuca,NA,0,0.5491957857,0,0.6370612742,0,0,1.1862570599,0.4336893841
41,Praia da Fazenda,NA,0,0.6597348088,0,0.886527795,0,0,1.5462626038,0.5653055303
42,Aventureiro,NA,0,0.6585501167,0,0.5274901177,0,0,1.1860402344,0.4336101138
43,Praia do Leste,NA,0,0.9071580302,0,0.7683002378,0,0,1.675458268,0.6125387902
44,Praia do Sul,NA,0,0.8005388726,0,0.6455988299,0,0,1.4461377025,0.5287003894
45,Praia do Meio,NA,0,0.3538797597,0,0.3262381401,0.3333333333,0,1.0134512331,0.3705124766
46,Restinga a Marambaia,NA,0,0.3450064648,0,0.3712245612,0.3333333333,0,1.0495643593,0.3837152469
47,Grumari,NA,0,0.3821329095,0,0.3496416437,0.3333333333,0,1.0651078865,0.3893978792
48,Reserva,NA,0,0.230010254,0,0.2116822995,0.6666666667,0,1.1083592202,0.4052103409
49,Barra da Tijuca,NA,0,0.0532941307,0,0.0778323009,0.3333333333,0,0.4644597649,0.1698040637
50,Barra da Tijuca,NA,0,0.0655957963,0,0.0860722137,0.3333333333,0,0.4850013433,0.1773139575
51,Sao Conrado,NA,0,0.2372197254,0,0.1330020248,0,0,0.3702217502,0.1353511378
52,Bambui,NA,0,0.1137506928,0,0.0895864578,0,0,0.2033371506,0.074339
53,Itaipuacu,NA,0,0.2769634583,0,0.2364048074,0.3333333333,0,0.846701599,0.3095496814
54,Barra de Marica,NA,0,0.0802090326,0,0.0554054763,0,0,0.1356145089,0.049579956
55,Camboinhas,NA,0,0.2344236039,0,0.2308150308,0.3333333333,0,0.798571968,0.2919537398
56,Pirantininga,NA,0,0.16581888,0,0.2215602169,0.3333333333,0,0.7207124302,0.2634886995
57,Jacone,NA,0,0.4045734731,0,0.1264904076,0,0,0.5310638807,0.1941541805
58,Figueira,NA,0,0.1248679999,0,0.5149922572,0,0,0.6398602571,0.2339295674
59,Praia do Fora,NA,0,0.0733490286,0,0.1366358242,0.3333333333,0,0.5433181861,0.1986342906
60,Laje do Pao de Acucar,NA,0,0.066254789,0,0.1342671131,0.3333333333,0,0.5338552354,0.1951746852
61,Canal,NA,0,0.1665633786,0,0.1294943485,0,0,0.2960577271,0.1082371584
62,Praia Seca,NA,0,0.1974630631,0,0.3108066973,0,0,0.5082697604,0.1858207692
63,Caravelas,NA,0,0.1527705671,0,0.3536063514,0.3333333333,0,0.8397102518,0.3069936814
64,Tucuns,NA,0,0.1752209594,0,0.2938130361,0.3333333333,0,0.8023673288,0.2933413039
65,Praia Brava,NA,0,0.1271334362,0,0.0684659288,0,0,0.195599365,0.071510106
66,Marataizes,NA,0,1.461821e-4,0,0.0378326165,0,0,0.0379787986,0.0138848504
67,Ponta do Ubu,NA,0,0.0449306678,0,0.0918217772,0,0,0.136752445,0.0499959795
68,Ponta dos Castelhanos,NA,0,0.0044535301,0,0.0669850171,0,0,0.0714385472,0.0261175597
69,Maimba,NA,0,0.0042691744,0,0.0380632179,0,0,0.0423323923,0.0154765015
70,Praia do Morro,NA,0,0.0296155933,0,0.1050928481,0,0,0.1347084414,0.0492487025
71,Ponta de Bororo,NA,0,0.1116201898,0,0.3133121029,0,0,0.4249322927,0.1553530264
72,Tropical,NA,0,0.107369936,0,0.383372473,0,0,0.490742409,0.1794128611
73,Dunas de Ule,NA,0,0.09666273,0,0.355228714,0,0,0.451891444,0.1652091513
74,Guarapari - Ule,NA,0,0.0952420115,0,0.3530307578,0,0,0.4482727693,0.1638861827
75,Ponta da Fruta,NA,0,0.0519165699,0,0.270658054,0,0,0.3225746239,0.1179315974
76,Coral Dois,NA,0,0.0272079213,0,0.0858265984,0,0,0.1130345197,0.0413248299
77,Ponta da Belina,NA,0,0.0272079213,0,0.0814625668,0,0,0.1086704881,0.0397293628
78,Coral Um,NA,0,0.0272079213,0,0.0715846085,0,0,0.0987925298,0.0361180328
79,Barrinha,NA,0,0.0274054672,0,0.0508350983,0,0,0.0782405655,0.028604342
80,Praia de Camburi,NA,0,0.0876244524,0,0.1340752911,0.3333333333,0,0.5550330768,0.2029171934
81,Velzyland,NA,0,0.013623518500000001,0,0.092132992,0,0,0.1057565105,0.0386640278
82,Ponta da Cacao,NA,0,4.701039e-4,0,0.0573430619,0,0,0.0578131658,0.0211361914
83,"Manguinhos, Brazil",NA,0,0,0,0.0524529938,0,0,0.0524529938,0.0191765405
84,Praia da Baleia,NA,0,0,0,0.0849145506,0,0,0.0849145506,0.0310443161
85,Jacaraipe - Solemar,NA,0,0,0,0.2637524428,0,0,0.2637524428,0.0964265152
86,Xa,NA,0,0,0,0.269829938,0,0,0.269829938,0.0986484157
87,Nova Almeida,NA,0,0.073890944,0,0.2791325465,0,0,0.3530234905,0.1290635439
88,Praia Grande,NA,0,0.1065493782,0,0.286048464,0,0,0.3925978422,0.1435317202
89,Regencia,NA,0,0,0,0,0,0,0,0
90,Guriri,NA,0,0.0313737634,0,0,0,0,0.0313737634,0.011470084
91,Milionarios,NA,0,0.1626858227,0,0.0105829231,0,0,0.1732687458,0.0633461483
92,Sul,NA,0,0.174457878,0,0.0283149865,0,0,0.2027728645,0.0741327
93,Pedra da Cachorra,NA,0,0.1774276693,0,0.040503867,0,0,0.2179315363,0.0796746312
94,Jardim Atlantico,NA,0,0.1777626768,0,0.048022857100000003,0,0,0.2257855339,0.0825460117
95,Baduska,NA,0,0.1782320726,0,0.0558104134,0,0,0.234042486,0.0855647102
96,Norte,NA,0,0.0410801544,0,0.5070756947,0,0,0.5481558491,0.2004029149
97,Havaizinho,NA,0,0.2806668894,0,0.6152426622,0,0,0.8959095516,0.3275398518
98,Sao Jose,NA,0,0.0910789445,0,0.5092885333,0,0,0.6003674778,0.2194912136
99,Corals,NA,0,0.0396899327,0,0.4796632997,0,0,0.5193532324,0.1898728287
100,Tony,NA,0,0.1137375867,0,0.1362148487,0,0,0.2499524354,0.0913813046
101,Meridien,NA,0,0.1183512758,0,0.1229971881,0,0,0.2413484639,0.0882357376
102,Amaralina,NA,0,0.1271099873,0,0.0827260251,0,0,0.2098360124,0.07671495
103,Tubao,NA,0,0.1276452256,0,0.0599920667,0,0,0.1876372923,0.0685992139
104,Psiu,NA,0,0.1198055667,0,0.0204506825,0,0,0.1402562492,0.051276952
105,Alex,NA,0,0.0799652702,0,0.0386240608,0,0,0.118589331,0.0433556399
106,Terceira Ponte,NA,0,0.0957376056,0,0.0568994399,0,0,0.1526370455,0.0558033065
107,SESC,NA,0,0.0924873156,0,0.0677174548,0,0,0.1602047704,0.0585700272
108,Farol,NA,0,0.1185014167,0,0.1363710273,0,0,0.254872444,0.0931800341
109,Pedro do Sal,NA,0,0.150099439,0,0.1530689441,0,0,0.3031683831,0.1108367771
110,Itapoa,NA,0,0.103032147,0,0.1067631582,0,0,0.2097953052,0.0767000676
111,Seper,NA,0,0.1682078865,0,0.1650378675,0,0,0.333245754,0.1218329068
112,Corrente,NA,0,0.1885518394,0,0.1786635562,0,0,0.3672153956,0.1342520303
113,Stela Maris,NA,0,0.1982710234,0,0.1853100329,0,0,0.3835810563,0.1402352304
114,Plator,NA,0,0.207871268,0,0.1980058842,0,0,0.4058771522,0.1483865665
115,Aleluia,NA,0,0.3319405176,0,0.281236199,0,0,0.6131767166,0.2241742044
116,Ipitanga,NA,0,0.3580300764,0,0.2972807014,0,0,0.6553107778,0.239578197
117,Vilas,NA,0,0.4501062242,0,0.3873966012,0,0,0.8375028254,0.3061866579
118,Busca Vida,NA,0,0.5866183943,0,0.473561936,0,0,1.0601803303,0.3875963904
119,Itacimirim,NA,0,0.827324713,0,0.6057773683,0.6666666667,0,2.099768748,0.7676644851
120,Praia do Forte,NA,0,0.7350510471,0,0.7225600762,0.3333333333,0,1.7909444566,0.65475993750000006
121,Imbassai,NA,0,0.6166964505,0,0.8859434888,0,0,1.5026399393,0.549357312
122,Costa do Sauipe,NA,0,0.4683549781,0,0.8888542133,0,0,1.3572091914,0.4961885903
123,Marlin,NA,0,0.1648149252,0,0.8833508751,0,0,1.0481658003,0.383203941
124,Conde,NA,0,0.1007988082,0,0.8805304352,0,0,0.9813292434,0.3587688449
125,Mangue Seco,NA,0,0.0364336123,0,0.542411567,0,0,0.5788451793,0.2116227737
126,Mosqueiro,NA,0,0.0500569174,0,0.0223952281,0,0,0.0724521455,0.0264881259
127,Aruana,NA,0,0.0027653522,0,0.0011284398,0,0,0.003893792,0.00142355
128,Hawaiizinho,NA,0,0.0083059524,0,0.0044778156,0,0,0.012783768,0.0046736788
129,Praia do Meio,NA,0,0.0083059524,0,0.0050867585,0,0,0.0133927109,0.0048963051
130,Pirambu,NA,0,0.0605876536,0,0.0586065205,0,0,0.1191941741,0.0435767674
131,Ponta do Mangue,NA,0,0.1592708128,0,0.0718513008,0,0,0.2311221136,0.0844970374
132,Pontal de Peba,NA,0,0.1223334924,0,0.3456918655,0,0,0.4680253579,0.1711076259
133,Mihai,NA,0,0.2068011277,0,0,0,0,0.2068011277,0.075605412
134,Pontal do Coruripe,NA,0,0.2140142014,0,4.079624e-4,0,0,0.2144221638,0.0783916229
135,Forjos,NA,0,0.2350751742,0,0.003375856,0,0,0.2384510302,0.087176451
136,Poxim,NA,0,0.17446828650000001,0,0.1485371338,0,0,0.3230054203,0.1180890943
137,Jacarecica,NA,0,0.0905525633,0,0.1064928484,0,0,0.1970454117,0.0720387732
138,Praia do Meio,NA,0,0.0588099021,0,0.0410315093,0,0,0.0998414114,0.0365014984
139,Praia do Pontal,NA,0,0.0062048211,0,0.2072567935,0,0,0.2134616146,0.0780404512
140,Salgema,NA,0,0,0,0.0966774926,0,0,0.0966774926,0.0353447863
141,Pier do Emissario,NA,0,0,0,0.0868611034,0,0,0.0868611034,0.0317559656
142,Praia do Sobral,NA,0,5.78815e-5,0,0.0749140052,0,0,0.0749718867,0.0274093301
143,"Pico da Barra, Brazil",NA,0,0,0,0.0387834543,0,0,0.0387834543,0.0141790283
144,Pedra Virada,NA,0,0.009537246,0,0.0647650169,0,0,0.0743022629,0.0271645192
145,Praia de Jatiuca,NA,0,0.1037090282,0,0.3813514532,0,0,0.4850604814,0.1773355781
146,Garca Torta,NA,0,0.152735233,0,0.4805348536,0,0,0.6332700866,0.2315202355
147,Mirante da Sirena,NA,0,0.1698489508,0,0.547942556,0,0,0.7177915068,0.2624208252
148,Japaratinga,NA,0,0.1630898516,0,0.5197554046,0.3333333333,0,1.0161785895,0.3715095838
149,Impossivel,NA,0,0.6398976958,0,0.7718691474,0,0,1.4117668432,0.5161345828
150,Serrambi,NA,0,0.5603168095,0,0.5439943263,0,0,1.1043111358,0.4037303823
151,Porto de Galinhas,NA,0,0.1797739464,0,0.148661273,0,0,0.3284352194,0.1200742005
152,Cupe,NA,0,0.1540716719,0,0.1194621933,0,0,0.2735338652,0.1000025522
153,Gaibu,NA,0,0.0842764867,0,0.03682886,0,0,0.1211053467,0.0442754821
154,Bessa,NA,0,0.4610844719,0,0.022454478,0,0,0.4835389499,0.1767793141
155,Saji,NA,0,0.1223290319,0,0.0490071784,0,0,0.1713362103,0.0626396234
156,Farol,NA,0,0.2128000027,0,0.0599028682,0,0,0.2727028709,0.099698745
157,Xilauzinho,NA,0,0.2537130314,0,0.0599028682,0,0,0.3136158996,0.1146563346
158,Mar Aberto,NA,0,0.2928069697,0,0.0599028682,0,0,0.3527098379,0.1289488742
159,Pontal,NA,0,0.3023367152,0,0.0599028682,0,0,0.3622395834,0.1324328994
160,Mar da Frente,NA,0,0.3347633454,0,0.0603421056,0,0,0.395105451,0.1444484889
161,Lajinha,NA,0,0.0950604056,0,0.074059872,0,0,0.1691202776,0.06182949
162,Afogados,NA,0,0.0316360531,0,0.1071495656,0,0,0.1387856187,0.0507392972
163,Sororoca,NA,0,0.0270822519,0,0.1119243237,0,0,0.1390065756,0.0508200779
164,Abacateiro,NA,0,0.0230326188,0,0.1182974758,0,0,0.1413300946,0.0516695443
165,Tibau do Sul,NA,0,0.0060295147,0,0.3112755634,0,0,0.3173050781,0.116005079
166,Tabatinga,NA,0,0.0466723391,0,0.459559679,0,0,0.5062320181,0.1850757813
167,Xoxoline,NA,0,0.0466723391,0,0.3404479936,0,0,0.3871203327,0.1415291713
168,Pirangi Reef,NA,0,0.0466723391,0,0.2731849315,0,0,0.3198572706,0.1169381472
169,Cotovelo,NA,0,0.0378600583,0,0.2887789939,0,0,0.3266390522,0.1194175311
170,Miami,NA,0,0.1803656343,0,0.0273492134,0,0,0.2077148477,0.0759394632
171,Areia Preta,NA,0,0.1869365833,0,0.0322303858,0,0,0.2191669691,0.080126299
172,Praia dos Artistas,NA,0,0.2020950139,0,0.0488345687,0,0,0.2509295826,0.0917385445
173,Genipabu,NA,0,0.1394012532,0,0.0550100085,0,0,0.1944112617,0.0710757417
174,Touros Area,NA,0,0.2145329311,0,0.4134301647,0,0,0.6279630958,0.2295800274
175,Urca da Concei&ccedil;&atilde;o,NA,0,0,0,0,0,0,0,0
176,Cocoa das Lavadeiras,NA,0,0,0,0,0,0,0,0
177,Baia das Ratas,NA,0.8033541823,0,0,0.7981475171,0,0.5457188123,2.1472205117,0.785012602
178,Volta da Jurema,NA,0,0.0845121119,0,0.0383616382,0,0,0.1228737501,0.0449220011
179,Portao,NA,0,0.0731488025,0,0.034308545,0,0,0.1074573475,0.0392858449
180,Barra do Ceara,NA,0,0.0890177847,0,0.0917598035,0,0,0.1807775882,0.0660913419
181,Praia do Pecem,NA,0,0.0632995533,0,0.1190280091,0,0,0.1823275624,0.0666580043
182,Tabinha,NA,0,0.0097160719,0,0.2618648543,0,0,0.2715809262,0.0992885679
183,Pedra do Meio,NA,0,0,0,0.0130445657,0,0,0.0130445657,0.0047690251
184,Havaizinho,NA,0,0,0,0.029568489,0,0,0.029568489,0.0108100851
185,Curral,NA,0,0,0,0.025258685,0,0,0.025258685,0.0092344433
186,Outside,NA,0,0,0,0.0340983542,0,0,0.0340983542,0.0124661802
187,Atins,NA,0,0,0,0.3645644553,0,0.6000029507,0.964567406,0.3526408047
188,Ponta d'Areia,NA,0,0,0,0.0730820639,0,0.9204687807,0.9935508446,0.3632369985
189,S&atilde;o Marcos,NA,0,0,0,0.0474411519,0,0.7105970696,0.7580382215,0.2771348138
190,Calhau,NA,0,0,0,0.0359569325,0,0.4176131444,0.4535700769,0.1658228507
191,Olho D'Agu,NA,0,0,0,0.0846676054,0,0.4680688826,0.552736488,0.2020775725
192,Ponta do Farol,NA,0,0,0,0.3826929148,0,0.7079985018,1.0906914166,0.3987510842
193,NA,NA,0,0.037847697,0,0,0,0,0.037847697,0.0138369203
194,NA,NA,0,0.0325139571,0,0,0,0,0.0325139571,0.0118869329
195,NA,NA,0,0.0465171822,0,7.103168e-4,0,0,0.047227499,0.0172661269
196,NA,NA,0,0.0513541524,0,0.0145437265,0,0,0.0658978789,0.0240919203
197,NA,NA,0,0.0183040928,0,0,0,0,0.0183040928,0.0066918807
198,NA,NA,0,0,0,0,0,0,0,0
199,NA,NA,0,0,0,0,0,0,0,0
200,NA,NA,0,0,0,0,0,0,0,0
201,NA,NA,0,0,0,0,0,0,0,0
202,NA,"Tramandai Pier, Northside",0,0,0,0,0,0,0,0
203,NA,NA,0,0,0,0,0,0,0,0
204,NA,NA,0,0,0,0,0,0,0,0
205,NA,NA,0,0,0,0,0,0,0,0
206,NA,NA,0,0,0,0,0,0,0,0
207,NA,NA,0,8.916966e-4,0,0,0,0,8.916966e-4,3.259996e-4
208,NA,NA,0,0.0305838644,0,0,0,0,0.0305838644,0.0111813011
209,NA,NA,0,0.3015528872,0,0.0332874549,0,0,0.3348403421,0.1224158799
210,NA,NA,0,0.1797023024,0,0.0335918841,0,0,0.2132941865,0.0779792403
211,NA,NA,0,0.1696706873,0,0.0335918841,0,0,0.2032625714,0.0743117343
212,NA,NA,0,0.1220028531,0,0.0335918841,0,0,0.1555947372,0.0568846231
213,NA,NA,0,0.1562603993,0,0.0335918841,0,0,0.1898522834,0.069409003
214,NA,NA,0,0.1530856211,0,0.0335918841,0,0,0.1866775052,0.0682483207
215,NA,NA,0,0.1249036328,0,0.0335918841,0,0,0.1584955169,0.057945133
216,NA,NA,0,0.1215121038,0,0.0335103666,0,0,0.1550224704,0.0566754053
217,NA,NA,0,0,0,0,0,0,0,0
218,NA,NA,0,9.195276e-4,0,4.113968e-4,0,0,0.0013309244,4.86579e-4
219,NA,NA,0,0,0,0,0,0,0,0
220,NA,NA,0,0,0,0.166669317,0,0,0.166669317,0.0609334316
221,NA,NA,0,0,0,0.4417290483,0,0,0.4417290483,0.1614938325
222,NA,NA,0,0,0,0.6369863144,0,0,0.6369863144,0.2328788689
223,NA,NA,0,0,0,0.6415988215,0,0,0.6415988215,0.2345651774
224,NA,NA,0,0,0,0.6250994079,0,0,0.6250994079,0.228533078
225,NA,NA,0,0,0,0.6035607939,0,0,0.6035607939,0.2206586733
226,NA,NA,0,0,0,0.6319699726,0,0,0.6319699726,0.2310449206
227,NA,NA,0,0,0,0.5087185928,0,0,0.5087185928,0.18598486
228,NA,NA,0,0,0,0.4948947142,0,0,0.4948947142,0.1809309222
229,NA,NA,0,0,0,0.4605491431,0,0,0.4605491431,0.1683743608
230,NA,NA,0,0,0,0.4467343779,0,0,0.4467343779,0.1633237548
231,NA,NA,0,0,0,0.4147562689,0,0,0.4147562689,0.1516327252
232,NA,NA,0,0,0,0.4759869585,0,0,0.4759869585,0.1740183455
233,NA,NA,0,0,0,0.4751237937,0,0,0.4751237937,0.1737027769
234,NA,NA,0,0,0,0.4186653576,0,0,0.4186653576,0.1530618676
235,NA,NA,0,0,0,0.4640297132,0,0,0.4640297132,0.1696468391
236,NA,NA,0,0,0,0.3627797198,0,0,0.3627797198,0.1326303704
237,NA,NA,0,0,0,0.4254355756,0,0,0.4254355756,0.155537024
238,NA,NA,0,0,0,0.4339805479,0,0,0.4339805479,0.1586610212
239,NA,NA,0,0,0,0.4421680762,0,0,0.4421680762,0.1616543388
240,NA,NA,0,0,0,0.4343151724,0,0,0.4343151724,0.1587833582
241,NA,NA,0,0,0,0.4155987466,0,0,0.4155987466,0.1519407307
242,NA,NA,0,0.0055014902,0,0.4071413452,0,0,0.4126428354,0.150860065
243,NA,NA,0,0.0152705418,0,0.424960285,0,0,0.4402308268,0.1609460905
244,NA,Silveira Garopaba,0,0.0365303474,0,0.4909968411,0,0,0.5275271885,0.1928611843
245,NA,NA,0,0.0517126383,0,0.4288575272,0,0,0.4805701655,0.175693942
246,NA,NA,0,0.2328363813,0.5858334332,0.4090614049,0,0,1.2277312194,0.4488521202
247,NA,NA,0,0.3045781341,0.997146346,0.4431494827,0,0,1.7448739628,0.6379168056
248,NA,Guarda do Embauacute,0,0.4138948257,1.0000000029,0.6576849386,0,0,2.0715797672,0.757358741
249,NA,Ponta da Pinheira,0,0.4566809295,1.0000000029,0.6246334497,0,0,2.0813143821,0.7609176653
250,NA,NA,0,0.3711864809,0.6829272385,0.5531132185,0,0,1.6072269379,0.5875937724
251,NA,NA,0,0.2946634737,0,0.4566838415,0,0,0.7513473152,0.2746886534
252,NA,NA,0,0.2958380838,0,0.4122157541,0,0,0.7080538379,0.2588607843
253,NA,NA,0,0.2531706818,0,0.3650191381,0,0,0.6181898199,0.2260069687
254,NA,NA,0,0.2703770931,0,0.2915134103,0,0,0.5618905034,0.2054242327
255,NA,NA,0,0.2855073403,0,0.2476222317,0,0,0.533129572,0.1949093865
256,NA,NA,0,0.2981242836,0,0.2095364746,0,0,0.5076607582,0.1855981212
257,NA,NA,0,0.3130098209,0,0.2017421703,0,0,0.5147519912,0.1881906389
258,NA,NA,0,0.3019321916,0,0.1787781416,0,0,0.4807103332,0.1757451866
259,NA,NA,0,0.2884847066,0,0.1701932139,0,0,0.4586779205,0.1676902516
260,NA,NA,0,0.3077986461,0,0.1484936996,0,0,0.4562923457,0.1668180979
261,NA,NA,0,0.321826658,0,0.1605369808,0,0,0.4823636388,0.1763496265
262,NA,NA,0,0.3097012244,0,0.1566569289,0,0,0.4663581533,0.1704981046
263,NA,NA,0,0.3569310215,0,0.174217328,0,0,0.5311483495,0.1941850619
264,NA,NA,0,0.3856293985,0,0.1766758132,0,0,0.5623052117,0.2055758479
265,NA,NA,0,0.2656645419,0,0.0985647738,0,0,0.3642293157,0.1331603351
266,NA,NA,0,0.2087587641,0,0.0765873086,0,0,0.2853460727,0.1043210335
267,NA,NA,0,0.2569707078,0,0.1330688974,0,0,0.3900396052,0.1425964421
268,NA,NA,0,0.2443600194,0,0.1699134757,0.3333333333,0,0.7476068284,0.273321151
269,NA,NA,0,0.2035007157,0,0.0650875879,0,0,0.2685883036,0.0981944807
270,NA,NA,0,0.1530776626,0,0.0466481693,0,0,0.1997258319,0.0730187208
271,NA,NA,0,0.1050110426,0,0.0321666751,0,0,0.1371777177,0.050151457
272,NA,NA,0,0.087966484,0,0.0269151126,0,0,0.1148815966,0.0420001116
273,NA,NA,0,0.1411249467,0,0.1113414823,0.3333333333,0,0.5857997623,0.2141653329
274,NA,NA,0,0.0676510492,0,0.0394885722,0.3333333333,0,0.4404729547,0.1610346112
275,NA,NA,0,0.1111415632,0,0.0278607585,1,0,1.1390023217,0.4164132987
276,NA,NA,0,0.1265901165,0,0.0418421733,1,0,1.1684322898,0.4271727413
277,NA,NA,0,0.0962468526,0,0.0234880897,1,0,1.1197349423,0.4093692454
278,NA,NA,0,0.0793494141,0,0.0018377986,1,0,1.0811872127,0.3952763969
279,NA,NA,0,0.0534737786,0,0.0766830503,0.6666666667,0,0.7968234956,0.2913145074
280,NA,NA,0,0.0451798122,0,0.0764547627,0.6666666667,0,0.7883012416,0.2881988159
281,NA,NA,0,0.024283654,0,0.0734871665,0.6666666667,0,0.7644374872,0.2794743519
282,NA,NA,0,0.0102569902,0,0.0626613468,0.6666666667,0,0.7395850037,0.2703884138
283,NA,NA,0,0.0102569902,0,0.0392720958,0.6666666667,0,0.7161957527,0.2618374258
284,NA,NA,0,0.0102569902,0,0.0173989297,0.6666666667,0,0.6943225866,0.2538407105
285,NA,Camboriu,0,0.0102569902,0,0.008556613,0.6666666667,0,0.6854802699,0.2506080057
286,NA,NA,0,0.0102569902,0,0.0050203609,0.6666666667,0,0.6819440178,0.2493151704
287,NA,NA,0,0.0102471727,0,0.0019892908,0,0,0.0122364635,0.0044735871
288,NA,NA,0,0.0051285293,0,0.0019892908,0,0,0.0071178201,0.0026022378
289,NA,NA,0,6.03302e-4,0,0.0014212786,0,0,0.0020245806,7.401761e-4
290,NA,NA,0,0,0,0.0015735107,0,0,0.0015735107,5.752673e-4
291,NA,NA,0,0,0,0.0015735107,0,0,0.0015735107,5.752673e-4
292,NA,NA,0,0,0,0.0015735107,0,0,0.0015735107,5.752673e-4
293,NA,NA,0,0,0,0.0011080988,0,0,0.0011080988,4.051151e-4
294,NA,NA,0,0,0,3.969547e-4,0.6666666667,0,0.6670636214,0.2438749753
295,NA,NA,0,0,0,3.969547e-4,0.6666666667,0,0.6670636214,0.2438749753
296,NA,NA,0,0,0,0.0024352373,1,0,1.0024352373,0.3664850861
297,NA,NA,0,0,0,0.0022822864,1,0,1.0022822864,0.366429168
298,NA,NA,0,0,0,0.0021943975,1,0,1.0021943975,0.3663970363
299,NA,NA,0,0,0,0.0021943975,0.6666666667,0,0.6688610642,0.244532111
300,NA,NA,0,0,0,0.002391996,0.6666666667,0,0.6690586627,0.2446043519
301,NA,NA,0,0,0,0.003218073,0.6666666667,0,0.6698847397,0.2449063614
302,NA,NA,0,0,0,0.0052572679,0.6666666667,0,0.6719239346,0.2456518804
303,NA,NA,0,0,0,0.0057193644,0.3333333333,0,0.3390526977,0.1239558951
304,NA,NA,0,0.004131605,0,0.0035249669,0,0,0.0076565719,0.0027992027
305,NA,NA,0,0.008865653,0,0.0035249669,0,0,0.0123906199,0.0045299459
306,NA,NA,0,0.0254761133,0,0.0035249669,0,0,0.0290010802,0.0106026434
307,NA,NA,0,0.126009867,0,0.0035249669,0,0,0.1295348339,0.0473572586
308,NA,NA,0,0.1889735823,0,0.0012842438,0,0,0.1902578261,0.0695572673
309,NA,NA,0,0.1043803115,0,0.0030948099,0,0,0.1074751214,0.0392923429
310,NA,Praia Grande,0,0.1941647654,0,0.0943869272,0.6666666667,0,0.9552183593,0.3492228421
311,NA,NA,0,0.1721614555,0,0.084971101,0.6666666667,0,0.9237992232,0.3377361701
312,NA,NA,0,0.1532045778,0,0.0750665013,0.6666666667,0,0.8949377458,0.3271845647
313,NA,NA,0,0.1441361825,0,0.0710619408,0.6666666667,0,0.88186479,0.3224051604
314,NA,NA,0,0.0513988631,0,0.0164971945,0.6666666667,0,0.7345627243,0.2685522947
315,NA,NA,0,0.0196344474,0,0.0097840502,0.6666666667,0,0.6960851643,0.2544850997
316,NA,NA,0,0.4942476847,0,0.0091972263,0,0,0.503444911,0.1840568295
317,NA,NA,0,0.5682931768,0,0.1491383446,0,0.0950797625,0.8125112839,0.2970498808
318,NA,NA,0,0.4872970527,0,0.2720509605,0,0.2052917157,0.9646397289,0.3526672456
319,NA,NA,0,0.2485904634,0,0.397922167,0,0.3982460532,1.0447586836,0.3819583169
320,NA,Guaratuba,0,0.2436742391,0,0.3935722496,0,0.3935771997,1.0308236884,0.3768637555
321,NA,Matinos,0,0.1560797676,0,0.2484122196,0,0.1911805987,0.5956725859,0.2177747856
322,NA,NA,0.0228042095,0.0085812503,0,0.0038391561,0,0,0.0352246159,0.0128779356
323,NA,NA,0.2780024097,0.2155978198,0,0.1468379599,0,7.43879e-4,0.6411820684,0.2344128147
324,NA,NA,0.4908745084,0.3813885108,0,0.3579855963,0,7.43879e-4,1.2309924945,0.4500444253
325,NA,NA,0.6143122801,0.6760485145,0,0.8120974386,0,0.3706450783,2.4731033115,0.9041536512
326,NA,Mongagua,0,0.3059990543,0,0.5255961247,0,0,0.831595179,0.3040268532
327,NA,NA,0,0,0,0.349562469,0.3333333333,0,0.6828958023,0.2496631379
328,NA,NA,0,0,0,0.3493045179,0.3333333333,0,0.6826378512,0.2495688323
329,NA,NA,0,0,0,0.3452327288,0.3333333333,0,0.6785660621,0.2480802075
330,NA,NA,0,0.0587910947,0,0.1408596339,0,0,0.1996507286,0.0729912634
331,NA,NA,0,0.066223511,0,0.1110948668,0,0,0.1773183778,0.0648266726
332,NA,Quebra Mar,0,0.0672059634,0,0.1056618142,0.3333333333,0,0.5062011109,0.1850644818
333,NA,NA,0,0.0047150954,0,0.5047000284,0,0,0.5094151238,0.1862395081
334,NA,NA,0,0.8487249402,0,0.7461754408,0,0,1.594900381,0.5830872476
335,NA,NA,0,0.1830061914,0,0.5138601867,0,0,0.6968663781,0.2547707074
336,NA,NA,0,0.1637150831,0,0.5634809207,0,0,0.7271960038,0.2658590601
337,NA,NA,0,0.1850847141,0,0.5695225077,0,0,0.7546072218,0.2758804582
338,NA,NA,0,0.2615579729,0,0.6234211273,0,0,0.8849791002,0.3235437359
339,NA,NA,0,0.9999999999,0,0.7169140311,0,0,1.716914031,0.6276948006
340,NA,NA,0,0.3894730122,0,0.6080393949,0,0,0.9975124071,0.364685325
341,NA,NA,0,0.6253750078,0,0.6598486224,0,0,1.2852236302,0.4698710452
342,NA,NA,0,0.7321837181,0,0.4687609557,0,0,1.2009446738,0.439059099
343,NA,NA,0,0.2355713447,0,0.6053864108,0,0,0.8409577555,0.3074497623
344,NA,NA,0,0.7793011949,0,0.7053279163,0,0,1.4846291112,0.5427726474
345,NA,NA,0,0.2820332869,0,0.6263453538,0,0,0.9083786407,0.3320984857
346,NA,NA,0,0.7769977398,0,0.6983735102,0,0,1.47537125,0.5393880217
347,NA,NA,0,0.5919981895,0,0.6703594352,0,0,1.2623576247,0.4615113531
348,NA,NA,0,0.545978216,0,0.6543832287,0,0,1.2003614447,0.4388458735
349,NA,NA,0,0.2700613186,0,0.69723717,0,0,0.9672984886,0.3536392743
350,NA,Praia do Juquei,0,0.4384514739,0,0.6062490891,0,0,1.044700563,0.3819370683
351,NA,NA,0,0.5126266354,0,0.4142114453,0,0,0.9268380807,0.3388471605
352,NA,NA,0,0.1943637114,0,0.5201867684,0,0,0.7145504798,0.2612359226
353,NA,NA,0,0.5488682949,0,0.5396288477,0,0,1.0884971426,0.397948869
354,NA,NA,0,0.5522644649,0,0.5336076561,0,0,1.085872121,0.3969891749
355,NA,NA,0,0.3093641324,0,0.5846620994,0,0,0.8940262318,0.32685132
356,NA,NA,0,0.2451228143,0,0.6203219901,0,0,0.8654448044,0.3164020994
357,NA,NA,0,0.2467266067,0,0.6092286695,0,0,0.8559552762,0.3129327775
358,NA,Ponta do Baguari,0,0.2705036171,0,0.5764274162,0,0,0.8469310333,0.3096335614
359,NA,Vermelha do Sul,0,0.2331181567,0,0.5891158997,0,0,0.8222340564,0.3006044757
360,NA,NA,0,0.1397725483,0,0.6172040624,0,0,0.7569766107,0.2767466944
361,NA,NA,0,0.5551705981,0,0.5811215044,0,0,1.1362921025,0.4154224567
362,NA,NA,0,0.54825086,0,0.6467465719,0,0,1.1949974319,0.4368848185
363,NA,NA,0,0.5391410837,0,0.6735445085,0,0,1.2126855922,0.4433515175
364,NA,NA,0,0.7555349138,0,1,0,0,1.7555349138,0.6418143936
365,NA,NA,0,0.6388103962,0,0.7513314118,0,0,1.390141808,0.5082285829
366,NA,NA,0,0.6493454736,0,0.578511502,0,0,1.2278569756,0.448898096
367,NA,NA,0,0.6177939473,0,0.3067609564,0,0,0.9245549037,0.3380124429
368,NA,NA,0,0.7493246446,0,0.5988539125,0,0,1.3481785571,0.4928870376
369,NA,NA,0,0.3635501228,0,0.3376365305,0,0,0.7011866533,0.2563501775
370,NA,NA,0,0.3721191341,0,0.3548969994,0.3333333333,0,1.0603494668,0.3876582258
371,NA,NA,0,0.6114488256,0,0.1691714799,0,0,0.7806203055,0.2853907057
372,NA,NA,0,0.3686192113,0,0.3439944304,0.3333333333,0,1.045946975,0.38239275
373,NA,NA,0,0.3472911214,0,0.3403192952,0.3333333333,0,1.0209437499,0.3732517016
374,NA,NA,0,0.3568605393,0,0.3157556628,0.6666666667,0,1.3392828688,0.4896348204
375,NA,NA,0,0.2837697222,0,0.255470793,0.6666666667,0,1.2059071819,0.4408733661
376,NA,Macumba Curvao,0,0.2770909746,0,0.2437868992,0.6666666667,0,1.1875445405,0.4341600803
377,NA,NA,0,0.3169827429,0,0.2783383146,0.6666666667,0,1.2619877242,0.4613761194
378,NA,NA,0,0.9166460914,0,0.3444295426,0,0,1.261075634,0.461042664
379,NA,Glaucio Gil,0,0.295895344,0,0.2380221671,0.6666666667,0,1.2005841778,0.4389273036
380,NA,Reserva,0,0.2718409918,0,0.2229883141,0.6666666667,0,1.1614959726,0.4246368599
381,NA,Postinho,0,0.1522830624,0,0.0969124075,0,0,0.2491954699,0.091104562
382,NA,NA,0,0.1672364602,0,0.0942189205,0,0,0.2614553807,0.0955867213
383,NA,Quebra-Mar,0,0.1608709933,0,0.0972409791,0,0,0.2581119724,0.0943643887
384,NA,Barra da Tijuca,0,0.067354025,0,0.0848569364,0.3333333333,0,0.4855442947,0.1775124577
385,NA,NA,0,0.2352439436,0,0.1337122684,0,0,0.368956212,0.1348884637
386,NA,NA,0,0.2230505603,0,0.1437806644,0,0,0.3668312247,0.13411157940000001
387,NA,NA,0,0.2261767649,0,0.1439526317,0,0,0.3701293966,0.1353173738
388,NA,NA,0,0.1441097066,0,0.1051602394,0,0,0.249269946,0.0911317901
389,NA,NA,0,0.1420464944,0,0.1045550328,0,0,0.2466015272,0.0901562301
390,NA,Canto do Leblon,0,0.2114233397,0,0.1391368303,0,0,0.35056017,0.1281629668
391,NA,NA,0,0.1723454689,0,0.1229215041,0,0,0.295266973,0.1079480629
392,NA,NA,0,0.1287507351,0,0.1158947652,0,0,0.2446455003,0.0894411169
393,NA,NA,0,0.1372566122,0,0.1101442588,0,0,0.247400871,0.090448466
394,NA,Copacabana,0,0.1408307385,0,0.1063177237,0,0,0.2471484622,0.0903561867
395,NA,NA,0,0.1062966313,0,0.6467104952,0,0,0.7530071265,0.2752954718
396,NA,NA,0,0.2467416551,0,0.2334292574,0.3333333333,0,0.8135042458,0.2974129025
397,NA,NA,0,0.1161768613,0,0.6037169027,0,0,0.719893764,0.2631893994
398,NA,NA,0,0.25946854,0,0.2390363703,0.3333333333,0,0.8318382436,0.3041157164
399,NA,NA,0,0.247280045,0,0.2334774279,0.3333333333,0,0.8140908062,0.2976273459
400,NA,NA,0,0.2431393545,0,0.231289582,0.3333333333,0,0.8077622698,0.2953136661
401,NA,NA,0,0.098492755,0,0.1333548499,0,0,0.2318476049,0.0847622732
402,NA,NA,0,0.2847351884,0,0.1121565741,0,0,0.3968917625,0.145101555
403,NA,NA,0,0.1358095279,0,0.2155698024,0.3333333333,0,0.6847126636,0.2503273729
404,NA,NA,0,0.1062246796,0,0.4950683559,0,0,0.6012930355,0.2198295926
405,NA,NA,0,0.1736749749,0,0.1770370549,0,0,0.3507120298,0.128218486
406,NA,Ilha,0,0.14313389,0,0.4725455513,0,0,0.6156794413,0.2250891874
407,NA,NA,0,0.1701772283,0,0.160562074,0,0,0.3307393023,0.1209165611
408,NA,NA,0,0.1793712491,0,0.1736878049,0,0,0.353059054,0.1290765458
409,NA,NA,0,0.1652517194,0,0.1496836684,0,0,0.3149353878,0.1151387326
410,NA,NA,0,0.1765158757,0,0.1143475389,0,0,0.2908634146,0.1063381449
411,NA,NA,0,0.1573151679,0,0.4112091837,0,0,0.5685243516,0.207849533
412,NA,NA,0,0.0853855117,0,0.106993963,0,0,0.1923794747,0.070332931
413,NA,NA,0,0.0512416022,0,0.1629364643,0.3333333333,0,0.5475113998,0.2001673076
414,NA,NA,0,0.0468288361,0,0.1294342285,0.3333333333,0,0.5095963979,0.1863057809
415,NA,NA,0,0.1449752151,0,0.3683700767,0.3333333333,0,0.8466786251,0.3095412823
416,NA,NA,0,0.1441502711,0,0.3224282246,0.3333333333,0,0.799911829,0.292443586
417,NA,NA,0,0.1334117479,0,0.3641853645,0.3333333333,0,0.8309304457,0.3037838302
418,NA,NA,0,0.1732562477,0,0.2127612066,0,0,0.3860174543,0.1411259647
419,NA,NA,0,0.0389521603,0,0.0450770862,0,0,0.0840292465,0.0307206536
420,NA,NA,0,0.1012071751,0,0.1698425775,0,0,0.2710497526,0.0990943736
421,NA,NA,0,0.0027285764,0,0.0268101753,0,0,0.0295387517,0.0107992133
422,NA,NA,0,0.0087507045,0,0.1299563075,0,0,0.138707012,0.050710559
423,NA,NA,0,0.0087507045,0,0.1514740508,0,0,0.1602247553,0.0585773335
424,NA,NA,0,0.0958045424,0,0.040696393,0,0,0.1365009354,0.0499040289
425,NA,NA,0,0.0931421858,0,0.2513052213,0,0,0.3444474071,0.1259281726
426,NA,NA,0,0.048665012,0,0.0352373301,0.3333333333,0,0.4172356754,0.1525391833
427,NA,NA,0,0.0546936845,0,0.0420814566,0.3333333333,0,0.4301084744,0.1572454114
428,NA,NA,0,0.0438965306,0,0.037875139,0.3333333333,0,0.4151050029,0.1517602206
429,NA,NA,0,0.0696864089,0,0.0839891783,0.3333333333,0,0.4870089205,0.1780479172
430,NA,NA,0,0.0597153026,0,0.0869917417,0.3333333333,0,0.4800403776,0.1755002543
431,NA,NA,0,0.1182920367,0,0.1358757784,0.3333333333,0,0.5875011484,0.2147873508
432,NA,NA,0,0.1159257932,0,0.1653076368,0.3333333333,0,0.6145667633,0.2246823982
433,NA,NA,0,0.0115570348,0,0.0947750018,0,0,0.1063320366,0.0388744371
434,NA,NA,0,0,0,0.1344774299,0,0,0.1344774299,0.0491642459
435,NA,NA,0,0,0,0.1770448999,0,0,0.1770448999,0.0647266905
436,NA,NA,0,0.036745041,0,0.0177598069,0,0,0.0545048479,0.0199266877
437,NA,NA,0,0,0,0.111530146,0,0,0.111530146,0.0407748387
438,NA,Milionarios,0,0.13784399,0,0.0020452191,0,0,0.1398892091,0.0511427641
439,NA,NA,0,0.2165053507,0,0.515496696,0,0,0.7320020467,0.2676161243
440,NA,NA,0,0.1937795209,0,0.5031412158,0,0,0.6969207367,0.2547905806
441,NA,NA,0,0.1889096447,0,0.5319661989,0,0,0.7208758436,0.2635484426
442,NA,NA,0,0.0427882628,0,0.4499188509,0,0,0.4927071137,0.1801311469
443,NA,NA,0,0.0406078209,0,0.4754867525,0,0,0.5160945734,0.18868148
444,NA,NA,0,0.0418818099,0,0.4934911086,0,0,0.5353729185,0.1957295422
445,NA,NA,0,0.0409246166,0,0.5153249421,0,0,0.5562495587,0.2033619328
446,NA,NA,0,0.0454897176,0,0.5688949212,0,0,0.6143846388,0.2246158144
447,NA,NA,0,0.5603568179,0,0.4141111672,0,0,0.9744679851,0.3562604047
448,NA,NA,0,0.6650772009,0,0.4255741344,0,0,1.0906513353,0.3987364306
449,NA,NA,0,0.4558733811,0,0.3617490173,0,0,0.8176223984,0.2989184776
450,NA,NA,0,0.0417645464,0,0.0597831549,0,0,0.1015477013,0.0371253091
451,NA,NA,0,0.3562059481,0,0.3350850545,0,0,0.6912910026,0.2527323793
452,NA,NA,0,0.3072823343,0,0.3075033423,0,0,0.6147856766,0.2247624317
453,NA,NA,0,0.3591382265,0,0.3482823349,0,0,0.7074205614,0.2586292617
454,NA,NA,0,0.1153515621,0,0.0246301304,0,0,0.1399816925,0.0511765755
455,NA,NA,0,0.0923890532,0,0.0786787073,0,0,0.1710677605,0.0625414796
456,NA,NA,0,0.2703833975,0,0.2362019486,0,0,0.5065853461,0.1852049561
457,NA,NA,0,0.5666327789,0,0.4697301806,0,0,1.0363629595,0.378888884
458,NA,NA,0,0.7861604561,0,0.5309288619,0.6666666667,0,1.9837559847,0.7252508249
459,NA,NA,0,0.686484718,0,0.8026286614,0,0,1.4891133794,0.5444120724
460,NA,NA,0,0.0083059524,0,0.0050867585,0,0,0.0133927109,0.0048963051
461,NA,NA,0,0.0119047577,0,0.1802764791,0,0,0.1921812368,0.0702604562
462,NA,NA,0,0,0,0.0516357074,0,0,0.0516357074,0.0188777449
463,NA,NA,0,0.0015399673,0,0.0356709849,0,0,0.0372109522,0.0136041297
464,NA,NA,0,0.0330076172,0,0.1193205206,0,0,0.1523281378,0.0556903714
465,NA,Praia de Jatiuca,0,0.1130956455,0,0.4209208022,0,0,0.5340164477,0.1952336236
466,NA,NA,0,0.1604090943,0,0.4690868065,0,0,0.6294959008,0.2301404129
467,NA,NA,0,0.2667074769,0,0.2703347022,0,0,0.5370421791,0.1963398152
468,NA,NA,0,0.203381789,0,0.1745794246,0,0,0.3779612136,0.1381806452
469,NA,NA,0,0.1020833511,0,0.0847720684,0,0,0.1868554195,0.0683133652
470,NA,NA,0,0.1141844407,0,0.0125281318,0,0,0.1267125725,0.0463254546
471,NA,NA,0,0.047966358,0,0.2941118146,0,0,0.3420781726,0.1250619929
472,NA,NA,0,0.5326831032,0,0.0105142093,0,0,0.5431973125,0.1985900998
473,NA,NA,0,0.3151211873,0,0.0067831241,0,0,0.3219043114,0.1176865346
474,NA,NA,0,0.358149899,0,0.0604289879,0,0,0.4185788869,0.1530302544
475,NA,NA,0,0.0179852316,0,0.1457891504,0,0,0.163774382,0.0598750585
476,NA,NA,0,0.0169706879,0,0.1638170261,0,0,0.180787714,0.0660950438
477,NA,NA,0,0.0148049587,0,0.2085471527,0,0,0.2233521114,0.0816563651
478,NA,NA,0,0.0134804732,0,0.241176295,0,0,0.2546567682,0.0931011841
479,NA,NA,0,0.0290473543,0,0.4152952305,0,0,0.4443425848,0.1624493278
480,NA,NA,0,0.055102315,0,0.0291860549,0,0,0.0842883699,0.0308153877
481,NA,NA,0,0.1355547162,0,0.0550100085,0,0,0.1905647247,0.0696694678
482,NA,NA,0,0.002056363,0,0.0686122124,0,0,0.0706685754,0.025836062
483,NA,NA,0,0,0,0.0176744528,0,0,0.0176744528,0.0064616876
484,NA,NA,0.9994160209,0,0,0.9198843518,0,0.6281481233,2.547448496,0.9313338623
485,NA,NA,1.0000000001,0,0,0.9198919719,0,0.6359718611,2.5558638331,0.9344104656
486,NA,NA,1.0000000001,0,0,0.9199024534,0,0.6376130894,2.5575155429,0.9350143221
487,NA,NA,1.0000000001,0,0,0.9191898876,0,0.6376130894,2.5568029771,0.9347538117
488,NA,NA,1.0000000001,0,0,0.9183884696,0,0.6376130894,2.5560015591,0.9344608175
489,NA,NA,0.9905278365,0,0,0.9073637317,0,0.6375061619,2.5353977301,0.9269281652
490,NA,NA,0.9680996783,0,0,0.88017139,0,0.6318417461,2.4801128144,0.9067162889
491,NA,NA,0,0.1045547929,0,0.0494503831,0,0,0.154005176,0.0563034878
492,NA,NA,0,0.0741289041,0,0.0410543495,0,0,0.1151832536,0.0421103958
493,NA,NA,0,0.1159633875,0,0.0728249881,0,0,0.1887883756,0.0690200439
494,NA,NA,0,0.0803620368,0,0.0362321843,0,0,0.1165942211,0.0426262381
495,NA,NA,0,0.0890177847,0,0.0841703761,0,0,0.1731881608,0.0633166869
496,NA,NA,0,0.0507577353,0,0.0787971131,0,0,0.1295548484,0.0473645758
497,NA,Tabinha,0,0.0174571488,0,0.2656849099,0,0,0.2831420587,0.1035152575
498,NA,Boca do Poco,0,0,0,0.0202778843,0,0,0.0202778843,0.0074134886
499,NA,NA,0,0.5641799924,0,0.2645347274,0,0,0.8287147198,0.3029737724
500,NA,NA,0,0,0,0.5114302929,0,1,1.5114302929,0.5525710194
501,NA,NA,0,0,0,0,0,0.0148404242,0.0148404242,0.0054255816
502,NA,NA,0,0,0,0.3942863741,0,0.7758944688,1.1701808429,0.4278120032
503,NA,NA,0,0,0,0.5509856531,0,0.6241415137,1.1751271668,0.4296203533
504,NA,NA,0,0,0,0,0,0,0,0
505,NA,NA,0,0,0,0,0,0,0,0
506,NA,NA,0,0,0,0,0,0,0,0
507,NA,NA,0,0.0205917669,0,0,0,0,0.0205917669,0.0075282424
508,NA,NA,0,0,0,0.4529301194,0,0,0.4529301194,0.1655888856
509,NA,NA,0,0.1520957234,0,0.2577304545,0,0.2286510071,0.638477185,0.2334239234
510,NA,NA,0.2119323999,0.1596605638,0,0.0676980513,0,7.43879e-4,0.440034894,0.1608744585
511,NA,NA,0.8146411388,0.8052757261,0,0.8696258091,0,0.245726169,2.735268843,1
512,NA,NA,0,0,0,0.3764207426,0,0,0.3764207426,0.1376174571
513,NA,NA,0,0.0100707861,0,0.7736337736,0,0,0.7837045597,0.286518293
514,NA,NA,0,0.2965116698,0,0.5739731022,0,0,0.870484772,0.3182446852
515,NA,NA,0,0.4532581692,0,0.6794159969,0,0,1.1326741661,0.4140997581
516,NA,NA,0,0.3125091946,0,0.5766403824,0,0,0.889149577,0.3250684404
517,NA,NA,0,0.4289930137,0,0.5787693687,0,0,1.0077623824,0.3684326625
518,NA,NA,0,0.2484901346,0,0.6034143639,0,0,0.8519044985,0.3114518343
519,NA,NA,0,0.6945881457,0,0.6334749094,0,0,1.3280630551,0.4855329152
520,NA,NA,0,0.373208249,0,0.339736091,0.3333333333,0,1.0462776733,0.3825136516
521,NA,NA,0,0.3467561121,0,0.3242168839,0.3333333333,0,1.0043063293,0.3671691475
522,NA,NA,0,0.109090206,0,0.0929142633,0.3333333333,0,0.5353378026,0.195716704
523,NA,NA,0,0.0581736221,0,0.0783527716,0.3333333333,0,0.469859727,0.1717782617
524,NA,NA,0,0.9704912042,0,0.3498929806,0,0,1.3203841848,0.4827255603
525,NA,NA,0,0.1461580278,0,0.1093681716,0,0,0.2555261994,0.0934190436
526,NA,NA,0,0.214839948,0,0.2294945849,0.3333333333,0,0.7776678662,0.2843113094
527,NA,NA,0,0.0948409133,0,0.0018952341,0,0,0.0967361474,0.0353662301
528,NA,NA,0,0.0272079213,0,0.060283313,0,0,0.0874912343,0.0319863382
529,NA,NA,0,0.018888107,0,0,0,0,0.018888107,0.0069053932
530,NA,NA,0,0.497414734,0,0.3350536584,0,0,0.8324683924,0.3043460955
531,NA,NA,0,0.257203831,0,0.2264329512,0,0,0.4836367822,0.1768150811
532,NA,NA,0,0.1905099208,0,0.497416779,0,0,0.6879266998,0.2515024077
533,NA,NA,0,0.7606073896,0,0.6428049538,0.6666666667,0,2.0700790101,0.756810072
534,NA,NA,0,0.0015399673,0,0.0427258608,0,0,0.0442658281,0.0161833555
535,NA,NA,0,0.1266937814,0,0.0125281318,0,0,0.1392219132,0.0508988042
536,NA,NA,0,0.0402726375,0,0.0569333295,0,0,0.097205967,0.0355379937
537,NA,NA,1.0000000001,0,0,0.919887626,0,0.6345947996,2.5544824257,0.9339054303
538,NA,NA,0,0,0,0.0550212951,0,0.4326801011,0.4877013962,0.1783010827
539,NA,NA,0,0,0,0.0075324444,0,0.4504866509,0.4580190953,0.1674493886
540,NA,NA,0,0,0,0.2653588788,0,0.5294282744,0.7947871532,0.2905700313
