objectid,name.x,surf_spot.x,normalized_employment,normalized_hotels,normalized_airports,social_added,social_subindex
1,Cardoso,NA,0.0412441374,0.0181818182,0,0.0594259556,0.0274798488
2,Ravena,NA,0,0.1090909091,1,1.1090909091,0.5128676554
3,Praia da Vila Imbituba,NA,0,0,0,0,0
4,Praia do Porto Imbituba,NA,0,0,0,0,0
5,Ponta da Pinheira,NA,0.1698490512,0,0,0.1698490512,0.0785418796
6,Mocambique,NA,0.443347932,0.3454545455,0,0.7888024775,0.3647593483
7,Ponta das Canas,NA,0.443347932,0.0363636364,0,0.4797115684,0.2218290181
8,Itagua&ccedil;u,NA,0.0670847728,0.0727272727,1,1.1398120455,0.5270737742
9,Ilha Comprida,NA,0,0,0,0,0
10,Iguape,NA,0,0,0,0,0
11,Peruibe,NA,0.0437445139,0.0181818182,0,0.0619263321,0.0286360771
12,Praia dos Pescadores,NA,0.0882841512,0,1,1.0882841512,0.50324616
13,Itanhaem,NA,0.0441420756,0,1,1.0441420756,0.4828339082
14,Praia Grande,NA,0.0813135051,0,0,0.0813135051,0.0376011257
15,Praia do Forte dos Andradas,NA,0.2530700984,0.0727272727,0,0.3257973711,0.15065576
16,Praia do Forte dos Andradas,NA,0.2530700984,0.0727272727,0,0.3257973711,0.15065576
17,Praia da Ponta Grossa,NA,0.1671918017,0.0727272727,0,0.2399190744,0.1109437758
18,Itaipu,NA,0.1671918017,0.0727272727,0,0.2399190744,0.1109437758
19,Guaiuba,NA,0.1671918017,0.0727272727,0,0.2399190744,0.1109437758
20,Santos,NA,0.1671918017,0.0909090909,0,0.2581008926,0.1193514423
21,Morro do Maluf,NA,0.2530700984,0.0545454545,0,0.3076155529,0.1422480935
22,Praia da Enseada,NA,0.2530700984,0,0,0.2530700984,0.1170250941
23,Embare,NA,0.1457667691,0.0909090909,0,0.23667586,0.1094440432
24,Gonzaga,NA,0.1457667691,0.0909090909,0,0.23667586,0.1094440432
25,Pereque,NA,0.1687133989,0,0,0.1687133989,0.0780167294
26,Praia Preta,NA,0.1687133989,0,0,0.1687133989,0.0780167294
27,Praia da Bertioga,NA,0.1687133989,0,0,0.1687133989,0.0780167294
28,Maresias,NA,0.2383083938,0,0,0.2383083938,0.1101989622
29,Canto de Moreira,NA,0.2383083938,0,0,0.2383083938,0.1101989622
30,Itaguere,NA,0,0,0,0,0
31,Boicucanga,NA,0.2383083938,0,0,0.2383083938,0.1101989622
32,Praia de Baleia,NA,0.2383083938,0,0,0.2383083938,0.1101989622
33,Barra do Sahy,NA,0.2383083938,0,0,0.2383083938,0.1101989622
34,Praia Preta,NA,0.2383083938,0,0,0.2383083938,0.1101989622
35,Bananas Point,NA,0.2383083938,0,0,0.2383083938,0.1101989622
36,Praia do Juquei,NA,0.1588722625,0,0,0.1588722625,0.0734659748
37,Praia da Boracéia,NA,0.0956979435,0,0,0.0956979435,0.0442528016
38,Praia Dura,NA,0.179482124,0,0,0.179482124,0.0829964211
39,Pereque-Acu,NA,0.1947239381,0,1,1.1947239381,0.5524662225
40,Itamambuca,NA,0.1947239381,0,1,1.1947239381,0.5524662225
41,Praia da Fazenda,NA,0.3853108782,0,0,0.3853108782,0.1781760946
42,Aventureiro,NA,0.2650329567,0,0,0.2650329567,0.1225569789
43,Praia do Leste,NA,0.2650329567,0,0,0.2650329567,0.1225569789
44,Praia do Sul,NA,0.2650329567,0,0,0.2650329567,0.1225569789
45,Praia do Meio,NA,0.3050190346,0.0181818182,0,0.3232008528,0.1494550737
46,Restinga a Marambaia,NA,0.2051674485,0,0,0.2051674485,0.0948738714
47,Grumari,NA,0.3050190346,0.0181818182,0,0.3232008528,0.1494550737
48,Reserva,NA,0.3050190346,0.1454545455,1,1.4504735801,0.6707303956
49,Barra da Tijuca,NA,0.3050190346,0.1454545455,1,1.4504735801,0.6707303956
50,Barra da Tijuca,NA,0.3050190346,0.1454545455,1,1.4504735801,0.6707303956
51,Sao Conrado,NA,0.3050190346,0.1454545455,0,0.4504735801,0.2083087391
52,Bambui,NA,0.1521759643,0,0,0.1521759643,0.0703694615
53,Itaipuacu,NA,0.1521759643,0,0,0.1521759643,0.0703694615
54,Barra de Marica,NA,0.0951105774,0,1,1.0951105774,0.5064028473
55,Camboinhas,NA,0.2290418077,0,0,0.2290418077,0.1059138921
56,Pirantininga,NA,0.2290418077,0.0363636364,0,0.2654054441,0.1227292251
57,Jacone,NA,0.1500220664,0,0,0.1500220664,0.0693734525
58,Figueira,NA,0.1173630137,0,0,0.1173630137,0.0542711992
59,Praia do Fora,NA,0.2960074229,0.4363636364,1,1.7323710593,0.8010858949
60,Laje do Pao de Acucar,NA,0.2960074229,0.4363636364,1,1.7323710593,0.8010858949
61,Canal,NA,0.2049335554,0,1,1.2049335554,0.5571873707
62,Praia Seca,NA,0.1422018204,0,0,0.1422018204,0.0657572013
63,Caravelas,NA,0.184662097,0.0545454545,0,0.2392075515,0.1106147522
64,Tucuns,NA,0.2296552798,0.1272727273,0,0.3569280071,0.1650512403
65,Praia Brava,NA,0.3133733017,0.1090909091,0,0.4224642108,0.1953566002
66,Marataizes,NA,0.0290109002,0,0,0.0290109002,0.0134152685
67,Ponta do Ubu,NA,0.1093019753,0,0,0.1093019753,0.0505436005
68,Ponta dos Castelhanos,NA,0.1093019753,0,0,0.1093019753,0.0505436005
69,Maimba,NA,0.1093019753,0.3818181818,1,1.4911201571,0.6895262531
70,Praia do Morro,NA,0.1655643251,0.4,1,1.5655643251,0.7239508486
71,Ponta de Bororo,NA,0.1655643251,0.0545454545,1,1.2201097796,0.5642051854
72,Tropical,NA,0.1508199331,0,0,0.1508199331,0.0697424033
73,Dunas de Ule,NA,0.1508199331,0,0,0.1508199331,0.0697424033
74,Guarapari - Ule,NA,0.1508199331,0,0,0.1508199331,0.0697424033
75,Ponta da Fruta,NA,0.1508199331,0,0,0.1508199331,0.0697424033
76,Coral Dois,NA,0.0891557915,0.0363636364,0,0.1255194279,0.0580429018
77,Ponta da Belina,NA,0.0636862804,0.0363636364,0,0.1000499168,0.0462652483
78,Coral Um,NA,0.0636862804,0.0545454545,0,0.1182317349,0.0546729147
79,Barrinha,NA,0.0636862804,0.0545454545,0,0.1182317349,0.0546729147
80,Praia de Camburi,NA,0.1328771534,0.2,1,1.3328771534,0.6163512612
81,Velzyland,NA,0.1702248864,0.1272727273,1,1.2974976137,0.5999909959
82,Ponta da Cacao,NA,0.1702248864,0.1090909091,0,0.2793157955,0.1291616728
83,"Manguinhos, Brazil",NA,0.1702248864,0.0363636364,0,0.2065885228,0.0955310069
84,Praia da Baleia,NA,0.1702248864,0.0363636364,0,0.2065885228,0.0955310069
85,Jacaraipe - Solemar,NA,0.0670163447,0.0545454545,0,0.1215617992,0.0562128086
86,Xa,NA,0.0670163447,0.0545454545,0,0.1215617992,0.0562128086
87,Nova Almeida,NA,0.0788893812,0.0181818182,0,0.0970711994,0.0448878248
88,Praia Grande,NA,0.0788893812,0.0181818182,0,0.0970711994,0.0448878248
89,Regencia,NA,0.1239214195,0,0,0.1239214195,0.0573039481
90,Guriri,NA,0.0886617897,0,0,0.0886617897,0.0409991317
91,Milionarios,NA,0.0602099475,0,1,1.0602099475,0.4902640402
92,Sul,NA,0.0602099475,0,1,1.0602099475,0.4902640402
93,Pedra da Cachorra,NA,0.0602099475,0,1,1.0602099475,0.4902640402
94,Jardim Atlantico,NA,0.0602099475,0,1,1.0602099475,0.4902640402
95,Baduska,NA,0.0602099475,0,1,1.0602099475,0.4902640402
96,Norte,NA,0.0602099475,0,0,0.0602099475,0.0278423837
97,Havaizinho,NA,0.0200699825,0,0,0.0200699825,0.0092807946
98,Sao Jose,NA,0,0,0,0,0
99,Corals,NA,0,0,0,0,0
100,Tony,NA,0.114306713,0.2727272727,0,0.3870339857,0.1789728968
101,Meridien,NA,0.114306713,0.2727272727,0,0.3870339857,0.1789728968
102,Amaralina,NA,0.114306713,0.2727272727,0,0.3870339857,0.1789728968
103,Tubao,NA,0.114306713,0.2909090909,0,0.4052158039,0.1873805633
104,Psiu,NA,0.114306713,0.2727272727,0,0.3870339857,0.1789728968
105,Alex,NA,0.114306713,0.1090909091,0,0.2233976221,0.1033038985
106,Terceira Ponte,NA,0.1560456862,0.0909090909,0,0.2469547771,0.1141972371
107,SESC,NA,0.1560456862,0.0909090909,1,1.2469547771,0.5766188936
108,Farol,NA,0.1560456862,0.0545454545,1,1.2105911407,0.5598035606
109,Pedro do Sal,NA,0.1560456862,0.0545454545,1,1.2105911407,0.5598035606
110,Itapoa,NA,0.1239430821,0.0909090909,1,1.214852173,0.5617739543
111,Seper,NA,0.1560456862,0.0727272727,1,1.2287729589,0.5682112271
112,Corrente,NA,0.1560456862,0.0727272727,1,1.2287729589,0.5682112271
113,Stela Maris,NA,0.1181618237,0.0727272727,1,1.1908890964,0.5506929087
114,Plator,NA,0.1181618237,0.0727272727,1,1.1908890964,0.5506929087
115,Aleluia,NA,0.1181618237,0.0727272727,1,1.1908890964,0.5506929087
116,Ipitanga,NA,0.1181618237,0.0545454545,1,1.1727072782,0.5422852422
117,Vilas,NA,0.1181618237,0.0545454545,1,1.1727072782,0.5422852422
118,Busca Vida,NA,0.1181618237,0.0363636364,1,1.1545254601,0.5338775758
119,Itacimirim,NA,0.0211970494,0,0,0.0211970494,0.0098019747
120,Praia do Forte,NA,0.0211970494,0.0181818182,0,0.0393788676,0.0182096412
121,Imbassai,NA,0,0,0,0,0
122,Costa do Sauipe,NA,0.0072466225,0,0,0.0072466225,0.0033509952
123,Marlin,NA,0,0,0,0,0
124,Conde,NA,0,0,0,0,0
125,Mangue Seco,NA,0,0,0,0,0
126,Mosqueiro,NA,0.0500809421,0,0,0.0500809421,0.0231585122
127,Aruana,NA,0.0500809421,0.0363636364,1,1.0864445785,0.5023955017
128,Hawaiizinho,NA,0.0751214131,0.0545454545,1,1.1296668676,0.5223824242
129,Praia do Meio,NA,0.06700056,0.0909090909,1,1.1579096509,0.5354424989
130,Pirambu,NA,0.0101517707,0,0,0.0101517707,0.0046943986
131,Ponta do Mangue,NA,0,0,0,0,0
132,Pontal de Peba,NA,0,0,0,0,0
133,Mihai,NA,0,0,0,0,0
134,Pontal do Coruripe,NA,0,0,0,0,0
135,Forjos,NA,0,0,0,0,0
136,Poxim,NA,0,0,0,0,0
137,Jacarecica,NA,0,0,0,0,0
138,Praia do Meio,NA,0.0206802281,0,0,0.0206802281,0.0095629853
139,Praia do Pontal,NA,0.0388494849,0.4363636364,0,0.4752131213,0.2197488388
140,Salgema,NA,0.0517993132,0.4363636364,0,0.4881629496,0.2257371198
141,Pier do Emissario,NA,0.0517993132,0.4363636364,0,0.4881629496,0.2257371198
142,Praia do Sobral,NA,0.0517993132,0.4363636364,0,0.4881629496,0.2257371198
143,"Pico da Barra, Brazil",NA,0.0466786276,0.4363636364,0,0.483042264,0.2233692039
144,Pedra Virada,NA,0.0933572552,0.1818181818,0,0.275175437,0.1272470814
145,Praia de Jatiuca,NA,0.0466786276,0,0,0.0466786276,0.0215852083
146,Garca Torta,NA,0.0311190851,0,0,0.0311190851,0.0143901389
147,Mirante da Sirena,NA,0.018671451,0,0,0.018671451,0.0086340833
148,Japaratinga,NA,0,0.0181818182,0,0.0181818182,0.0084076665
149,Impossivel,NA,0.0319386043,0,0,0.0319386043,0.0147691023
150,Serrambi,NA,0.0319386043,0.0181818182,0,0.0501204225,0.0231767688
151,Porto de Galinhas,NA,0.0319386043,0.2909090909,0,0.3228476952,0.149291766
152,Cupe,NA,0.0501130139,0.2909090909,0,0.3410221048,0.1576960066
153,Gaibu,NA,0.0329788934,0.0363636364,0,0.0693425298,0.0320654875
154,Bessa,NA,0.0441249295,0.2363636364,1,1.2804885659,0.5921256438
155,Saji,NA,0,0,0,0,0
156,Farol,NA,0,0.0181818182,0,0.0181818182,0.0084076665
157,Xilauzinho,NA,0.0089701448,0.0181818182,0,0.027151963,0.0125556557
158,Mar Aberto,NA,0.0059800965,0.0181818182,0,0.0241619147,0.0111729926
159,Pontal,NA,0.0059800965,0.0181818182,0,0.0241619147,0.0111729926
160,Mar da Frente,NA,0.065381207,0.0181818182,0,0.0835630252,0.0386413525
161,Lajinha,NA,0.065381207,0.4909090909,0,0.5562902979,0.2572406811
162,Afogados,NA,0.0523049656,0.5272727273,0,0.5795776929,0.2680092768
163,Sororoca,NA,0.0523049656,0.5272727273,0,0.5795776929,0.2680092768
164,Abacateiro,NA,0.0435874714,0.5272727273,0,0.5708601987,0.2639781187
165,Tibau do Sul,NA,0.075408309,0.5272727273,0,0.6026810363,0.2786927632
166,Tabatinga,NA,0.0890508159,0.4363636364,0,0.5254144523,0.2429630214
167,Xoxoline,NA,0.1335762238,0.4545454545,0,0.5881216783,0.2719602007
168,Pirangi Reef,NA,0.1335762238,0.4363636364,0,0.5699398602,0.2635525343
169,Cotovelo,NA,0.0988027669,0.6363636364,0,0.7351664033,0.339956866
170,Miami,NA,0.1135971526,0.5636363636,0,0.6772335162,0.3131674444
171,Areia Preta,NA,0.1135971526,0.5090909091,0,0.6226880617,0.287944445
172,Praia dos Artistas,NA,0.1179357751,0.3636363636,0,0.4815721387,0.2226893861
173,Genipabu,NA,0.094556548,0.0545454545,0,0.1491020025,0.068947995
174,Touros Area,NA,0,0.1636363636,0,0.1636363636,0.0756689983
175,Urca da Concei&ccedil;&atilde;o,NA,0,0,0,0,0
176,Cocoa das Lavadeiras,NA,0,0,0,0,0
177,Baia das Ratas,NA,0,0,1,1,0.4624216565
178,Volta da Jurema,NA,0.1625284757,1,1,2.1625284757,1
179,Portao,NA,0.0966027414,1,1,2.0966027414,0.9695145127
180,Barra do Ceara,NA,0.0966027414,0.5636363636,0,0.660239105,0.3053088606
181,Praia do Pecem,NA,0.0153385036,0.0727272727,0,0.0880657763,0.0407235222
182,Tabinha,NA,0,0,0,0,0
183,Pedra do Meio,NA,0.0039563216,0.0181818182,0,0.0221381398,0.0102371553
184,Havaizinho,NA,0.0039563216,0.0181818182,0,0.0221381398,0.0102371553
185,Curral,NA,0.0039563216,0.0181818182,0,0.0221381398,0.0102371553
186,Outside,NA,0.0039563216,0.0181818182,0,0.0221381398,0.0102371553
187,Atins,NA,0.0129821798,0.0181818182,0,0.031163998,0.0144109076
188,Ponta d'Areia,NA,0.0835414855,0.0181818182,0,0.1017233037,0.0470390586
189,S&atilde;o Marcos,NA,0.0544058977,0.0181818182,0,0.0725877159,0.0335661318
190,Calhau,NA,0.0272029488,0.0181818182,0,0.045384767,0.0209868991
191,Olho D'Agu,NA,0.0272029488,0.0181818182,0,0.045384767,0.0209868991
192,Ponta do Farol,NA,0.0272029488,0,0,0.0272029488,0.0125792326
193,NA,Hermenegildo,0.0153406719,0,0,0.0153406719,0.0070938589
194,NA,Navio,0.0827586425,0,0,0.0827586425,0.0382693886
195,NA,Tres Marias,0.0275862142,0,0,0.0275862142,0.0127564629
196,NA,Praia do Cassino,0.0275862142,0,0,0.0275862142,0.0127564629
197,NA,Sao Jose do Norte,0.0275862142,0,0,0.0275862142,0.0127564629
198,NA,Quintão,0,0,0,0,0
199,NA,Nova Tramandaí,0.1042785088,0.0181818182,0,0.122460327,0.0566283073
200,NA,Oasis Sul,0.1042785088,0.0181818182,0,0.122460327,0.0566283073
201,NA,Tramandai - Malvina,0.1042785088,0.0181818182,0,0.122460327,0.0566283073
202,NA,Tramandai,0.0910852929,0.0181818182,0,0.1092671111,0.0505274785
203,NA,Rainha do Mar,0.104109021,0,0,0.104109021,0.0481422659
204,NA,Xangri-lá,0.2384950475,0.0363636364,1,1.2748586839,0.5895222644
205,NA,Atlântida - Pier,0.2384950475,0.0363636364,1,1.2748586839,0.5895222644
206,NA,Capao da Canoa,0.2837732151,0.0363636364,1,1.3201368515,0.6104598697
207,NA,Capao Novo,0.2094284087,0,0,0.2094284087,0.0968442317
208,NA,Curumim,0.1552903129,0,0,0.1552903129,0.0718096037
209,NA,Itapeva,0.0666671911,0.1090909091,1,1.1757581002,0.5436960084
210,NA,Guarita,0.098186702,0.1090909091,0,0.2072776111,0.0958496563
211,NA,Cal,0.098186702,0.1090909091,0,0.2072776111,0.0958496563
212,NA,Ilha dos Lobos,0.147280053,0.1090909091,0,0.2563709621,0.118551485
213,NA,Prainha,0.147280053,0.1090909091,0,0.2563709621,0.118551485
214,NA,Saraiva,0.147280053,0.1090909091,0,0.2563709621,0.118551485
215,NA,Molhes,0.098186702,0.1090909091,0,0.2072776111,0.0958496563
216,NA,Passo de Torres,0.098186702,0.1090909091,0,0.2072776111,0.0958496563
217,NA,Gaivota,0.04581097,0,0,0.04581097,0.0211839846
218,NA,Arroio do Silva,0.0303074023,0,0,0.0303074023,0.0140147992
219,NA,Morro dos Conventos,0.0436055002,0,0,0.0436055002,0.0201641276
220,NA,Rincão,0.0553293562,0,0,0.0553293562,0.0255854925
221,NA,Jaguaruna,0.1002917753,0.0181818182,0,0.1184735935,0.0547847554
222,NA,Camacho,0.1002917753,0.0181818182,0,0.1184735935,0.0547847554
223,NA,Cigana,0.0412441374,0.0181818182,0,0.0594259556,0.0274798488
224,NA,Cardozo,0.0412441374,0.0181818182,0,0.0594259556,0.0274798488
225,NA,Cemiterio,0.0412441374,0.0181818182,0,0.0594259556,0.0274798488
226,NA,Prainha do Farol,0.0412441374,0.0181818182,0,0.0594259556,0.0274798488
227,NA,Ipoa,0,0.1090909091,0,0.1090909091,0.0504459989
228,NA,Teresa,0,0.1090909091,0,0.1090909091,0.0504459989
229,NA,Praia de Cima,0,0.1090909091,0,0.1090909091,0.0504459989
230,NA,Laguna,0,0.1090909091,0,0.1090909091,0.0504459989
231,NA,Cavalinho,0,0.1090909091,1,1.1090909091,0.5128676554
232,NA,Itapirubá,0,0,1,1,0.4624216565
233,NA,Itapirubá Norte,0,0,1,1,0.4624216565
234,NA,Castelinho,0,0,0,0,0
235,NA,Praia da Vila,0,0,0,0,0
236,NA,Ribanceira,0,0,0,0,0
237,NA,Ibiraquera,0,0,0,0,0
238,NA,Rosa Sul,0.0236803857,0,0,0.0236803857,0.0109503232
239,NA,Rosa Norte,0.0236803857,0,0,0.0236803857,0.0109503232
240,NA,Vermelha,0.0236803857,0,0,0.0236803857,0.0109503232
241,NA,Ouvidor,0.0236803857,0,0,0.0236803857,0.0109503232
242,NA,Barrinha,0.0236803857,0,0,0.0236803857,0.0109503232
243,NA,Ferrugem,0.0236803857,0,0,0.0236803857,0.0109503232
244,NA,Praia do Silveira,0.0236803857,0,0,0.0236803857,0.0109503232
245,NA,Garopaba Centro,0.0355205786,0,0,0.0355205786,0.0164254848
246,NA,Siriu,0.0786827575,0,0,0.0786827575,0.0363846111
247,NA,Gamboa,0.0786827575,0,0,0.0786827575,0.0363846111
248,NA,Guarda do embau,0.1698490512,0,0,0.1698490512,0.0785418796
249,NA,Costão da Pinheira,0.1698490512,0,0,0.1698490512,0.0785418796
250,NA,Naufragados,0.2264654015,0,0,0.2264654015,0.1047225061
251,NA,Solidao - Caladinho,0.3041775237,0,0,0.3041775237,0.1406582744
252,NA,Praia dos Açores,0.3041775237,0,0,0.3041775237,0.1406582744
253,NA,Lagoinha do Leste,0.443347932,0,0,0.443347932,0.2050136851
254,NA,Matadeiro,0.3041775237,0,0,0.3041775237,0.1406582744
255,NA,Armação,0.3041775237,0,0,0.3041775237,0.1406582744
256,NA,Caldeirao,0.3041775237,0,1,1.3041775237,0.6030799309
257,NA,Morro das Pedras,0.443347932,0,1,1.443347932,0.6674353416
258,NA,Campeche Rights,0.443347932,0,1,1.443347932,0.6674353416
259,NA,Riozinho,0.443347932,0,1,1.443347932,0.6674353416
260,NA,Joaquina,0.443347932,0.1454545455,0,0.5888024775,0.272275017
261,NA,Praia Mole,0.443347932,0.0545454545,0,0.4978933865,0.2302366846
262,NA,Galheta,0.443347932,0.0545454545,0,0.4978933865,0.2302366846
263,NA,Barra da Lagoa,0.443347932,0.0545454545,0,0.4978933865,0.2302366846
264,NA,Mocambique,0.443347932,0.3454545455,0,0.7888024775,0.3647593483
265,NA,Ponta das Aranhas,0.443347932,0.3636363636,0,0.8069842956,0.3731670148
266,NA,Santinho,0.443347932,0.3636363636,0,0.8069842956,0.3731670148
267,NA,Canasvieiras,0.4075847594,0.0363636364,0,0.4439483958,0.2052913526
268,NA,Praia do Forte,0.2962261841,0.0181818182,0,0.3144080023,0.1453890692
269,NA,Ingleses,0.443347932,0.3818181818,0,0.8251661138,0.3815746812
270,NA,Praia Brava,0.443347932,0.3818181818,0,0.8251661138,0.3815746812
271,NA,Lambe lambe,0.443347932,0.0363636364,0,0.4797115684,0.2218290181
272,NA,Ponta Do Rapa,0.443347932,0.0363636364,0,0.4797115684,0.2218290181
273,NA,Tingua,0.2567195962,0,0,0.2567195962,0.1187127009
274,NA,Palmas,0.3177897837,0,0,0.3177897837,0.1469528782
275,NA,Mariscal,0.3341068486,0.0181818182,0,0.3522886668,0.1629059089
276,NA,Quatro Ilhas,0.3341068486,0.0181818182,0,0.3522886668,0.1629059089
277,NA,Bombinhas,0.3341068486,0.0181818182,0,0.3522886668,0.1629059089
278,NA,Bombas,0.2227378991,0.0181818182,0,0.2409197173,0.1114064948
279,NA,Meia Praia,0.318975301,0,0,0.318975301,0.1475010871
280,NA,Itapema,0.318975301,0,0,0.318975301,0.1475010871
281,NA,Ponta do Cabeço,0.318975301,0,0,0.318975301,0.1475010871
282,NA,Mocó,0.2962028269,0.0181818182,0,0.3143846451,0.1453782684
283,NA,Estaleirinho,0.270933479,0.0909090909,0,0.3618425699,0.1673238406
284,NA,Estaleiro (reef),0.270933479,0.2181818182,0,0.4891152972,0.226177506
285,NA,Balneário Camboriú,0.2269689377,0.2909090909,0,0.5178780286,0.2394780159
286,NA,Parcel,0.2269689377,0.2909090909,0,0.5178780286,0.2394780159
287,NA,Praia dos Amores,0.2837111721,0.2909090909,0,0.574620263,0.2657168539
288,NA,Praia Brava,0.2837111721,0.2909090909,1,1.574620263,0.7281385104
289,NA,Morcego,0.2837111721,0.2909090909,1,1.574620263,0.7281385104
290,NA,Atalaia,0.2269689377,0.2727272727,1,1.4996962104,0.6934920059
291,NA,Pracinha,0.2269689377,0.2181818182,1,1.4451507559,0.6682690065
292,NA,Navegantes,0.2465467394,0.1636363636,1,1.410183103,0.6520992065
293,NA,Garrincha,0.0805110629,0.0909090909,1,1.1714201538,0.541690048
294,NA,Gravatá (1 e 2),0.0805110629,0.0181818182,1,1.0986928811,0.5080593821
295,NA,Gravatá,0.0805110629,0.0181818182,1,1.0986928811,0.5080593821
296,NA,Quilombo,0.0631028148,0.0181818182,0,0.081284633,0.0375877746
297,NA,Quilombo (reef),0.0631028148,0.0181818182,0,0.081284633,0.0375877746
298,NA,molhe de Piçarras,0.0631028148,0.0181818182,0,0.081284633,0.0375877746
299,NA,Laje do Jacques,0.0483727537,0.0181818182,0,0.0665545719,0.0307762754
300,NA,Syphodys,0.0593463981,0.0363636364,0,0.0957100345,0.0442583927
301,NA,ilha do grants,0.0593463981,0.0363636364,0,0.0957100345,0.0442583927
302,NA,barra de Itajuba,0.0593463981,0.0363636364,0,0.0957100345,0.0442583927
303,NA,Praia do Sol,0.0593463981,0.0181818182,0,0.0775282163,0.0358507262
304,NA,Praia do Tabuleiro,0.0593463981,0.0181818182,0,0.0775282163,0.0358507262
305,NA,Canoas,0.0593463981,0.0181818182,0,0.0775282163,0.0358507262
306,NA,Barrinha,0.0791285308,0.0181818182,0,0.097310349,0.0449984128
307,NA,Foz do Itapocu,0.0945930932,0.0363636364,0,0.1309567296,0.0605572278
308,NA,Praia do Bispo,0.0917187754,0,0,0.0917187754,0.0424127481
309,NA,Picama,0.0917187754,0,0,0.0917187754,0.0424127481
310,NA,"Praia Grande, São Francisco do Sul",0.1341695457,0.0727272727,1,1.2068968184,0.55809522600000006
311,NA,Praia da Saudade,0.1341695457,0.0727272727,1,1.2068968184,0.55809522600000006
312,NA,Sao Francisco do Sul,0.0670847728,0.0727272727,1,1.1398120455,0.5270737742
313,NA,Píer da Petrobras,0.0670847728,0.0727272727,1,1.1398120455,0.5270737742
314,NA,Sumidouro,0.0670847728,0.0727272727,1,1.1398120455,0.5270737742
315,NA,Praia do Forte,0.0670847728,0.0727272727,1,1.1398120455,0.5270737742
316,NA,Terceira Pedra,0,0.0181818182,0,0.0181818182,0.0084076665
317,NA,Barra do sai mirim,0.0362083513,0.0181818182,0,0.0543901695,0.0251511923
318,NA,Barrinha,0.054312527,0.0181818182,0,0.0724943452,0.0335229552
319,NA,Praia Brava Guaratuba,0.174128294,0.0545454545,1,1.2286737485,0.5681653501
320,NA,Direitas de Guaratuba,0.174128294,0.0545454545,1,1.2286737485,0.5681653501
321,NA,Pico de Matinhos,0.2360231362,0.0545454545,0,0.2905685907,0.134365209
322,NA,Balneario Costa azul,0.2362914136,0,0,0.2362914136,0.1092662669
323,NA,Ilha do Mel,0.1564142356,0,0,0.1564142356,0.0723293299
324,NA,Farolete,0.1564142356,0,0,0.1564142356,0.0723293299
325,NA,"Guarau, Peruibe SP",0.0437445139,0.0181818182,0,0.0619263321,0.0286360771
326,NA,Pier de Mongaguá,0.0412725725,0,0,0.0412725725,0.0190853313
327,NA,Tombo,0.2530700984,0.0727272727,0,0.3257973711,0.15065576
328,NA,Astúrias,0.2530700984,0.0727272727,0,0.3257973711,0.15065576
329,NA,Pitangueiras Beach,0.2530700984,0.0727272727,0,0.3257973711,0.15065576
330,NA,porta do sol,0.1457667691,0.0909090909,0,0.23667586,0.1094440432
331,NA,Itarare,0.1457667691,0.0909090909,0,0.23667586,0.1094440432
332,NA,Santos,0.1457667691,0.0909090909,0,0.23667586,0.1094440432
333,NA,Praia de Pernambuco,0.1687133989,0,0,0.1687133989,0.0780167294
334,NA,Bonete,0.9470155444,0,0,0.9470155444,0.4379204968
335,NA,Sao Pedro,0.1687133989,0,0,0.1687133989,0.0780167294
336,NA,Praia de Iporanga,0.1687133989,0,0,0.1687133989,0.0780167294
337,NA,Taguaíba,0.1687133989,0,0,0.1687133989,0.0780167294
338,NA,praia branca,0.1687133989,0,0,0.1687133989,0.0780167294
339,NA,Castelhanos,0.9470155444,0,0,0.9470155444,0.4379204968
340,NA,Enseada - Bertioga,0.1687133989,0,0,0.1687133989,0.0780167294
341,NA,Santiago,0.2383083938,0,0,0.2383083938,0.1101989622
342,NA,Guaecá,0.4745441107,0,0,0.4745441107,0.2194394738
343,NA,Riviera de São Lourenço,0,0,0,0,0
344,NA,Paúba,0.2383083938,0,0,0.2383083938,0.1101989622
345,NA,Itaguaré,0,0,0,0,0
346,NA,Maresias,0.2383083938,0,0,0.2383083938,0.1101989622
347,NA,Camburi,0.2383083938,0,0,0.2383083938,0.1101989622
348,NA,Baleia,0.2383083938,0,0,0.2383083938,0.1101989622
349,NA,Guaratuba,0.101880947,0,0,0.101880947,0.0471119563
350,NA,Juquehy,0.1588722625,0,0,0.1588722625,0.0734659748
351,NA,Massaguaçu,0.1895860939,0.0727272727,0,0.2623133666,0.1212993815
352,NA,Simão,0.2843791408,0.0727272727,0,0.3571064135,0.1651337393
353,NA,Praia do sape,0.1895860939,0.0727272727,0,0.2623133666,0.1212993815
354,NA,Lagoinha,0.1895860939,0,0,0.1895860939,0.0876687156
355,NA,Sununga,0.3589642479,0,0,0.3589642479,0.1659928421
356,NA,Toninhas,0.3589642479,0,1,1.3589642479,0.6284144987
357,NA,Praia Grande (PG),0.3589642479,0,1,1.3589642479,0.6284144987
358,NA,Praia Grande North,0.3589642479,0,1,1.3589642479,0.6284144987
359,NA,Vermelha do Centro,0.3589642479,0,1,1.3589642479,0.6284144987
360,NA,Patiero,0.3589642479,0,1,1.3589642479,0.6284144987
361,NA,Vermelha do Norte,0.1947239381,0,1,1.1947239381,0.5524662225
362,NA,Itamambuca,0.1947239381,0,1,1.1947239381,0.5524662225
363,NA,Praia do Felix,0.3589642479,0,0,0.3589642479,0.1659928421
364,NA,Brava do Camburi,0.3853108782,0,0,0.3853108782,0.1781760946
365,NA,Ponta do Cepílio,0.3853108782,0,0,0.3853108782,0.1781760946
366,NA,Laranjeiras,0.3853108782,0,0,0.3853108782,0.1781760946
367,NA,Martim de Sa,0.4116575085,0,0,0.4116575085,0.190359347
368,NA,Aventureiro,0.2650329567,0,0,0.2650329567,0.1225569789
369,NA,Lopes Mendes,0.2650329567,0,0,0.2650329567,0.1225569789
370,NA,Barra de Guaratiba,0.3050190346,0,0,0.3050190346,0.1410474072
371,NA,Laje do Dramin,0.2650329567,0.0181818182,0,0.2832147749,0.1309646454
372,NA,Grumari,0.3050190346,0.0181818182,0,0.3232008528,0.1494550737
373,NA,Prainha,0.3050190346,0.0363636364,0,0.341382671,0.1578627402
374,NA,CcB,0.3050190346,0.0545454545,0,0.3595644891,0.1662704067
375,NA,Farorinha,0.3050190346,0.0909090909,0,0.3959281255,0.1830857397
376,NA,Canto do recreio,0.3050190346,0.0909090909,0,0.3959281255,0.1830857397
377,NA,Praia da Macumba,0.3050190346,0.0727272727,0,0.3777463073,0.1746780732
378,NA,Mambucaba,0.3383452326,0.0181818182,0,0.3565270508,0.1648658294
379,NA,Posto 10 - Recreio,0.3050190346,0.1090909091,0,0.4141099437,0.1914934061
380,NA,Recreio Posto 9,0.3050190346,0.1090909091,1,1.4141099437,0.6539150627
381,NA,Lage Postinho,0.3050190346,0.1090909091,1,1.4141099437,0.6539150627
382,NA,Joatinga,0.3050190346,0.0545454545,1,1.3595644891,0.6286920632
383,NA,Tropical (posto 1),0.3050190346,0.0727272727,1,1.3777463073,0.6370997297
384,NA,Barra da Tijuca - Posto 8,0.3050190346,0.1454545455,1,1.4504735801,0.6707303956
385,NA,Sao Conrado,0.3050190346,0.2363636364,0,0.541382671,0.2503470715
386,NA,Laje do sheraton,0.3050190346,0.2727272727,0,0.5777463073,0.2671624045
387,NA,Pontão do leblon,0.3050190346,0.3272727273,0,0.6322917619,0.2923854039
388,NA,Arpoador,0.2960074229,0.4,1,1.6960074229,0.784270562
389,NA,Praia do Diabo,0.2960074229,0.4,1,1.6960074229,0.784270562
390,NA,Leblon,0.3050190346,0.3454545455,1,1.6504735801,0.7632147269
391,NA,Ipanema,0.2960074229,0.4,1,1.6960074229,0.784270562
392,NA,Shore break expresso escorpiao,0.2960074229,0.4,1,1.6960074229,0.784270562
393,NA,Forte de Copacabana,0.2960074229,0.4,1,1.6960074229,0.784270562
394,NA,Posto 5 - Copacabana,0.2960074229,0.4,1,1.6960074229,0.784270562
395,NA,Praia Brava - Pontal do Atalaia,0.1544474405,0,1,1.1544474405,0.5338414978
396,NA,Shock,0.1910531942,0,0,0.1910531942,0.0883471345
397,NA,Praia Grande - Arraial do Cabo,0.1544474405,0,1,1.1544474405,0.5338414978
398,NA,Itacoatiara,0.1521759643,0,0,0.1521759643,0.0703694615
399,NA,Canal de Camboinhas,0.1910531942,0,0,0.1910531942,0.0883471345
400,NA,Camboinhas,0.1910531942,0,0,0.1910531942,0.0883471345
401,NA,Leme,0.2960074229,0.4363636364,1,1.7323710593,0.8010858949
402,NA,Ponta Negra - Maricá - RJ,0.1500220664,0,0,0.1500220664,0.0693734525
403,NA,Piratininga,0.2290418077,0.1818181818,1,1.4108599895,0.6524122135
404,NA,Massambaba,0.1173630137,0,0,0.1173630137,0.0542711992
405,NA,Lage de fora,0.131823919,0,1,1.131823919,0.5233798915
406,NA,Arraial do Cabo,0.1345235375,0,1,1.1345235375,0.5246282536
407,NA,Itauna,0.2049335554,0,1,1.2049335554,0.5571873707
408,NA,Backdoor,0.2049335554,0,1,1.2049335554,0.5571873707
409,NA,Saquarema - Itauna Beach,0.2049335554,0,1,1.2049335554,0.5571873707
410,NA,Saquarema - Praia da Vila,0.2049335554,0,1,1.2049335554,0.5571873707
411,NA,Praia do Foguete - Cabo Frio,0.1345235375,0.0181818182,1,1.1527053557,0.5330359201
412,NA,Flamengo,0.2960074229,0.4363636364,1,1.7323710593,0.8010858949
413,NA,prainha de adão e eva,0.2221454501,0.3636363636,1,1.5857818137,0.7332998532
414,NA,Itapuca,0.2221454501,0.3272727273,1,1.5494181774,0.7164845202
415,NA,Praia Brava - Cabo Frio,0.1792359785,0.0181818182,0,0.1974177967,0.0912902646
416,NA,Praia do Forte - Cabo Frio,0.1792359785,0.0181818182,1,1.1974177967,0.5537119211
417,NA,Dunas do Peró - Cabo Frio -RJ,0.184662097,0.0181818182,0,0.2028439152,0.0937994193
418,NA,Geriba,0.2296552798,0.1090909091,0,0.3387461889,0.1566435738
419,NA,Laje da Rasa,0.184662097,0.0363636364,0,0.2210257334,0.1022070858
420,NA,praia de unamar,0.1225267398,0,0,0.1225267398,0.056659018
421,NA,Costazul,0.1108214808,0.0545454545,0,0.1653669353,0.0764692522
422,NA,Pecado,0.1533186981,0.0181818182,1,1.1715005163,0.5417272094
423,NA,Cavaleiros,0.1533186981,0.0181818182,1,1.1715005163,0.5417272094
424,NA,Grussaí,0.0254057774,0,0,0.0254057774,0.0117481817
425,NA,Setiba Pina,0.1655643251,0.4,1,1.5655643251,0.7239508486
426,NA,Barra Sol,0.108677007,0.1454545455,0,0.2541315525,0.1175159335
427,NA,Secret,0.108677007,0.1454545455,0,0.2541315525,0.1175159335
428,NA,Coral do Céu,0.108677007,0.1454545455,0,0.2541315525,0.1175159335
429,NA,Pompeia,0.144902676,0.2,0,0.344902676,0.1594904668
430,NA,D2,0.144902676,0.2727272727,0,0.4176299487,0.1931211327
431,NA,Canal de Vitória,0.1328771534,0.2909090909,1,1.4237862443,0.6583895936
432,NA,Praia de Camburi,0.1328771534,0.2181818182,1,1.3510589716,0.6247589277
433,NA,Prainha de Carapebus,0.1702248864,0.0909090909,1,1.2611339773,0.5831756629
434,NA,Barrote-Jacaraipe,0.0968005857,0.0363636364,0,0.1331642221,0.0615780202
435,NA,Jacaraípe- Solemar,0.0670163447,0.0363636364,0,0.1033799811,0.0478051421
436,NA,Regencia,0.11327843680000001,0,0,0.11327843680000001,0.0523824024
437,NA,Guriri,0.0443308949,0,1,1.0443308949,0.4829212224
438,NA,Backdoor,0.0602099475,0,1,1.0602099475,0.4902640402
439,NA,Itacarezinho,0,0,0,0,0
440,NA,Engenhoca,0,0,0,0,0
441,NA,Jeribucaçu,0,0,0,0,0
442,NA,Prainha,0,0,0,0,0
443,NA,Tiririca,0,0,0,0,0
444,NA,Praia da Resende,0,0,0,0,0
445,NA,Boca da Barra,0,0,0,0,0
446,NA,Pontal,0,0,0,0,0
447,NA,Praia dos Algodoes,0,0,1,1,0.4624216565
448,NA,Saquaira,0,0,1,1,0.4624216565
449,NA,Taipu de Fora,0,0,0,0,0
450,NA,Pedra do Moleque,0,0.0181818182,0,0.0181818182,0.0084076665
451,NA,Farol da Barra,0.0381022377,0.2727272727,0,0.3108295104,0.1437342971
452,NA,Barravento,0.0381022377,0.2727272727,0,0.3108295104,0.1437342971
453,NA,Espanhol,0.0381022377,0.2727272727,0,0.3108295104,0.1437342971
454,NA,Corsário,0.114306713,0.2545454545,0,0.3688521675,0.1705652303
455,NA,Jaguaribe,0.1239430821,0.0909090909,1,1.214852173,0.5617739543
456,NA,Stella Maris,0.1181618237,0.0727272727,1,1.1908890964,0.5506929087
457,NA,Praia do forte,0.0423940988,0,0,0.0423940988,0.0196039494
458,NA,Scar Reef,0.0319302092,0,0,0.0319302092,0.0147652202
459,NA,Casinha,0.0211970494,0.0545454545,0,0.0757425039,0.0350249741
460,NA,Aracaju,0.06700056,0.0909090909,1,1.1579096509,0.5354424989
461,NA,Praia Do Francês,0.0517993132,0,0,0.0517993132,0.0239531242
462,NA,Pedra Virada,0.0517993132,0.4363636364,0,0.4881629496,0.2257371198
463,NA,Cruz das Almas,0.0466786276,0.4363636364,0,0.483042264,0.2233692039
464,NA,Riacho Doce,0.0933572552,0,0,0.0933572552,0.0431704166
465,NA,New Orleans,0.0466786276,0,0,0.0466786276,0.0215852083
466,NA,Praia do Morro,0,0,0,0,0
467,NA,Maracaipe,0.0319386043,0.2909090909,0,0.3228476952,0.149291766
468,NA,Borete,0.0319386043,0.2909090909,0,0.3228476952,0.149291766
469,NA,cupe,0.0501130139,0.2909090909,0,0.3410221048,0.1576960066
470,NA,Enseada dos Corais,0.0341546834,0.0363636364,0,0.0705183198,0.0326091983
471,NA,Tambaba,0.0382596836,0,0,0.0382596836,0.0176921063
472,NA,Mar do Macaco,0.0352999436,0.2181818182,1,1.2534817618,0.5796371127
473,NA,Dique de Cabedelo,0,0.0727272727,0,0.0727272727,0.0336306659
474,NA,Baia Formosa,0.065381207,0.0181818182,0,0.0835630252,0.0386413525
475,NA,Pipa,0.0435874714,0.5272727273,0,0.5708601987,0.2639781187
476,NA,Lajão,0.0435874714,0.5272727273,0,0.5708601987,0.2639781187
477,NA,Madeiro,0.0671985919,0.5272727273,0,0.5944713192,0.2748964122
478,NA,Cacimbinhas,0.0671985919,0.5272727273,0,0.5944713192,0.2748964122
479,NA,Tabatinga,0.0890508159,0.0909090909,0,0.1799599068,0.0832173582
480,NA,Ponta negra,0.1317370225,0.5272727273,1,1.6590097498,0.7671620367
481,NA,Genipabu,0.094556548,0,0,0.094556548,0.0437249956
482,NA,Morro Branco,0,0.1818181818,0,0.1818181818,0.0840766648
483,NA,Iguape Meio,0.9087734387,0,0,0.9087734387,0.4202365189
484,NA,Cacimba do Padre,0,0,1,1,0.4624216565
485,NA,Boldró,0,0,1,1,0.4624216565
486,NA,Conceição,0,0,1,1,0.4624216565
487,NA,Meio,0,0,1,1,0.4624216565
488,NA,Cachorro,0,0,1,1,0.4624216565
489,NA,Biboca,0,0,1,1,0.4624216565
490,NA,Abras,0,0,1,1,0.4624216565
491,NA,Futuro,0.1724907979,0.9818181818,1,2.1543089797,0.996199127
492,NA,Iracema (ponte metalica),0.0966027414,1,1,2.0966027414,0.9695145127
493,NA,Leste-Oeste,0.0966027414,0.9818181818,1,2.0784209232,0.9611068462
494,NA,Titanzinho,0.1625284757,0.9818181818,0,1.1443466575,0.529170677
495,NA,Icarai,0.0966027414,0.0363636364,0,0.1329663778,0.0614865327
496,NA,Pico das Almas,0.0153385036,0.1090909091,0,0.1244294127,0.0575388551
497,NA,Taiba,0,0,0,0,0
498,NA,Paracuru,0.0039563216,0.0181818182,0,0.0221381398,0.0102371553
499,NA,Jericoacoara,0.0052872395,0.0363636364,0,0.0416508759,0.019260267
500,NA,Travosa,0,0,0,0,0
501,NA,marahu,0.0422074797,0,0,0.0422074797,0.0195176527
502,NA,Camaraçu,0,0,0,0,0
503,NA,Araruna,0,0,1,1,0.4624216565
504,NA,Salinas,0.0898707313,0,0,0.0898707313,0.0415581724
505,NA,Imbé,0.0910852929,0.0181818182,0,0.1092671111,0.0505274785
506,NA,Mariluz,0.1240725745,0.0181818182,0,0.1422543927,0.0657815119
507,NA,Arroio Teixeira,0.1334122151,0,0,0.1334122151,0.0616926975
508,NA,Ilha do Batuta,0,0,0,0,0
509,NA,Brava de Matinhos,0.174128294,0.0545454545,0,0.2286737485,0.1057436936
510,NA,Pontal do Sul,0.2346213534,0,0,0.2346213534,0.1084939949
511,NA,Desertinha,0.0437445139,0,0,0.0437445139,0.0202284106
512,NA,Cibratel,0.0878865895,0.0181818182,1,1.1060684077,0.5114699853
513,NA,Montão do trigo,0.266822754,0,0,0.266822754,0.1233846199
514,NA,Indaiá - Bertioga,0.0791658966,0,0,0.0791658966,0.036608025
515,NA,Praia Brava,0.2383083938,0,0,0.2383083938,0.1101989622
516,NA,Jureia,0.133411377,0,0,0.133411377,0.06169231
517,NA,Barra do Una - Meio,0.1242219661,0,0,0.1242219661,0.0574429273
518,NA,Enseada - Ubatuba,0.3589642479,0,1,1.3589642479,0.6284144987
519,NA,Presídio,0.2650329567,0,0,0.2650329567,0.1225569789
520,NA,Inferno,0.3050190346,0.0181818182,0,0.3232008528,0.1494550737
521,NA,Macumba-secreto,0.3050190346,0.0363636364,0,0.341382671,0.1578627402
522,NA,Posto 4,0.3050190346,0.1454545455,1,1.4504735801,0.6707303956
523,NA,Vala do Mauri,0.3050190346,0.1454545455,1,1.4504735801,0.6707303956
524,NA,Praia Brava de Angra dos Reis,0.3383452326,0.0181818182,0,0.3565270508,0.1648658294
525,NA,Castelinho,0.2960074229,0.3454545455,1,1.6414619684,0.7590475625
526,NA,Sossego,0.2290418077,0.0181818182,0,0.2472236259,0.1143215586
527,NA,atafona - sao joao da barra,0.0254057774,0,0,0.0254057774,0.0117481817
528,NA,Cemitério,0.0636862804,0.0545454545,0,0.1182317349,0.0546729147
529,NA,Sirihyba,0.0602099475,0,0,0.0602099475,0.0278423837
530,NA,Sol do Muta,0,0,0,0,0
531,NA,Rock Quente,0.1181618237,0.0727272727,1,1.1908890964,0.5506929087
532,NA,Ribeira,0.0381022377,0.1636363636,0,0.2017386013,0.0932882982
533,NA,Praia das Ondas,0.0211970494,0.0181818182,0,0.0393788676,0.0182096412
534,NA,Rainha,0.0466786276,0.4363636364,0,0.483042264,0.2233692039
535,NA,Pedra de Xaréu,0.0341546834,0.0363636364,0,0.0705183198,0.0326091983
536,NA,Prainha,0.9999999988,0,0,0.9999999988,0.462421656
537,NA,Laje do Bode,0,0,1,1,0.4624216565
538,NA,Caolho,0.0272029488,0.0181818182,0,0.045384767,0.0209868991
539,NA,Atalaia (salinas),0.012704295000000001,0,0,0.012704295000000001,0.0058747411
540,NA,Algodoal,0,0,0,0,0
