OBJECTID,id,region,zone,name,lat,long,quality,frequency,direction,type,experience,BUFF_DIST,ORIG_FID,Shape_Leng,Shape_Area,SUM_Area_S
1,93,Nordeste,NA,Milionarios,-14.847631000000000,-39.022942000000000,NA,NA,NA,NA,NA,10000.000000000000000,1,62831.853071795863798,314159265.358979284763336,0.151692502600120
2,94,Nordeste,NA,Sul,-14.831120000000000,-39.022562999999998,NA,NA,NA,NA,NA,10000.000000000000000,2,62831.853071795863798,314159265.358979284763336,0.156424658727162
3,95,Nordeste,NA,Pedra da Cachorra,-14.821026000000000,-39.023632999999997,NA,NA,NA,NA,NA,10000.000000000000000,3,62831.853071795863798,314159265.358979284763336,0.159759650142824
4,96,Nordeste,NA,Jardim Atlantico,-14.815026000000000,-39.023400000000002,NA,NA,NA,NA,NA,10000.000000000000000,4,62831.853071795863798,314159265.358979284763336,0.161552124461435
5,97,Nordeste,NA,Baduska,-14.809442000000001,-39.023423000000001,NA,NA,NA,NA,NA,10000.000000000000000,5,62831.853071795863798,314159265.358979284763336,0.186257733387363
6,98,Nordeste,NA,Norte,-14.660090000000000,-39.063006999999999,NA,NA,NA,NA,NA,10000.000000000000000,6,62831.853071795863798,314159265.358979284763336,0.064886828278684
7,99,Nordeste,NA,Havaizinho,-14.468062000000000,-39.023161000000002,NA,NA,NA,NA,NA,10000.000000000000000,7,62831.853071795863798,314159265.358979284763336,0.000800444503648
8,100,Nordeste,NA,Sao Jose,-14.316062000000001,-38.990701000000001,NA,NA,NA,NA,NA,10000.000000000000000,8,62831.853071795863798,314159265.358979284763336,0.000412467214392
9,101,Nordeste,NA,Corals,-14.275408000000001,-38.982568999999998,NA,NA,NA,NA,NA,10000.000000000000000,9,62831.853071795863798,314159265.358979284763336,0.000555461634285
10,102,Nordeste,NA,Tony,-13.016731999999999,-38.488781000000003,NA,NA,NA,NA,NA,10000.000000000000000,10,62831.853071795863798,314159265.358979284763336,5.896283138818860
11,103,Nordeste,NA,Meridien,-13.016598000000000,-38.484878999999999,NA,NA,NA,NA,NA,10000.000000000000000,11,62831.853071795863798,314159265.358979284763336,5.901724608053650
12,104,Nordeste,NA,Amaralina,-13.015369000000000,-38.471834000000001,NA,NA,NA,NA,NA,10000.000000000000000,12,62831.853071795863798,314159265.358979284763336,5.895004775853900
13,105,Nordeste,NA,Tubao,-13.010683999999999,-38.461410999999998,NA,NA,NA,NA,NA,10000.000000000000000,13,62831.853071795863798,314159265.358979284763336,6.298015697761860
14,106,Nordeste,NA,Psiu,-12.995919000000001,-38.439390000000003,NA,NA,NA,NA,NA,10000.000000000000000,14,62831.853071795863798,314159265.358979284763336,7.222619135391810
15,107,Nordeste,NA,Alex,-12.973279000000000,-38.406477000000002,NA,NA,NA,NA,NA,10000.000000000000000,15,62831.853071795863798,314159265.358979284763336,5.024563904209710
16,108,Nordeste,NA,Terceira Ponte,-12.963839999999999,-38.396822000000000,NA,NA,NA,NA,NA,10000.000000000000000,16,62831.853071795863798,314159265.358979284763336,4.907250250550090
17,109,Nordeste,NA,SESC,-12.960485000000000,-38.390998000000003,NA,NA,NA,NA,NA,10000.000000000000000,17,62831.853071795863798,314159265.358979284763336,4.664978532868410
18,110,Nordeste,NA,Farol,-12.958147000000000,-38.352812999999998,NA,NA,NA,NA,NA,10000.000000000000000,18,62831.853071795863798,314159265.358979284763336,2.122079982580750
19,111,Nordeste,NA,Pedro do Sal,-12.954224000000000,-38.347234000000000,NA,NA,NA,NA,NA,10000.000000000000000,19,62831.853071795863798,314159265.358979284763336,1.978184182185530
20,112,Nordeste,NA,Itapoa,-12.952339000000000,-38.369608999999997,NA,NA,NA,NA,NA,10000.000000000000000,20,62831.853071795863798,314159265.358979284763336,2.760182047497830
21,113,Nordeste,NA,Seper,-12.952040999999999,-38.343243999999999,NA,NA,NA,NA,NA,10000.000000000000000,21,62831.853071795863798,314159265.358979284763336,1.850761342495550
22,114,Nordeste,NA,Corrente,-12.948985000000000,-38.339199999999998,NA,NA,NA,NA,NA,10000.000000000000000,22,62831.853071795863798,314159265.358979284763336,1.723510801242920
23,115,Nordeste,NA,Stela Maris,-12.947385000000001,-38.337372000000002,NA,NA,NA,NA,NA,10000.000000000000000,23,62831.853071795863798,314159265.358979284763336,1.677540016263120
24,116,Nordeste,NA,Plator,-12.946393000000000,-38.333083999999999,NA,NA,NA,NA,NA,10000.000000000000000,24,62831.853071795863798,314159265.358979284763336,1.639167811170140
25,117,Nordeste,NA,Aleluia,-12.926800999999999,-38.312618999999998,NA,NA,NA,NA,NA,10000.000000000000000,25,62831.853071795863798,314159265.358979284763336,1.339896562209820
26,118,Nordeste,NA,Ipitanga,-12.920477000000000,-38.309717999999997,NA,NA,NA,NA,NA,10000.000000000000000,26,62831.853071795863798,314159265.358979284763336,1.314473752708130
27,119,Nordeste,NA,Vilas,-12.894546000000000,-38.290790999999999,NA,NA,NA,NA,NA,10000.000000000000000,27,62831.853071795863798,314159265.358979284763336,1.206864109570800
28,120,Nordeste,NA,Busca Vida,-12.863464000000000,-38.255961999999997,NA,NA,NA,NA,NA,10000.000000000000000,28,62831.853071795863798,314159265.358979284763336,0.573903837932143
29,121,Nordeste,NA,Itacimirim,-12.639232000000000,-38.048194000000002,NA,NA,NA,NA,NA,10000.000000000000000,29,62831.853071795863798,314159265.358979284763336,0.208751190423340
30,122,Nordeste,NA,Praia do Forte,-12.583304999999999,-38.005077999999997,NA,NA,NA,NA,NA,10000.000000000000000,30,62831.853071795863798,314159265.358979284763336,0.128262651732902
31,123,Nordeste,NA,Imbassai,-12.342055000000000,-37.846200000000003,NA,NA,NA,NA,NA,10000.000000000000000,31,62831.853071795863798,314159265.358979284763336,0.000357280866776
32,124,Nordeste,NA,Costa do Sauipe,-12.022171000000000,-37.645508000000000,NA,NA,NA,NA,NA,10000.000000000000000,32,62831.853071795863798,314159265.358979284763336,0.000000000000000
33,125,Nordeste,NA,Marlin,-11.939802999999999,-37.602476000000003,NA,NA,NA,NA,NA,10000.000000000000000,33,62831.853071795863798,314159265.358979284763336,0.000000000000000
34,126,Nordeste,NA,Conde,-11.848141000000000,-37.558169999999997,NA,NA,NA,NA,NA,10000.000000000000000,34,62831.853071795863798,314159265.358979284763336,0.001119831919958
35,127,Nordeste,NA,Mangue Seco,-11.483613999999999,-37.364454000000002,NA,NA,NA,NA,NA,10000.000000000000000,35,62831.853071795863798,314159265.358979284763336,0.000552470755724
36,128,Nordeste,NA,Mosqueiro,-11.138116000000000,-37.145493000000002,NA,NA,NA,NA,NA,10000.000000000000000,36,62831.853071795863798,314159265.358979284763336,0.002834187029816
37,129,Nordeste,NA,Aruana,-11.067069000000000,-37.101289000000001,NA,NA,NA,NA,NA,10000.000000000000000,37,62831.853071795863798,314159265.358979284763336,0.430935012374750
38,130,Nordeste,NA,Hawaiizinho,-11.043927999999999,-37.082977999999997,NA,NA,NA,NA,NA,10000.000000000000000,38,62831.853071795863798,314159265.358979284763336,0.730599302554141
39,131,Nordeste,NA,Praia do Meio,-10.999541000000001,-37.050151000000000,NA,NA,NA,NA,NA,10000.000000000000000,39,62831.853071795863798,314159265.358979284763336,2.026585655258680
40,132,Nordeste,NA,Pirambu,-10.746346000000001,-36.855099000000003,NA,NA,NA,NA,NA,10000.000000000000000,40,62831.853071795863798,314159265.358979284763336,0.010951121306780
41,133,Nordeste,NA,Ponta do Mangue,-10.639483000000000,-36.678539000000001,NA,NA,NA,NA,NA,10000.000000000000000,41,62831.853071795863798,314159265.358979284763336,0.010607682770943
42,134,Nordeste,NA,Pontal de Peba,-10.367584000000001,-36.303941000000002,NA,NA,NA,NA,NA,10000.000000000000000,42,62831.853071795863798,314159265.358979284763336,0.000356553967185
43,135,Nordeste,NA,Mihai,-10.196728000000000,-36.181641999999997,NA,NA,NA,NA,NA,10000.000000000000000,43,62831.853071795863798,314159265.358979284763336,0.007867473765628
44,136,Nordeste,NA,Pontal do Coruripe,-10.160774999999999,-36.150663999999999,NA,NA,NA,NA,NA,10000.000000000000000,44,62831.853071795863798,314159265.358979284763336,0.007867473765628
45,137,Nordeste,NA,Forjos,-10.107661999999999,-36.097672000000003,NA,NA,NA,NA,NA,10000.000000000000000,45,62831.853071795863798,314159265.358979284763336,0.009590597321601
46,138,Nordeste,NA,Poxim,-10.063563000000000,-36.040908999999999,NA,NA,NA,NA,NA,10000.000000000000000,46,62831.853071795863798,314159265.358979284763336,0.014841077446936
47,139,Nordeste,NA,Jacarecica,-9.916383000000000,-35.945963999999996,NA,NA,NA,NA,NA,10000.000000000000000,47,62831.853071795863798,314159265.358979284763336,0.014310059026725
48,140,Nordeste,NA,Praia do Meio,-9.824446999999999,-35.877803000000000,NA,NA,NA,NA,NA,10000.000000000000000,48,62831.853071795863798,314159265.358979284763336,0.080034675867866
49,141,Nordeste,NA,Praia do Pontal,-9.682589999999999,-35.758536999999997,NA,NA,NA,NA,NA,10000.000000000000000,49,62831.853071795863798,314159265.358979284763336,2.112060138929280
50,142,Nordeste,NA,Salgema,-9.679629000000000,-35.718974000000003,NA,NA,NA,NA,NA,10000.000000000000000,50,62831.853071795863798,314159265.358979284763336,1.985707256642570
51,143,Nordeste,NA,Pier do Emissario,-9.673301000000000,-35.715234000000002,NA,NA,NA,NA,NA,10000.000000000000000,51,62831.853071795863798,314159265.358979284763336,2.055977694589780
52,144,Nordeste,NA,Praia do Sobral,-9.666869000000000,-35.710735000000000,NA,NA,NA,NA,NA,10000.000000000000000,52,62831.853071795863798,314159265.358979284763336,2.085036194642790
53,145,Nordeste,NA,"Pico da Barra, Brazil",-9.665630000000000,-35.697186000000002,NA,NA,NA,NA,NA,10000.000000000000000,53,62831.853071795863798,314159265.358979284763336,2.019439287498020
54,146,Nordeste,NA,Pedra Virada,-9.585521999999999,-35.660038000000000,NA,NA,NA,NA,NA,10000.000000000000000,54,62831.853071795863798,314159265.358979284763336,1.586536617161700
55,147,Nordeste,NA,Praia de Jatiuca,-9.531449000000000,-35.590927999999998,NA,NA,NA,NA,NA,10000.000000000000000,55,62831.853071795863798,314159265.358979284763336,0.012031327017530
56,148,Nordeste,NA,Garca Torta,-9.487114000000000,-35.557476999999999,NA,NA,NA,NA,NA,10000.000000000000000,56,62831.853071795863798,314159265.358979284763336,0.025464953391132
57,149,Nordeste,NA,Mirante da Sirena,-9.430906000000000,-35.503683000000002,NA,NA,NA,NA,NA,10000.000000000000000,57,62831.853071795863798,314159265.358979284763336,0.023665074014421
58,150,Nordeste,NA,Japaratinga,-9.261582000000001,-35.353366000000001,NA,NA,NA,NA,NA,10000.000000000000000,58,62831.853071795863798,314159265.358979284763336,0.056480284284605
59,151,Nordeste,NA,Impossivel,-8.615505000000001,-35.020375000000001,NA,NA,NA,NA,NA,10000.000000000000000,59,62831.853071795863798,314159265.358979284763336,0.429069541746844
60,152,Nordeste,NA,Serrambi,-8.576358000000001,-35.028714999999998,NA,NA,NA,NA,NA,10000.000000000000000,60,62831.853071795863798,314159265.358979284763336,0.848048783881503
61,153,Nordeste,NA,Porto de Galinhas,-8.488678000000000,-34.999501000000002,NA,NA,NA,NA,NA,10000.000000000000000,61,62831.853071795863798,314159265.358979284763336,1.087698257779980
62,154,Nordeste,NA,Cupe,-8.479708000000000,-34.996577000000002,NA,NA,NA,NA,NA,10000.000000000000000,62,62831.853071795863798,314159265.358979284763336,1.225863626438890
63,155,Nordeste,NA,Gaibu,-8.341567000000000,-34.948825999999997,NA,NA,NA,NA,NA,10000.000000000000000,63,62831.853071795863798,314159265.358979284763336,1.796692171280760
64,156,Nordeste,NA,Bessa,-7.091138000000000,-34.832765000000002,NA,NA,NA,NA,NA,10000.000000000000000,64,62831.853071795863798,314159265.358979284763336,6.126048066781580
65,157,Nordeste,NA,Saji,-6.466880000000000,-34.970449000000002,NA,NA,NA,NA,NA,10000.000000000000000,65,62831.853071795863798,314159265.358979284763336,0.040863019301973
66,158,Nordeste,NA,Farol,-6.408908000000000,-34.979016999999999,NA,NA,NA,NA,NA,10000.000000000000000,66,62831.853071795863798,314159265.358979284763336,0.062159274323271
67,159,Nordeste,NA,Xilauzinho,-6.395101000000000,-34.983204999999998,NA,NA,NA,NA,NA,10000.000000000000000,67,62831.853071795863798,314159265.358979284763336,0.050177156321422
68,160,Nordeste,NA,Mar Aberto,-6.379758000000000,-34.989437000000002,NA,NA,NA,NA,NA,10000.000000000000000,68,62831.853071795863798,314159265.358979284763336,0.049438349086883
69,161,Nordeste,NA,Pontal,-6.368680000000000,-34.993423999999997,NA,NA,NA,NA,NA,10000.000000000000000,69,62831.853071795863798,314159265.358979284763336,0.028071441761111
70,162,Nordeste,NA,Mar da Frente,-6.365217000000000,-35.006211999999998,NA,NA,NA,NA,NA,10000.000000000000000,70,62831.853071795863798,314159265.358979284763336,0.032602193255027
71,163,Nordeste,NA,Lajinha,-6.278960000000000,-35.033028000000002,NA,NA,NA,NA,NA,10000.000000000000000,71,62831.853071795863798,314159265.358979284763336,0.142720789286077
72,164,Nordeste,NA,Afogados,-6.244350000000000,-35.036464000000002,NA,NA,NA,NA,NA,10000.000000000000000,72,62831.853071795863798,314159265.358979284763336,0.176164408230400
73,165,Nordeste,NA,Sororoca,-6.238074000000000,-35.035608000000003,NA,NA,NA,NA,NA,10000.000000000000000,73,62831.853071795863798,314159265.358979284763336,0.174456048061945
74,166,Nordeste,NA,Abacateiro,-6.233891000000000,-35.036746999999998,NA,NA,NA,NA,NA,10000.000000000000000,74,62831.853071795863798,314159265.358979284763336,0.174456048061945
75,167,Nordeste,NA,Tibau do Sul,-6.180279000000000,-35.089708999999999,NA,NA,NA,NA,NA,10000.000000000000000,75,62831.853071795863798,314159265.358979284763336,0.284364556095866
76,168,Nordeste,NA,Tabatinga,-6.049479000000000,-35.108238000000000,NA,NA,NA,NA,NA,10000.000000000000000,76,62831.853071795863798,314159265.358979284763336,0.387327111978664
77,169,Nordeste,NA,Xoxoline,-6.005800000000000,-35.105258999999997,NA,NA,NA,NA,NA,10000.000000000000000,77,62831.853071795863798,314159265.358979284763336,0.282819920541328
78,170,Nordeste,NA,Pirangi Reef,-5.980259000000000,-35.107796000000000,NA,NA,NA,NA,NA,10000.000000000000000,78,62831.853071795863798,314159265.358979284763336,0.234695009715080
79,171,Nordeste,NA,Cotovelo,-5.949906000000000,-35.151975000000000,NA,NA,NA,NA,NA,10000.000000000000000,79,62831.853071795863798,314159265.358979284763336,0.788821629769321
80,172,Nordeste,NA,Miami,-5.794834000000000,-35.181663999999998,NA,NA,NA,NA,NA,10000.000000000000000,80,62831.853071795863798,314159265.358979284763336,4.442159583692260
81,173,Nordeste,NA,Areia Preta,-5.792249000000000,-35.184387000000001,NA,NA,NA,NA,NA,10000.000000000000000,81,62831.853071795863798,314159265.358979284763336,4.417450651663770
82,174,Nordeste,NA,Praia dos Artistas,-5.781239000000000,-35.192050000000002,NA,NA,NA,NA,NA,10000.000000000000000,82,62831.853071795863798,314159265.358979284763336,4.210026976756270
83,175,Nordeste,NA,Genipabu,-5.694407000000000,-35.201922000000003,NA,NA,NA,NA,NA,10000.000000000000000,83,62831.853071795863798,314159265.358979284763336,0.824208942127619
84,176,Nordeste,NA,Touros Area,-5.197434000000000,-35.457929999999998,NA,NA,NA,NA,NA,10000.000000000000000,84,62831.853071795863798,314159265.358979284763336,0.041988587761613
85,177,Nordeste,NA,Urca da Concei&ccedil;&atilde;o,-5.069617000000000,-35.800230999999997,NA,NA,NA,NA,NA,10000.000000000000000,85,62831.853071795863798,314159265.358979284763336,0.006515842127158
86,178,Nordeste,NA,Cocoa das Lavadeiras,-5.066515000000000,-35.862005000000003,NA,NA,NA,NA,NA,10000.000000000000000,86,62831.853071795863798,314159265.358979284763336,0.011031547401078
87,179,Nordeste,NA,Baia das Ratas,-3.813000000000000,-32.393000000000001,NA,NA,NA,NA,NA,10000.000000000000000,87,62831.853071795863798,314159265.358979284763336,0.136338385813982
88,180,Nordeste,NA,Volta da Jurema,-3.724294000000000,-38.496071999999998,NA,NA,NA,NA,NA,10000.000000000000000,88,62831.853071795863798,314159265.358979284763336,7.828057928964980
89,181,Nordeste,NA,Portao,-3.719326000000000,-38.510655000000000,NA,NA,NA,NA,NA,10000.000000000000000,89,62831.853071795863798,314159265.358979284763336,10.308850142456400
90,182,Nordeste,NA,Barra do Ceara,-3.692659000000000,-38.584716000000000,NA,NA,NA,NA,NA,10000.000000000000000,90,62831.853071795863798,314159265.358979284763336,10.610352906559200
91,183,Nordeste,NA,Praia do Pecem,-3.546170000000000,-38.806919000000001,NA,NA,NA,NA,NA,10000.000000000000000,91,62831.853071795863798,314159265.358979284763336,0.626193872951053
92,184,Nordeste,NA,Tabinha,-3.500935000000000,-38.911282000000000,NA,NA,NA,NA,NA,10000.000000000000000,92,62831.853071795863798,314159265.358979284763336,0.247019456000881
93,185,Nordeste,NA,Pedra do Meio,-3.410858000000000,-39.040807000000001,NA,NA,NA,NA,NA,10000.000000000000000,93,62831.853071795863798,314159265.358979284763336,0.174577387375725
94,186,Nordeste,NA,Havaizinho,-3.403507000000000,-39.022171000000000,NA,NA,NA,NA,NA,10000.000000000000000,94,62831.853071795863798,314159265.358979284763336,0.088164336694135
95,187,Nordeste,NA,Curral,-3.403353000000000,-39.025868000000003,NA,NA,NA,NA,NA,10000.000000000000000,95,62831.853071795863798,314159265.358979284763336,0.088164336694135
96,188,Nordeste,NA,Outside,-3.398539000000000,-39.013306000000000,NA,NA,NA,NA,NA,10000.000000000000000,96,62831.853071795863798,314159265.358979284763336,0.087658941827178
97,189,Nordeste,NA,Atins,-2.555789000000000,-42.727836000000003,NA,NA,NA,NA,NA,10000.000000000000000,97,62831.853071795863798,314159265.358979284763336,0.005254376687116
98,190,Nordeste,NA,Ponta d'Areia,-2.497384000000000,-44.311779000000001,NA,NA,NA,NA,NA,10000.000000000000000,98,62831.853071795863798,314159265.358979284763336,1.660801176793510
99,191,Nordeste,NA,S&atilde;o Marcos,-2.485445000000000,-44.297899999999998,NA,NA,NA,NA,NA,10000.000000000000000,99,62831.853071795863798,314159265.358979284763336,1.715950661251200
100,192,Nordeste,NA,Calhau,-2.480673000000000,-44.249679999999998,NA,NA,NA,NA,NA,10000.000000000000000,100,62831.853071795863798,314159265.358979284763336,1.700406933828360
101,193,Nordeste,NA,Olho D'Agu,-2.477097000000000,-44.230155000000003,NA,NA,NA,NA,NA,10000.000000000000000,101,62831.853071795863798,314159265.358979284763336,1.579714021711460
102,194,Nordeste,NA,Ponta do Farol,-2.456442000000000,-44.173347999999997,NA,NA,NA,NA,NA,10000.000000000000000,102,62831.853071795863798,314159265.358979284763336,0.511492392239386
103,445,Nordeste,Bahia Sul,Backdoor,-14.840603000000000,-39.001465000000003,3.5,2,Right,Point-break,Experienced surfers,10000.000000000000000,103,62831.853071795863798,314159265.358979284763336,0.074323229133267
104,446,Nordeste,Bahia Sul,Itacarezinho,-14.370585000000000,-39.006014000000000,3,4,Right and left,Beach-break,All surfers,10000.000000000000000,104,62831.853071795863798,314159265.358979284763336,0.000554646644814
105,447,Nordeste,Bahia Sul,Engenhoca,-14.352541000000000,-39.000950000000003,NA,4,Right and left,Beach-break,All surfers,10000.000000000000000,105,62831.853071795863798,314159265.358979284763336,0.000967113859206
106,448,Nordeste,Bahia Sul,Jeribucaçu,-14.344391999999999,-39.001379000000000,3,4,Right and left,Beach-break,All surfers,10000.000000000000000,106,62831.853071795863798,314159265.358979284763336,0.000518567556176
107,449,Nordeste,Bahia Sul,Prainha,-14.297738000000001,-38.981037000000001,3.5,3,Right and left,Beach-break,All surfers,10000.000000000000000,107,62831.853071795863798,314159265.358979284763336,0.000412467214392
108,450,Nordeste,Bahia Sul,Tiririca,-14.286009999999999,-38.982925000000002,3.5,4,Right and left,Beach-break,All surfers,10000.000000000000000,108,62831.853071795863798,314159265.358979284763336,0.000412467214392
109,451,Nordeste,Bahia Sul,Praia da Resende,-14.283889000000000,-38.985069000000003,3,4,Right and left,Beach-break,All surfers,10000.000000000000000,109,62831.853071795863798,314159265.358979284763336,0.000412467214392
110,452,Nordeste,Bahia Sul,Boca da Barra,-14.265879999999999,-38.986702000000001,3.5,4,Right,Rivermouth,Experienced surfers,10000.000000000000000,110,62831.853071795863798,314159265.358979284763336,0.000555461634285
111,453,Nordeste,Bahia Sul,Pontal,-14.263551000000000,-38.993568000000003,3,4,Right and left,Beach-break,All surfers,10000.000000000000000,111,62831.853071795863798,314159265.358979284763336,0.000555461634285
112,454,Nordeste,Bahia Sul,Praia dos Algodoes,-14.077500000000001,-38.954444000000002,3,3,Right and left,Reef-coral,All surfers,10000.000000000000000,112,62831.853071795863798,314159265.358979284763336,0.000565030520810
113,455,Nordeste,Bahia Sul,Saquaira,-14.041088999999999,-38.948078000000002,3.5,4,Right and left,Beach-break,Experienced surfers,10000.000000000000000,113,62831.853071795863798,314159265.358979284763336,0.000565030520810
114,456,Nordeste,Bahia Sul,Taipu de Fora,-13.942398000000001,-38.926620000000000,3,4,Right and left,Beach-break,All surfers,10000.000000000000000,114,62831.853071795863798,314159265.358979284763336,0.002174172068874
115,457,Nordeste,Bahia Sul,Pedra do Moleque,-13.377011000000000,-38.912630000000000,3.5,3,Right,Reef-coral,Experienced surfers,10000.000000000000000,115,62831.853071795863798,314159265.358979284763336,0.006633073475106
116,458,Nordeste,Bahia Norte,Farol da Barra,-13.009994000000001,-38.533602000000002,3.5,2,Left,breakwater/jetty,Experienced surfers,10000.000000000000000,116,62831.853071795863798,314159265.358979284763336,5.214402221098990
117,459,Nordeste,Bahia Norte,Barravento,-13.009764000000001,-38.526971000000003,3.5,3,Right and left,Beach-break,All surfers,10000.000000000000000,117,62831.853071795863798,314159265.358979284763336,5.602003489669760
118,460,Nordeste,Bahia Norte,Espanhol,-13.006230000000000,-38.533397999999998,3.5,2,Right and left,Point-break,Experienced surfers,10000.000000000000000,118,62831.853071795863798,314159265.358979284763336,5.593203541424690
119,461,Nordeste,Bahia Norte,Corsário,-12.976457000000000,-38.423394999999999,3,4,Right and left,Beach-break,All surfers,10000.000000000000000,119,62831.853071795863798,314159265.358979284763336,7.854938839827030
120,462,Nordeste,Bahia Norte,Jaguaribe,-12.955755000000000,-38.385007000000002,3.5,3,Right and left,Beach-break,All surfers,10000.000000000000000,120,62831.853071795863798,314159265.358979284763336,4.073639822067660
121,463,Nordeste,Bahia Norte,Stella Maris,-12.936097999999999,-38.323714000000002,3.5,4,Right and left,Beach-break,All surfers,10000.000000000000000,121,62831.853071795863798,314159265.358979284763336,1.555850403963560
122,464,Nordeste,Bahia Norte,Praia do forte,-12.734415000000000,-38.144444999999997,3.5,4,Right and left,Reef-coral,Experienced surfers,10000.000000000000000,122,62831.853071795863798,314159265.358979284763336,0.112607241533476
123,465,Nordeste,Bahia Norte,Scar Reef,-12.674941000000000,-38.085174000000002,3.5,2,Right and left,Reef-coral,Experienced surfers,10000.000000000000000,123,62831.853071795863798,314159265.358979284763336,0.233394809807399
124,466,Nordeste,Bahia Norte,Casinha,-12.556333000000000,-37.988351999999999,3.5,3,Right,Reef-coral,Experienced surfers,10000.000000000000000,124,62831.853071795863798,314159265.358979284763336,0.111466143525294
125,467,Nordeste,Sergipe Alagoas,Aracaju,-10.987674000000000,-37.041145999999998,3,3,Right and left,NA,All surfers,10000.000000000000000,125,62831.853071795863798,314159265.358979284763336,2.363575632967940
126,468,Nordeste,Sergipe Alagoas,Praia Do Francês,-9.772375000000000,-35.845170000000003,3.5,4,Right and left,Beach-break,All surfers,10000.000000000000000,126,62831.853071795863798,314159265.358979284763336,0.130176514007865
127,469,Nordeste,Sergipe Alagoas,Pedra Virada,-9.678906000000000,-35.702514000000001,3.5,2,Left,Reef-rocky,Experienced surfers,10000.000000000000000,127,62831.853071795863798,314159265.358979284763336,1.951051536943500
128,470,Nordeste,Sergipe Alagoas,Cruz das Almas,-9.631199000000001,-35.696071000000003,3.5,4,Right and left,Sand-bar,All surfers,10000.000000000000000,128,62831.853071795863798,314159265.358979284763336,2.561336095174310
129,471,Nordeste,Sergipe Alagoas,Riacho Doce,-9.568049999999999,-35.646794000000000,3,3,Right and left,Rivermouth,All surfers,10000.000000000000000,129,62831.853071795863798,314159265.358979284763336,0.466634013679100
130,472,Nordeste,Sergipe Alagoas,New Orleans,-9.526289999999999,-35.583022000000000,3,NA,Right and left,Beach-break,All surfers,10000.000000000000000,130,62831.853071795863798,314159265.358979284763336,0.012274628070129
131,473,Nordeste,Sergipe Alagoas,Praia do Morro,-9.327169000000000,-35.438530999999998,3.5,4,Right and left,Beach-break,All surfers,10000.000000000000000,131,62831.853071795863798,314159265.358979284763336,0.011867252669898
132,474,Nordeste,Paraiba and Pernambucco,Maracaipe,-8.525427000000001,-35.006261000000002,4,4,Right and left,Beach-break,Experienced surfers,10000.000000000000000,132,62831.853071795863798,314159265.358979284763336,1.002893702055950
133,475,Nordeste,Paraiba and Pernambucco,Borete,-8.499622000000000,-35.003127999999997,3,4,Right and left,Beach-break,All surfers,10000.000000000000000,133,62831.853071795863798,314159265.358979284763336,1.090832135272940
134,476,Nordeste,Paraiba and Pernambucco,cupe,-8.466621000000000,-34.989438000000000,4,3,Right and left,Beach-break,Experienced surfers,10000.000000000000000,134,62831.853071795863798,314159265.358979284763336,1.432128903720650
135,477,Nordeste,Paraiba and Pernambucco,Enseada dos Corais,-8.312229000000000,-34.946179000000001,3.5,4,Right and left,Beach-break,Experienced surfers,10000.000000000000000,135,62831.853071795863798,314159265.358979284763336,2.609681147521090
136,478,Nordeste,Paraiba and Pernambucco,Tambaba,-7.361306000000000,-34.798406000000000,3,NA,Right and left,Beach-break,All surfers,10000.000000000000000,136,62831.853071795863798,314159265.358979284763336,0.089592316207656
137,479,Nordeste,Paraiba and Pernambucco,Mar do Macaco,-7.045016000000000,-34.841422999999999,2,3,Right and left,Beach-break,Beginners wave,10000.000000000000000,137,62831.853071795863798,314159265.358979284763336,5.576166893756680
138,480,Nordeste,Paraiba and Pernambucco,Dique de Cabedelo,-6.963415000000000,-34.842559999999999,3,2,Left,Beach-break,All surfers,10000.000000000000000,138,62831.853071795863798,314159265.358979284763336,2.358386542122610
139,481,Nordeste,Rio Grande Do Norte,Baia Formosa,-6.366994000000000,-35.014800999999999,3.5,3,Right,Point-break,All surfers,10000.000000000000000,139,62831.853071795863798,314159265.358979284763336,0.032602193255027
140,482,Nordeste,Rio Grande Do Norte,Pipa,-6.227699000000000,-35.044626999999998,4,4,Right and left,Beach-break,All surfers,10000.000000000000000,140,62831.853071795863798,314159265.358979284763336,0.175705527383716
141,483,Nordeste,Rio Grande Do Norte,Lajão,-6.225929000000000,-35.050243999999999,3.5,2,Right,Point-break,Experienced surfers,10000.000000000000000,141,62831.853071795863798,314159265.358979284763336,0.176374499260992
142,484,Nordeste,Rio Grande Do Norte,Madeiro,-6.221044000000000,-35.067995000000003,3.5,3,Right and left,Beach-break,All surfers,10000.000000000000000,142,62831.853071795863798,314159265.358979284763336,0.176559410848889
143,485,Nordeste,Rio Grande Do Norte,Cacimbinhas,-6.211530000000000,-35.077500000000001,3.5,3,Right and left,Beach-break,All surfers,10000.000000000000000,143,62831.853071795863798,314159265.358979284763336,0.182332054964800
144,486,Nordeste,Rio Grande Do Norte,Tabatinga,-6.068866000000000,-35.097197999999999,3,NA,Right and left,NA,NA,10000.000000000000000,144,62831.853071795863798,314159265.358979284763336,0.263416526313381
145,487,Nordeste,Rio Grande Do Norte,Ponta negra,-5.879271000000000,-35.171270000000000,3,3,Right and left,Beach-break,All surfers,10000.000000000000000,145,62831.853071795863798,314159265.358979284763336,3.702873904806440
146,488,Nordeste,Rio Grande Do Norte,Genipabu,-5.687221000000000,-35.211010000000002,3,3,Right and left,Beach-break,All surfers,10000.000000000000000,146,62831.853071795863798,314159265.358979284763336,0.848185015248279
147,489,Nordeste,Ceara,Morro Branco,-4.150763000000000,-38.109726999999999,3,NA,Right and left,Beach-break,All surfers,10000.000000000000000,147,62831.853071795863798,314159265.358979284763336,0.054687932286027
148,490,Nordeste,Ceara,Iguape Meio,-3.941302000000000,-38.292251000000000,NA,NA,NA,Beach-break,All surfers,10000.000000000000000,148,62831.853071795863798,314159265.358979284763336,0.171072246709814
149,491,Nordeste,Fernando Do Noronha,Cacimba do Padre,-3.848947000000000,-32.439537000000001,4,2,Left,Beach-break,Experienced surfers,10000.000000000000000,149,62831.853071795863798,314159265.358979284763336,0.136338385813982
150,492,Nordeste,Fernando Do Noronha,Boldró,-3.845457000000000,-32.431694000000000,4,3,Right and left,Reef-coral,Pros or kamikaze only...,10000.000000000000000,150,62831.853071795863798,314159265.358979284763336,0.136338385813982
151,493,Nordeste,Fernando Do Noronha,Conceição,-3.841122000000000,-32.418498000000000,3,NA,Right and left,Beach-break,All surfers,10000.000000000000000,151,62831.853071795863798,314159265.358979284763336,0.136338385813982
152,494,Nordeste,Fernando Do Noronha,Meio,-3.839607000000000,-32.413288999999999,3,NA,Right and left,NA,All surfers,10000.000000000000000,152,62831.853071795863798,314159265.358979284763336,0.136338385813982
153,495,Nordeste,Fernando Do Noronha,Cachorro,-3.838906000000000,-32.411127000000000,3,2,Right,Beach-break,All surfers,10000.000000000000000,153,62831.853071795863798,314159265.358979284763336,0.136338385813982
154,496,Nordeste,Fernando Do Noronha,Biboca,-3.835106000000000,-32.403348999999999,3.5,NA,Right,Reef-coral,Experienced surfers,10000.000000000000000,154,62831.853071795863798,314159265.358979284763336,0.136338385813982
155,497,Nordeste,Fernando Do Noronha,Abras,-3.827602000000000,-32.400581000000003,4,2,Left,Reef-rocky,Experienced surfers,10000.000000000000000,155,62831.853071795863798,314159265.358979284763336,0.136338385813982
156,498,Nordeste,Ceara,Futuro,-3.726691000000000,-38.457008999999999,3.5,4,Right and left,Beach-break,All surfers,10000.000000000000000,156,62831.853071795863798,314159265.358979284763336,5.489263721785750
157,499,Nordeste,Ceara,Iracema (ponte metalica),-3.718212000000000,-38.518002000000003,3.5,3,Right and left,Reef-rocky,Experienced surfers,10000.000000000000000,157,62831.853071795863798,314159265.358979284763336,11.726265822383301
158,500,Nordeste,Ceara,Leste-Oeste,-3.714080000000000,-38.540489999999998,3,3,Right and left,Beach-break,All surfers,10000.000000000000000,158,62831.853071795863798,314159265.358979284763336,13.625274264663600
159,501,Nordeste,Ceara,Titanzinho,-3.707351000000000,-38.467813000000000,3.5,NA,Right and left,Reef-rocky,Experienced surfers,10000.000000000000000,159,62831.853071795863798,314159265.358979284763336,5.137391959350980
160,502,Nordeste,Ceara,Icarai,-3.670278000000000,-38.669443999999999,3.5,3,Right and left,Beach-break,Experienced surfers,10000.000000000000000,160,62831.853071795863798,314159265.358979284763336,2.276006013011900
161,503,Nordeste,Ceara,Pico das Almas,-3.605083000000000,-38.761997000000001,3,2,Right and left,Beach-break,Experienced surfers,10000.000000000000000,161,62831.853071795863798,314159265.358979284763336,0.651199334708483
162,504,Nordeste,Ceara,Taiba,-3.505663000000000,-38.905270000000002,3,3,Right and left,Point-break,All surfers,10000.000000000000000,162,62831.853071795863798,314159265.358979284763336,0.306038814757796
163,505,Nordeste,Ceara,Paracuru,-3.406714000000000,-39.032620999999999,3.5,NA,Right and left,Reef-coral,Experienced surfers,10000.000000000000000,163,62831.853071795863798,314159265.358979284763336,0.114089807954140
164,506,Nordeste,Ceara,Jericoacoara,-2.787089000000000,-40.512611000000000,3,3,Right and left,Beach-break,Beginners wave,10000.000000000000000,164,62831.853071795863798,314159265.358979284763336,0.021764546155009
165,507,Nordeste,Maranhao,Travosa,-2.358991000000000,-43.243904000000001,3.5,NA,Right and left,Beach-break,All surfers,10000.000000000000000,165,62831.853071795863798,314159265.358979284763336,0.000000000000000
166,508,Norte,Para,marahu,-1.073422000000000,-48.403187000000003,3.5,2,Right and left,Sand-bar,All surfers,10000.000000000000000,166,62831.853071795863798,314159265.358979284763336,0.158640322171305
167,509,Norte,Para,Camaraçu,-0.868831000000000,-46.430798000000003,5,4,Right and left,Beach-break,Experienced surfers,10000.000000000000000,167,62831.853071795863798,314159265.358979284763336,0.000000000000000
168,510,Norte,Para,Araruna,-0.688517000000000,-48.483266999999998,3,3,Right and left,Sand-bar,All surfers,10000.000000000000000,168,62831.853071795863798,314159265.358979284763336,0.076435250202217
169,511,Norte,Maranhao,Pororoca,1.242601000000000,-50.291972000000001,4,NA,Right and left,Rivermouth,Experienced surfers,10000.000000000000000,169,62831.853071795863798,314159265.358979284763336,0.000000000000000
170,537,Nordeste,Bahia Sul,Sirihyba,-14.955150900000000,-39.007338300000001,3,4,Right and left,Beach-break,All surfers,10000.000000000000000,170,62831.853071795863798,314159265.358979284763336,0.007213043234544
171,538,Nordeste,Bahia Sul,Sol do Muta,-13.881859300000000,-38.948337600000002,NA,3,Right,Point-break,All surfers,10000.000000000000000,171,62831.853071795863798,314159265.358979284763336,0.003741573468508
172,539,Nordeste,Bahia Norte,Rock Quente,-12.937671999999999,-38.326481000000001,3.5,NA,Right and left,Reef-rocky,NA,10000.000000000000000,172,62831.853071795863798,314159265.358979284763336,1.605115536506890
173,540,Nordeste,Bahia Norte,Ribeira,-12.918761999999999,-38.502079999999999,NA,3,Right and left,Beach-break,Beginners wave,10000.000000000000000,173,62831.853071795863798,314159265.358979284763336,8.704828127941189
174,541,Nordeste,Bahia Norte,Praia das Ondas,-12.596083999999999,-38.028939000000001,3,3,Right and left,Beach-break,All surfers,10000.000000000000000,174,62831.853071795863798,314159265.358979284763336,0.221120528976901
175,542,Nordeste,Sergipe and Alagoas,Rainha,-9.644078000000000,-35.698022000000002,3.5,3,Right and left,Beach-break,All surfers,10000.000000000000000,175,62831.853071795863798,314159265.358979284763336,2.337385976672660
176,543,Nordeste,Paraiba and Pernambucco,Pedra de Xaréu,-8.303081000000001,-34.945245000000000,3.5,4,Right,Point-break,All surfers,10000.000000000000000,176,62831.853071795863798,314159265.358979284763336,3.081277923400220
177,544,Nordeste,Ceara,Prainha,-3.899172000000000,-38.346806000000001,3.5,3,Right and left,Beach-break,All surfers,10000.000000000000000,177,62831.853071795863798,314159265.358979284763336,0.196620823269294
178,545,Nordeste,Fernando Do Noronha,Laje do Bode,-3.847468000000000,-32.434612000000001,3.5,2,Left,Reef-coral,Experienced surfers,10000.000000000000000,178,62831.853071795863798,314159265.358979284763336,0.136338385813982
179,546,Nordeste,Maranhao,Caolho,-2.478724000000000,-44.240184999999997,3.5,NA,Right and left,Beach-break,All surfers,10000.000000000000000,179,62831.853071795863798,314159265.358979284763336,1.727149487088650
180,547,Norte,Para,Atalaia (salinas),-0.596981000000000,-47.293622999999997,3,3,Right and left,Beach-break,All surfers,10000.000000000000000,180,62831.853071795863798,314159265.358979284763336,0.212622744718217
181,548,Norte,Para,Algodoal,-0.577838000000000,-47.579901000000000,3,2,Right,Beach-break,All surfers,10000.000000000000000,181,62831.853071795863798,314159265.358979284763336,0.030531958618159
