OBJECTID,Name,Surf_Spot,BUFF_DIST,ORIG_FID,Shape_Leng,Shape_Area,SUM_Area_S,very_high_
1,Cardoso, ,10000.000000000000000,0,62831.853071795863798,314159265.358979284763336,0.000000000000000,0.000000000000000
2,Ravena, ,10000.000000000000000,1,62831.853071795863798,314159265.358979284763336,0.000000000000000,0.000000000000000
3,Praia da Vila Imbituba, ,10000.000000000000000,2,62831.853071795863798,314159265.358979284763336,0.000000000000000,0.000000000000000
4,Praia do Porto Imbituba, ,10000.000000000000000,3,62831.853071795863798,314159265.358979284763336,0.000000000000000,0.000000000000000
5,Ponta da Pinheira, ,10000.000000000000000,4,62831.853071795863798,314159265.358979284763336,0.000000000000000,0.000000000000000
6,Mocambique, ,10000.000000000000000,5,62831.853071795863798,314159265.358979284763336,0.000000000000000,0.000000000000000
7,Ponta das Canas, ,10000.000000000000000,6,62831.853071795863798,314159265.358979284763336,0.000000000000000,0.000000000000000
8,Itagua&ccedil;u, ,10000.000000000000000,7,62831.853071795863798,314159265.358979284763336,0.000000000000000,0.000000000000000
9,Ilha Comprida, ,10000.000000000000000,8,62831.853071795863798,314159265.358979284763336,0.000000000000000,0.000000000000000
10,Iguape, ,10000.000000000000000,9,62831.853071795863798,314159265.358979284763336,0.000000000000000,0.000000000000000
11,Peruibe, ,10000.000000000000000,10,62831.853071795863798,314159265.358979284763336,0.000000000000000,0.000000000000000
12,Praia dos Pescadores, ,10000.000000000000000,11,62831.853071795863798,314159265.358979284763336,0.000000000000000,0.000000000000000
13,Itanhaem, ,10000.000000000000000,12,62831.853071795863798,314159265.358979284763336,0.000000000000000,0.000000000000000
14,Praia Grande, ,10000.000000000000000,13,62831.853071795863798,314159265.358979284763336,0.000000000000000,0.000000000000000
15,Praia do Forte dos Andradas, ,10000.000000000000000,14,62831.853071795863798,314159265.358979284763336,0.000000000000000,0.000000000000000
16,Praia do Forte dos Andradas, ,10000.000000000000000,15,62831.853071795863798,314159265.358979284763336,0.000000000000000,0.000000000000000
17,Praia da Ponta Grossa, ,10000.000000000000000,16,62831.853071795863798,314159265.358979284763336,0.000000000000000,0.000000000000000
18,Itaipu, ,10000.000000000000000,17,62831.853071795863798,314159265.358979284763336,0.000000000000000,0.000000000000000
19,Guaiuba, ,10000.000000000000000,18,62831.853071795863798,314159265.358979284763336,0.000000000000000,0.000000000000000
20,Santos, ,10000.000000000000000,19,62831.853071795863798,314159265.358979284763336,0.000000000000000,0.000000000000000
21,Morro do Maluf, ,10000.000000000000000,20,62831.853071795863798,314159265.358979284763336,0.000000000000000,0.000000000000000
22,Praia da Enseada, ,10000.000000000000000,21,62831.853071795863798,314159265.358979284763336,0.000000000000000,0.000000000000000
23,Embare, ,10000.000000000000000,22,62831.853071795863798,314159265.358979284763336,0.000000000000000,0.000000000000000
24,Gonzaga, ,10000.000000000000000,23,62831.853071795863798,314159265.358979284763336,0.000000000000000,0.000000000000000
25,Pereque, ,10000.000000000000000,24,62831.853071795863798,314159265.358979284763336,0.000000000000000,0.000000000000000
26,Praia Preta, ,10000.000000000000000,25,62831.853071795863798,314159265.358979284763336,0.000000000000000,0.000000000000000
27,Praia da Bertioga, ,10000.000000000000000,26,62831.853071795863798,314159265.358979284763336,0.000000000000000,0.000000000000000
28,Maresias, ,10000.000000000000000,27,62831.853071795863798,314159265.358979284763336,0.000000000000000,0.000000000000000
29,Canto de Moreira, ,10000.000000000000000,28,62831.853071795863798,314159265.358979284763336,0.000000000000000,0.000000000000000
30,Itaguere, ,10000.000000000000000,29,62831.853071795863798,314159265.358979284763336,0.000000000000000,0.000000000000000
31,Boicucanga, ,10000.000000000000000,30,62831.853071795863798,314159265.358979284763336,0.000000000000000,0.000000000000000
32,Praia de Baleia, ,10000.000000000000000,31,62831.853071795863798,314159265.358979284763336,0.000000000000000,0.000000000000000
33,Barra do Sahy, ,10000.000000000000000,32,62831.853071795863798,314159265.358979284763336,0.000000000000000,0.000000000000000
34,Praia Preta, ,10000.000000000000000,33,62831.853071795863798,314159265.358979284763336,0.000000000000000,0.000000000000000
35,Bananas Point, ,10000.000000000000000,34,62831.853071795863798,314159265.358979284763336,0.000000000000000,0.000000000000000
36,Praia do Juquei, ,10000.000000000000000,35,62831.853071795863798,314159265.358979284763336,0.000000000000000,0.000000000000000
37,Praia da Boracéia, ,10000.000000000000000,36,62831.853071795863798,314159265.358979284763336,0.000000000000000,0.000000000000000
38,Praia Dura, ,10000.000000000000000,37,62831.853071795863798,314159265.358979284763336,0.000000000000000,0.000000000000000
39,Pereque-Acu, ,10000.000000000000000,38,62831.853071795863798,314159265.358979284763336,0.000000000000000,0.000000000000000
40,Itamambuca, ,10000.000000000000000,39,62831.853071795863798,314159265.358979284763336,0.000000000000000,0.000000000000000
41,Praia da Fazenda, ,10000.000000000000000,40,62831.853071795863798,314159265.358979284763336,0.000000000000000,0.000000000000000
42,Aventureiro, ,10000.000000000000000,41,62831.853071795863798,314159265.358979284763336,0.000000000000000,0.000000000000000
43,Praia do Leste, ,10000.000000000000000,42,62831.853071795863798,314159265.358979284763336,0.000000000000000,0.000000000000000
44,Praia do Sul, ,10000.000000000000000,43,62831.853071795863798,314159265.358979284763336,0.000000000000000,0.000000000000000
45,Praia do Meio, ,10000.000000000000000,44,62831.853071795863798,314159265.358979284763336,0.000000000000000,0.000000000000000
46,Restinga a Marambaia, ,10000.000000000000000,45,62831.853071795863798,314159265.358979284763336,0.000000000000000,0.000000000000000
47,Grumari, ,10000.000000000000000,46,62831.853071795863798,314159265.358979284763336,0.000000000000000,0.000000000000000
48,Reserva, ,10000.000000000000000,47,62831.853071795863798,314159265.358979284763336,0.000000000000000,0.000000000000000
49,Barra da Tijuca, ,10000.000000000000000,48,62831.853071795863798,314159265.358979284763336,0.000000000000000,0.000000000000000
50,Barra da Tijuca, ,10000.000000000000000,49,62831.853071795863798,314159265.358979284763336,0.000000000000000,0.000000000000000
51,Sao Conrado, ,10000.000000000000000,50,62831.853071795863798,314159265.358979284763336,0.000000000000000,0.000000000000000
52,Bambui, ,10000.000000000000000,51,62831.853071795863798,314159265.358979284763336,0.000000000000000,0.000000000000000
53,Itaipuacu, ,10000.000000000000000,52,62831.853071795863798,314159265.358979284763336,12.550279148003700,0.039948779271759
54,Barra de Marica, ,10000.000000000000000,53,62831.853071795863798,314159265.358979284763336,0.000000000000000,0.000000000000000
55,Camboinhas, ,10000.000000000000000,54,62831.853071795863798,314159265.358979284763336,19.404829370260401,0.061767490282635
56,Pirantininga, ,10000.000000000000000,55,62831.853071795863798,314159265.358979284763336,14.294895439216599,0.045502065402662
57,Jacone, ,10000.000000000000000,56,62831.853071795863798,314159265.358979284763336,0.000000000000000,0.000000000000000
58,Figueira, ,10000.000000000000000,57,62831.853071795863798,314159265.358979284763336,0.000000000000000,0.000000000000000
59,Praia do Fora, ,10000.000000000000000,58,62831.853071795863798,314159265.358979284763336,0.000000000000000,0.000000000000000
60,Laje do Pao de Acucar, ,10000.000000000000000,59,62831.853071795863798,314159265.358979284763336,0.000000000000000,0.000000000000000
61,Canal, ,10000.000000000000000,60,62831.853071795863798,314159265.358979284763336,0.000000000000000,0.000000000000000
62,Praia Seca, ,10000.000000000000000,61,62831.853071795863798,314159265.358979284763336,0.000000000000000,0.000000000000000
63,Caravelas, ,10000.000000000000000,62,62831.853071795863798,314159265.358979284763336,0.000000000000000,0.000000000000000
64,Tucuns, ,10000.000000000000000,63,62831.853071795863798,314159265.358979284763336,0.000000000000000,0.000000000000000
65,Praia Brava, ,10000.000000000000000,64,62831.853071795863798,314159265.358979284763336,0.000000000000000,0.000000000000000
66,Marataizes, ,10000.000000000000000,65,62831.853071795863798,314159265.358979284763336,0.000000000000000,0.000000000000000
67,Ponta do Ubu, ,10000.000000000000000,66,62831.853071795863798,314159265.358979284763336,66.638831277102398,0.212117987992353
68,Ponta dos Castelhanos, ,10000.000000000000000,67,62831.853071795863798,314159265.358979284763336,85.328647283993405,0.271609520051848
69,Maimba, ,10000.000000000000000,68,62831.853071795863798,314159265.358979284763336,106.499211386474002,0.338997518550920
70,Praia do Morro, ,10000.000000000000000,69,62831.853071795863798,314159265.358979284763336,141.320818695935998,0.449838137145036
71,Ponta de Bororo, ,10000.000000000000000,70,62831.853071795863798,314159265.358979284763336,60.771618095847600,0.193442068392941
72,Tropical, ,10000.000000000000000,71,62831.853071795863798,314159265.358979284763336,65.447059602625401,0.208324460931755
73,Dunas de Ule, ,10000.000000000000000,72,62831.853071795863798,314159265.358979284763336,62.345339128491901,0.198451378020801
74,Guarapari - Ule, ,10000.000000000000000,73,62831.853071795863798,314159265.358979284763336,60.682394046293098,0.193158059422355
75,Ponta da Fruta, ,10000.000000000000000,74,62831.853071795863798,314159265.358979284763336,62.485829530975103,0.198898572861045
76,Coral Dois, ,10000.000000000000000,75,62831.853071795863798,314159265.358979284763336,100.087692575106004,0.318589020319803
77,Ponta da Belina, ,10000.000000000000000,76,62831.853071795863798,314159265.358979284763336,101.890954026643996,0.324328979793789
78,Coral Um, ,10000.000000000000000,77,62831.853071795863798,314159265.358979284763336,106.391482250747998,0.338654606061604
79,Barrinha, ,10000.000000000000000,78,62831.853071795863798,314159265.358979284763336,118.722594628216996,0.377905755835521
80,Praia de Camburi, ,10000.000000000000000,79,62831.853071795863798,314159265.358979284763336,41.300423779065703,0.131463331924567
81,Velzyland, ,10000.000000000000000,80,62831.853071795863798,314159265.358979284763336,22.162329676750900,0.070544886369742
82,Ponta da Cacao, ,10000.000000000000000,81,62831.853071795863798,314159265.358979284763336,12.781709166325900,0.040685443899675
83,"Manguinhos, Brazil", ,10000.000000000000000,82,62831.853071795863798,314159265.358979284763336,6.316090568766370,0.020104740700705
84,Praia da Baleia, ,10000.000000000000000,83,62831.853071795863798,314159265.358979284763336,0.572105284190130,0.001821067678957
85,Jacaraipe - Solemar, ,10000.000000000000000,84,62831.853071795863798,314159265.358979284763336,12.325077825604000,0.039231941198744
86,Xa, ,10000.000000000000000,85,62831.853071795863798,314159265.358979284763336,14.494952320872200,0.046138866234963
87,Nova Almeida, ,10000.000000000000000,86,62831.853071795863798,314159265.358979284763336,81.493436345340101,0.259401664478112
88,Praia Grande, ,10000.000000000000000,87,62831.853071795863798,314159265.358979284763336,97.793164042430504,0.311285309158989
89,Regencia, ,10000.000000000000000,88,62831.853071795863798,314159265.358979284763336,0.000000000000000,0.000000000000000
90,Guriri, ,10000.000000000000000,89,62831.853071795863798,314159265.358979284763336,0.000000000000000,0.000000000000000
91,Milionarios, ,10000.000000000000000,90,62831.853071795863798,314159265.358979284763336,131.232864144138006,0.417727180492935
92,Sul, ,10000.000000000000000,91,62831.853071795863798,314159265.358979284763336,124.703921164728001,0.396944909526170
93,Pedra da Cachorra, ,10000.000000000000000,92,62831.853071795863798,314159265.358979284763336,117.413838945351998,0.373739857110970
94,Jardim Atlantico, ,10000.000000000000000,93,62831.853071795863798,314159265.358979284763336,111.266942265892993,0.354173677286748
95,Baduska, ,10000.000000000000000,94,62831.853071795863798,314159265.358979284763336,105.743341995210997,0.336591511551893
96,Norte, ,10000.000000000000000,95,62831.853071795863798,314159265.358979284763336,0.000000000000000,0.000000000000000
97,Havaizinho, ,10000.000000000000000,96,62831.853071795863798,314159265.358979284763336,0.000000000000000,0.000000000000000
98,Sao Jose, ,10000.000000000000000,97,62831.853071795863798,314159265.358979284763336,0.000000000000000,0.000000000000000
99,Corals, ,10000.000000000000000,98,62831.853071795863798,314159265.358979284763336,0.000000000000000,0.000000000000000
100,Tony, ,10000.000000000000000,99,62831.853071795863798,314159265.358979284763336,0.000000000000000,0.000000000000000
101,Meridien, ,10000.000000000000000,100,62831.853071795863798,314159265.358979284763336,0.000000000000000,0.000000000000000
102,Amaralina, ,10000.000000000000000,101,62831.853071795863798,314159265.358979284763336,0.000000000000000,0.000000000000000
103,Tubao, ,10000.000000000000000,102,62831.853071795863798,314159265.358979284763336,0.000000000000000,0.000000000000000
104,Psiu, ,10000.000000000000000,103,62831.853071795863798,314159265.358979284763336,0.000000000000000,0.000000000000000
105,Alex, ,10000.000000000000000,104,62831.853071795863798,314159265.358979284763336,0.000000000000000,0.000000000000000
106,Terceira Ponte, ,10000.000000000000000,105,62831.853071795863798,314159265.358979284763336,0.000000000000000,0.000000000000000
107,SESC, ,10000.000000000000000,106,62831.853071795863798,314159265.358979284763336,0.000000000000000,0.000000000000000
108,Farol, ,10000.000000000000000,107,62831.853071795863798,314159265.358979284763336,0.000000000000000,0.000000000000000
109,Pedro do Sal, ,10000.000000000000000,108,62831.853071795863798,314159265.358979284763336,0.000127149347458,0.000000404728943
110,Itapoa, ,10000.000000000000000,109,62831.853071795863798,314159265.358979284763336,0.000000000000000,0.000000000000000
111,Seper, ,10000.000000000000000,110,62831.853071795863798,314159265.358979284763336,0.116877614658079,0.000372033002192
112,Corrente, ,10000.000000000000000,111,62831.853071795863798,314159265.358979284763336,0.658409155349119,0.002095781433015
113,Stela Maris, ,10000.000000000000000,112,62831.853071795863798,314159265.358979284763336,1.081627909547110,0.003442928567812
114,Plator, ,10000.000000000000000,113,62831.853071795863798,314159265.358979284763336,1.598728141864910,0.005088909728758
115,Aleluia, ,10000.000000000000000,114,62831.853071795863798,314159265.358979284763336,12.092547303910900,0.038491773559800
116,Ipitanga, ,10000.000000000000000,115,62831.853071795863798,314159265.358979284763336,17.422563647467399,0.055457742516552
117,Vilas, ,10000.000000000000000,116,62831.853071795863798,314159265.358979284763336,46.180468757892498,0.146996997542389
118,Busca Vida, ,10000.000000000000000,117,62831.853071795863798,314159265.358979284763336,77.178166730638495,0.245665734679032
119,Itacimirim, ,10000.000000000000000,118,62831.853071795863798,314159265.358979284763336,85.694122552004202,0.272772863961483
120,Praia do Forte, ,10000.000000000000000,119,62831.853071795863798,314159265.358979284763336,88.776480196382906,0.282584313071082
121,Imbassai, ,10000.000000000000000,120,62831.853071795863798,314159265.358979284763336,94.440092834530503,0.300612152013461
122,Costa do Sauipe, ,10000.000000000000000,121,62831.853071795863798,314159265.358979284763336,0.000000000000000,0.000000000000000
123,Marlin, ,10000.000000000000000,122,62831.853071795863798,314159265.358979284763336,0.000000000000000,0.000000000000000
124,Conde, ,10000.000000000000000,123,62831.853071795863798,314159265.358979284763336,0.000000000000000,0.000000000000000
125,Mangue Seco, ,10000.000000000000000,124,62831.853071795863798,314159265.358979284763336,0.000000000000000,0.000000000000000
126,Mosqueiro, ,10000.000000000000000,125,62831.853071795863798,314159265.358979284763336,0.000000000000000,0.000000000000000
127,Aruana, ,10000.000000000000000,126,62831.853071795863798,314159265.358979284763336,0.000000000000000,0.000000000000000
128,Hawaiizinho, ,10000.000000000000000,127,62831.853071795863798,314159265.358979284763336,0.000000000000000,0.000000000000000
129,Praia do Meio, ,10000.000000000000000,128,62831.853071795863798,314159265.358979284763336,0.000000000000000,0.000000000000000
130,Pirambu, ,10000.000000000000000,129,62831.853071795863798,314159265.358979284763336,0.000000000000000,0.000000000000000
131,Ponta do Mangue, ,10000.000000000000000,130,62831.853071795863798,314159265.358979284763336,0.000000000000000,0.000000000000000
132,Pontal de Peba, ,10000.000000000000000,131,62831.853071795863798,314159265.358979284763336,0.000000000000000,0.000000000000000
133,Mihai, ,10000.000000000000000,132,62831.853071795863798,314159265.358979284763336,0.000000000000000,0.000000000000000
134,Pontal do Coruripe, ,10000.000000000000000,133,62831.853071795863798,314159265.358979284763336,0.000000000000000,0.000000000000000
135,Forjos, ,10000.000000000000000,134,62831.853071795863798,314159265.358979284763336,0.000000000000000,0.000000000000000
136,Poxim, ,10000.000000000000000,135,62831.853071795863798,314159265.358979284763336,0.000000000000000,0.000000000000000
137,Jacarecica, ,10000.000000000000000,136,62831.853071795863798,314159265.358979284763336,0.000000000000000,0.000000000000000
138,Praia do Meio, ,10000.000000000000000,137,62831.853071795863798,314159265.358979284763336,0.000000000000000,0.000000000000000
139,Praia do Pontal, ,10000.000000000000000,138,62831.853071795863798,314159265.358979284763336,0.000000000000000,0.000000000000000
140,Salgema, ,10000.000000000000000,139,62831.853071795863798,314159265.358979284763336,0.000000000000000,0.000000000000000
141,Pier do Emissario, ,10000.000000000000000,140,62831.853071795863798,314159265.358979284763336,0.000000000000000,0.000000000000000
142,Praia do Sobral, ,10000.000000000000000,141,62831.853071795863798,314159265.358979284763336,0.000000000000000,0.000000000000000
143,"Pico da Barra, Brazil", ,10000.000000000000000,142,62831.853071795863798,314159265.358979284763336,0.000000000000000,0.000000000000000
144,Pedra Virada, ,10000.000000000000000,143,62831.853071795863798,314159265.358979284763336,71.478799662052694,0.227524085849820
145,Praia de Jatiuca, ,10000.000000000000000,144,62831.853071795863798,314159265.358979284763336,122.068445670627000,0.388555930480496
146,Garca Torta, ,10000.000000000000000,145,62831.853071795863798,314159265.358979284763336,143.868007774109998,0.457946091800657
147,Mirante da Sirena, ,10000.000000000000000,146,62831.853071795863798,314159265.358979284763336,89.969105852141993,0.286380558438528
148,Japaratinga, ,10000.000000000000000,147,62831.853071795863798,314159265.358979284763336,11.374857000754901,0.036207294372672
149,Impossivel, ,10000.000000000000000,148,62831.853071795863798,314159265.358979284763336,48.843573466173702,0.155473923108274
150,Serrambi, ,10000.000000000000000,149,62831.853071795863798,314159265.358979284763336,110.121955923377001,0.350529072563066
151,Porto de Galinhas, ,10000.000000000000000,150,62831.853071795863798,314159265.358979284763336,154.510443610702993,0.491822017199299
152,Cupe, ,10000.000000000000000,151,62831.853071795863798,314159265.358979284763336,155.720569266011012,0.495673966795391
153,Gaibu, ,10000.000000000000000,152,62831.853071795863798,314159265.358979284763336,85.397716226336996,0.271829373323610
154,Bessa, ,10000.000000000000000,153,62831.853071795863798,314159265.358979284763336,0.000000000000000,0.000000000000000
155,Saji, ,10000.000000000000000,154,62831.853071795863798,314159265.358979284763336,0.000000000000000,0.000000000000000
156,Farol, ,10000.000000000000000,155,62831.853071795863798,314159265.358979284763336,0.000000000000000,0.000000000000000
157,Xilauzinho, ,10000.000000000000000,156,62831.853071795863798,314159265.358979284763336,0.000000000000000,0.000000000000000
158,Mar Aberto, ,10000.000000000000000,157,62831.853071795863798,314159265.358979284763336,0.000000000000000,0.000000000000000
159,Pontal, ,10000.000000000000000,158,62831.853071795863798,314159265.358979284763336,0.000000000000000,0.000000000000000
160,Mar da Frente, ,10000.000000000000000,159,62831.853071795863798,314159265.358979284763336,0.000000000000000,0.000000000000000
161,Lajinha, ,10000.000000000000000,160,62831.853071795863798,314159265.358979284763336,0.000000000000000,0.000000000000000
162,Afogados, ,10000.000000000000000,161,62831.853071795863798,314159265.358979284763336,0.000000000000000,0.000000000000000
163,Sororoca, ,10000.000000000000000,162,62831.853071795863798,314159265.358979284763336,0.000000000000000,0.000000000000000
164,Abacateiro, ,10000.000000000000000,163,62831.853071795863798,314159265.358979284763336,0.000000000000000,0.000000000000000
165,Tibau do Sul, ,10000.000000000000000,164,62831.853071795863798,314159265.358979284763336,0.000000000000000,0.000000000000000
166,Tabatinga, ,10000.000000000000000,165,62831.853071795863798,314159265.358979284763336,0.000000000000000,0.000000000000000
167,Xoxoline, ,10000.000000000000000,166,62831.853071795863798,314159265.358979284763336,0.000000000000000,0.000000000000000
168,Pirangi Reef, ,10000.000000000000000,167,62831.853071795863798,314159265.358979284763336,0.000000000000000,0.000000000000000
169,Cotovelo, ,10000.000000000000000,168,62831.853071795863798,314159265.358979284763336,0.000000000000000,0.000000000000000
170,Miami, ,10000.000000000000000,169,62831.853071795863798,314159265.358979284763336,0.000000000000000,0.000000000000000
171,Areia Preta, ,10000.000000000000000,170,62831.853071795863798,314159265.358979284763336,0.000000000000000,0.000000000000000
172,Praia dos Artistas, ,10000.000000000000000,171,62831.853071795863798,314159265.358979284763336,0.000000000000000,0.000000000000000
173,Genipabu, ,10000.000000000000000,172,62831.853071795863798,314159265.358979284763336,0.000000000000000,0.000000000000000
174,Touros Area, ,10000.000000000000000,173,62831.853071795863798,314159265.358979284763336,0.000000000000000,0.000000000000000
175,Urca da Concei&ccedil;&atilde;o, ,10000.000000000000000,174,62831.853071795863798,314159265.358979284763336,0.000000000000000,0.000000000000000
176,Cocoa das Lavadeiras, ,10000.000000000000000,175,62831.853071795863798,314159265.358979284763336,0.000000000000000,0.000000000000000
177,Baia das Ratas, ,10000.000000000000000,176,62831.853071795863798,314159265.358979284763336,0.000000000000000,0.000000000000000
178,Volta da Jurema, ,10000.000000000000000,177,62831.853071795863798,314159265.358979284763336,0.000000000000000,0.000000000000000
179,Portao, ,10000.000000000000000,178,62831.853071795863798,314159265.358979284763336,0.000000000000000,0.000000000000000
180,Barra do Ceara, ,10000.000000000000000,179,62831.853071795863798,314159265.358979284763336,0.000000000000000,0.000000000000000
181,Praia do Pecem, ,10000.000000000000000,180,62831.853071795863798,314159265.358979284763336,0.000000000000000,0.000000000000000
182,Tabinha, ,10000.000000000000000,181,62831.853071795863798,314159265.358979284763336,0.000000000000000,0.000000000000000
183,Pedra do Meio, ,10000.000000000000000,182,62831.853071795863798,314159265.358979284763336,0.000000000000000,0.000000000000000
184,Havaizinho, ,10000.000000000000000,183,62831.853071795863798,314159265.358979284763336,0.000000000000000,0.000000000000000
185,Curral, ,10000.000000000000000,184,62831.853071795863798,314159265.358979284763336,0.000000000000000,0.000000000000000
186,Outside, ,10000.000000000000000,185,62831.853071795863798,314159265.358979284763336,0.000000000000000,0.000000000000000
187,Atins, ,10000.000000000000000,186,62831.853071795863798,314159265.358979284763336,0.000000000000000,0.000000000000000
188,Ponta d'Areia, ,10000.000000000000000,187,62831.853071795863798,314159265.358979284763336,0.000000000000000,0.000000000000000
189,S&atilde;o Marcos, ,10000.000000000000000,188,62831.853071795863798,314159265.358979284763336,0.000000000000000,0.000000000000000
190,Calhau, ,10000.000000000000000,189,62831.853071795863798,314159265.358979284763336,0.000000000000000,0.000000000000000
191,Olho D'Agu, ,10000.000000000000000,190,62831.853071795863798,314159265.358979284763336,0.000000000000000,0.000000000000000
192,Ponta do Farol, ,10000.000000000000000,191,62831.853071795863798,314159265.358979284763336,0.000000000000000,0.000000000000000
193, ,Hermenegildo,10000.000000000000000,192,62831.853071795863798,314159265.358979284763336,0.000000000000000,0.000000000000000
194, ,Navio,10000.000000000000000,193,62831.853071795863798,314159265.358979284763336,0.000000000000000,0.000000000000000
195, ,Tres Marias,10000.000000000000000,194,62831.853071795863798,314159265.358979284763336,0.000000000000000,0.000000000000000
196, ,Praia do Cassino,10000.000000000000000,195,62831.853071795863798,314159265.358979284763336,0.000000000000000,0.000000000000000
197, ,Sao Jose do Norte,10000.000000000000000,196,62831.853071795863798,314159265.358979284763336,0.000000000000000,0.000000000000000
198, ,Quintão,10000.000000000000000,197,62831.853071795863798,314159265.358979284763336,0.000000000000000,0.000000000000000
199, ,Nova Tramandaí,10000.000000000000000,198,62831.853071795863798,314159265.358979284763336,0.000000000000000,0.000000000000000
200, ,Oasis Sul,10000.000000000000000,199,62831.853071795863798,314159265.358979284763336,0.000000000000000,0.000000000000000
201, ,Tramandai - Malvina,10000.000000000000000,200,62831.853071795863798,314159265.358979284763336,0.000000000000000,0.000000000000000
202, ,Tramandai,10000.000000000000000,201,62831.853071795863798,314159265.358979284763336,0.000000000000000,0.000000000000000
203, ,Rainha do Mar,10000.000000000000000,202,62831.853071795863798,314159265.358979284763336,0.000000000000000,0.000000000000000
204, ,Xangri-lá,10000.000000000000000,203,62831.853071795863798,314159265.358979284763336,0.000000000000000,0.000000000000000
205, ,Atlântida - Pier,10000.000000000000000,204,62831.853071795863798,314159265.358979284763336,0.000000000000000,0.000000000000000
206, ,Capao da Canoa,10000.000000000000000,205,62831.853071795863798,314159265.358979284763336,0.000000000000000,0.000000000000000
207, ,Capao Novo,10000.000000000000000,206,62831.853071795863798,314159265.358979284763336,0.000000000000000,0.000000000000000
208, ,Curumim,10000.000000000000000,207,62831.853071795863798,314159265.358979284763336,0.000000000000000,0.000000000000000
209, ,Itapeva,10000.000000000000000,208,62831.853071795863798,314159265.358979284763336,0.000000000000000,0.000000000000000
210, ,Guarita,10000.000000000000000,209,62831.853071795863798,314159265.358979284763336,0.000000000000000,0.000000000000000
211, ,Cal,10000.000000000000000,210,62831.853071795863798,314159265.358979284763336,0.000000000000000,0.000000000000000
212, ,Ilha dos Lobos,10000.000000000000000,211,62831.853071795863798,314159265.358979284763336,0.000000000000000,0.000000000000000
213, ,Prainha,10000.000000000000000,212,62831.853071795863798,314159265.358979284763336,0.000000000000000,0.000000000000000
214, ,Saraiva,10000.000000000000000,213,62831.853071795863798,314159265.358979284763336,0.000000000000000,0.000000000000000
215, ,Molhes,10000.000000000000000,214,62831.853071795863798,314159265.358979284763336,0.000000000000000,0.000000000000000
216, ,Passo de Torres,10000.000000000000000,215,62831.853071795863798,314159265.358979284763336,0.000000000000000,0.000000000000000
217, ,Gaivota,10000.000000000000000,216,62831.853071795863798,314159265.358979284763336,32.441649088251303,0.103264976288958
218, ,Arroio do Silva,10000.000000000000000,217,62831.853071795863798,314159265.358979284763336,65.415007155617403,0.208222434824164
219, ,Morro dos Conventos,10000.000000000000000,218,62831.853071795863798,314159265.358979284763336,9.057173523499101,0.028829878734118
220, ,Rincão,10000.000000000000000,219,62831.853071795863798,314159265.358979284763336,0.000000000000000,0.000000000000000
221, ,Jaguaruna,10000.000000000000000,220,62831.853071795863798,314159265.358979284763336,0.000000000000000,0.000000000000000
222, ,Camacho,10000.000000000000000,221,62831.853071795863798,314159265.358979284763336,0.000000000000000,0.000000000000000
223, ,Cigana,10000.000000000000000,222,62831.853071795863798,314159265.358979284763336,0.000000000000000,0.000000000000000
224, ,Cardozo,10000.000000000000000,223,62831.853071795863798,314159265.358979284763336,0.000000000000000,0.000000000000000
225, ,Cemiterio,10000.000000000000000,224,62831.853071795863798,314159265.358979284763336,0.000000000000000,0.000000000000000
226, ,Prainha do Farol,10000.000000000000000,225,62831.853071795863798,314159265.358979284763336,0.000000000000000,0.000000000000000
227, ,Ipoa,10000.000000000000000,226,62831.853071795863798,314159265.358979284763336,0.000000000000000,0.000000000000000
228, ,Teresa,10000.000000000000000,227,62831.853071795863798,314159265.358979284763336,0.000000000000000,0.000000000000000
229, ,Praia de Cima,10000.000000000000000,228,62831.853071795863798,314159265.358979284763336,0.000000000000000,0.000000000000000
230, ,Laguna,10000.000000000000000,229,62831.853071795863798,314159265.358979284763336,0.000000000000000,0.000000000000000
231, ,Cavalinho,10000.000000000000000,230,62831.853071795863798,314159265.358979284763336,0.000000000000000,0.000000000000000
232, ,Itapirubá,10000.000000000000000,231,62831.853071795863798,314159265.358979284763336,0.000000000000000,0.000000000000000
233, ,Itapirubá Norte,10000.000000000000000,232,62831.853071795863798,314159265.358979284763336,0.000000000000000,0.000000000000000
234, ,Castelinho,10000.000000000000000,233,62831.853071795863798,314159265.358979284763336,0.000000000000000,0.000000000000000
235, ,Praia da Vila,10000.000000000000000,234,62831.853071795863798,314159265.358979284763336,0.000000000000000,0.000000000000000
236, ,Ribanceira,10000.000000000000000,235,62831.853071795863798,314159265.358979284763336,0.000000000000000,0.000000000000000
237, ,Ibiraquera,10000.000000000000000,236,62831.853071795863798,314159265.358979284763336,0.000000000000000,0.000000000000000
238, ,Rosa Sul,10000.000000000000000,237,62831.853071795863798,314159265.358979284763336,0.000000000000000,0.000000000000000
239, ,Rosa Norte,10000.000000000000000,238,62831.853071795863798,314159265.358979284763336,0.000000000000000,0.000000000000000
240, ,Vermelha,10000.000000000000000,239,62831.853071795863798,314159265.358979284763336,0.000000000000000,0.000000000000000
241, ,Ouvidor,10000.000000000000000,240,62831.853071795863798,314159265.358979284763336,0.000000000000000,0.000000000000000
242, ,Barrinha,10000.000000000000000,241,62831.853071795863798,314159265.358979284763336,0.000000000000000,0.000000000000000
243, ,Ferrugem,10000.000000000000000,242,62831.853071795863798,314159265.358979284763336,0.000000000000000,0.000000000000000
244, ,Praia do Silveira,10000.000000000000000,243,62831.853071795863798,314159265.358979284763336,0.000000000000000,0.000000000000000
245, ,Garopaba Centro,10000.000000000000000,244,62831.853071795863798,314159265.358979284763336,0.000000000000000,0.000000000000000
246, ,Siriu,10000.000000000000000,245,62831.853071795863798,314159265.358979284763336,0.000000000000000,0.000000000000000
247, ,Gamboa,10000.000000000000000,246,62831.853071795863798,314159265.358979284763336,0.000000000000000,0.000000000000000
248, ,Guarda do embau,10000.000000000000000,247,62831.853071795863798,314159265.358979284763336,0.000000000000000,0.000000000000000
249, ,Costão da Pinheira,10000.000000000000000,248,62831.853071795863798,314159265.358979284763336,0.000000000000000,0.000000000000000
250, ,Naufragados,10000.000000000000000,249,62831.853071795863798,314159265.358979284763336,0.000000000000000,0.000000000000000
251, ,Solidao - Caladinho,10000.000000000000000,250,62831.853071795863798,314159265.358979284763336,0.000000000000000,0.000000000000000
252, ,Praia dos Açores,10000.000000000000000,251,62831.853071795863798,314159265.358979284763336,0.000000000000000,0.000000000000000
253, ,Lagoinha do Leste,10000.000000000000000,252,62831.853071795863798,314159265.358979284763336,0.000000000000000,0.000000000000000
254, ,Matadeiro,10000.000000000000000,253,62831.853071795863798,314159265.358979284763336,0.000000000000000,0.000000000000000
255, ,Armação,10000.000000000000000,254,62831.853071795863798,314159265.358979284763336,0.000000000000000,0.000000000000000
256, ,Caldeirao,10000.000000000000000,255,62831.853071795863798,314159265.358979284763336,0.000000000000000,0.000000000000000
257, ,Morro das Pedras,10000.000000000000000,256,62831.853071795863798,314159265.358979284763336,0.000000000000000,0.000000000000000
258, ,Campeche Rights,10000.000000000000000,257,62831.853071795863798,314159265.358979284763336,0.000000000000000,0.000000000000000
259, ,Riozinho,10000.000000000000000,258,62831.853071795863798,314159265.358979284763336,0.000000000000000,0.000000000000000
260, ,Joaquina,10000.000000000000000,259,62831.853071795863798,314159265.358979284763336,0.000000000000000,0.000000000000000
261, ,Praia Mole,10000.000000000000000,260,62831.853071795863798,314159265.358979284763336,0.000000000000000,0.000000000000000
262, ,Galheta,10000.000000000000000,261,62831.853071795863798,314159265.358979284763336,0.000000000000000,0.000000000000000
263, ,Barra da Lagoa,10000.000000000000000,262,62831.853071795863798,314159265.358979284763336,0.000000000000000,0.000000000000000
264, ,Mocambique,10000.000000000000000,263,62831.853071795863798,314159265.358979284763336,0.000000000000000,0.000000000000000
265, ,Ponta das Aranhas,10000.000000000000000,264,62831.853071795863798,314159265.358979284763336,0.000000000000000,0.000000000000000
266, ,Santinho,10000.000000000000000,265,62831.853071795863798,314159265.358979284763336,0.000000000000000,0.000000000000000
267, ,Canasvieiras,10000.000000000000000,266,62831.853071795863798,314159265.358979284763336,0.000000000000000,0.000000000000000
268, ,Praia do Forte,10000.000000000000000,267,62831.853071795863798,314159265.358979284763336,0.000000000000000,0.000000000000000
269, ,Ingleses,10000.000000000000000,268,62831.853071795863798,314159265.358979284763336,0.000000000000000,0.000000000000000
270, ,Praia Brava,10000.000000000000000,269,62831.853071795863798,314159265.358979284763336,0.000000000000000,0.000000000000000
271, ,Lambe lambe,10000.000000000000000,270,62831.853071795863798,314159265.358979284763336,0.000000000000000,0.000000000000000
272, ,Ponta Do Rapa,10000.000000000000000,271,62831.853071795863798,314159265.358979284763336,0.000000000000000,0.000000000000000
273, ,Tingua,10000.000000000000000,272,62831.853071795863798,314159265.358979284763336,0.000000000000000,0.000000000000000
274, ,Palmas,10000.000000000000000,273,62831.853071795863798,314159265.358979284763336,0.000000000000000,0.000000000000000
275, ,Mariscal,10000.000000000000000,274,62831.853071795863798,314159265.358979284763336,0.000000000000000,0.000000000000000
276, ,Quatro Ilhas,10000.000000000000000,275,62831.853071795863798,314159265.358979284763336,0.000000000000000,0.000000000000000
277, ,Bombinhas,10000.000000000000000,276,62831.853071795863798,314159265.358979284763336,0.000000000000000,0.000000000000000
278, ,Bombas,10000.000000000000000,277,62831.853071795863798,314159265.358979284763336,0.000000000000000,0.000000000000000
279, ,Meia Praia,10000.000000000000000,278,62831.853071795863798,314159265.358979284763336,0.000000000000000,0.000000000000000
280, ,Itapema,10000.000000000000000,279,62831.853071795863798,314159265.358979284763336,0.000000000000000,0.000000000000000
281, ,Ponta do Cabeço,10000.000000000000000,280,62831.853071795863798,314159265.358979284763336,0.000000000000000,0.000000000000000
282, ,Mocó,10000.000000000000000,281,62831.853071795863798,314159265.358979284763336,0.000000000000000,0.000000000000000
283, ,Estaleirinho,10000.000000000000000,282,62831.853071795863798,314159265.358979284763336,0.000000000000000,0.000000000000000
284, ,Estaleiro (reef),10000.000000000000000,283,62831.853071795863798,314159265.358979284763336,0.000000000000000,0.000000000000000
285, ,Balneário Camboriú,10000.000000000000000,284,62831.853071795863798,314159265.358979284763336,0.000000000000000,0.000000000000000
286, ,Parcel,10000.000000000000000,285,62831.853071795863798,314159265.358979284763336,0.000000000000000,0.000000000000000
287, ,Praia dos Amores,10000.000000000000000,286,62831.853071795863798,314159265.358979284763336,0.000000000000000,0.000000000000000
288, ,Praia Brava,10000.000000000000000,287,62831.853071795863798,314159265.358979284763336,0.000000000000000,0.000000000000000
289, ,Morcego,10000.000000000000000,288,62831.853071795863798,314159265.358979284763336,0.000000000000000,0.000000000000000
290, ,Atalaia,10000.000000000000000,289,62831.853071795863798,314159265.358979284763336,0.000000000000000,0.000000000000000
291, ,Pracinha,10000.000000000000000,290,62831.853071795863798,314159265.358979284763336,0.000000000000000,0.000000000000000
292, ,Navegantes,10000.000000000000000,291,62831.853071795863798,314159265.358979284763336,0.000000000000000,0.000000000000000
293, ,Garrincha,10000.000000000000000,292,62831.853071795863798,314159265.358979284763336,0.000000000000000,0.000000000000000
294, ,Gravatá (1 e 2),10000.000000000000000,293,62831.853071795863798,314159265.358979284763336,0.000000000000000,0.000000000000000
295, ,Gravatá,10000.000000000000000,294,62831.853071795863798,314159265.358979284763336,0.000000000000000,0.000000000000000
296, ,Quilombo,10000.000000000000000,295,62831.853071795863798,314159265.358979284763336,0.000000000000000,0.000000000000000
297, ,Quilombo (reef),10000.000000000000000,296,62831.853071795863798,314159265.358979284763336,0.000000000000000,0.000000000000000
298, ,molhe de Piçarras,10000.000000000000000,297,62831.853071795863798,314159265.358979284763336,0.000000000000000,0.000000000000000
299, ,Laje do Jacques,10000.000000000000000,298,62831.853071795863798,314159265.358979284763336,0.000000000000000,0.000000000000000
300, ,Syphodys,10000.000000000000000,299,62831.853071795863798,314159265.358979284763336,0.000000000000000,0.000000000000000
301, ,ilha do grants,10000.000000000000000,300,62831.853071795863798,314159265.358979284763336,0.000000000000000,0.000000000000000
302, ,barra de Itajuba,10000.000000000000000,301,62831.853071795863798,314159265.358979284763336,0.000000000000000,0.000000000000000
303, ,Praia do Sol,10000.000000000000000,302,62831.853071795863798,314159265.358979284763336,0.000000000000000,0.000000000000000
304, ,Praia do Tabuleiro,10000.000000000000000,303,62831.853071795863798,314159265.358979284763336,0.000000000000000,0.000000000000000
305, ,Canoas,10000.000000000000000,304,62831.853071795863798,314159265.358979284763336,0.000000000000000,0.000000000000000
306, ,Barrinha,10000.000000000000000,305,62831.853071795863798,314159265.358979284763336,0.000000000000000,0.000000000000000
307, ,Foz do Itapocu,10000.000000000000000,306,62831.853071795863798,314159265.358979284763336,0.000000000000000,0.000000000000000
308, ,Praia do Bispo,10000.000000000000000,307,62831.853071795863798,314159265.358979284763336,0.000000000000000,0.000000000000000
309, ,Picama,10000.000000000000000,308,62831.853071795863798,314159265.358979284763336,0.000000000000000,0.000000000000000
310, ,"Praia Grande, São Francisco do Sul",10000.000000000000000,309,62831.853071795863798,314159265.358979284763336,0.000000000000000,0.000000000000000
311, ,Praia da Saudade,10000.000000000000000,310,62831.853071795863798,314159265.358979284763336,0.000000000000000,0.000000000000000
312, ,Sao Francisco do Sul,10000.000000000000000,311,62831.853071795863798,314159265.358979284763336,0.000000000000000,0.000000000000000
313, ,Píer da Petrobras,10000.000000000000000,312,62831.853071795863798,314159265.358979284763336,0.000000000000000,0.000000000000000
314, ,Sumidouro,10000.000000000000000,313,62831.853071795863798,314159265.358979284763336,0.000000000000000,0.000000000000000
315, ,Praia do Forte,10000.000000000000000,314,62831.853071795863798,314159265.358979284763336,0.000000000000000,0.000000000000000
316, ,Terceira Pedra,10000.000000000000000,315,62831.853071795863798,314159265.358979284763336,0.000000000000000,0.000000000000000
317, ,Barra do sai mirim,10000.000000000000000,316,62831.853071795863798,314159265.358979284763336,0.000000000000000,0.000000000000000
318, ,Barrinha,10000.000000000000000,317,62831.853071795863798,314159265.358979284763336,0.000000000000000,0.000000000000000
319, ,Praia Brava Guaratuba,10000.000000000000000,318,62831.853071795863798,314159265.358979284763336,0.000000000000000,0.000000000000000
320, ,Direitas de Guaratuba,10000.000000000000000,319,62831.853071795863798,314159265.358979284763336,0.000000000000000,0.000000000000000
321, ,Pico de Matinhos,10000.000000000000000,320,62831.853071795863798,314159265.358979284763336,0.000000000000000,0.000000000000000
322, ,Balneario Costa azul,10000.000000000000000,321,62831.853071795863798,314159265.358979284763336,0.000000000000000,0.000000000000000
323, ,Ilha do Mel,10000.000000000000000,322,62831.853071795863798,314159265.358979284763336,0.000000000000000,0.000000000000000
324, ,Farolete,10000.000000000000000,323,62831.853071795863798,314159265.358979284763336,0.000000000000000,0.000000000000000
325, ,"Guarau, Peruibe SP",10000.000000000000000,324,62831.853071795863798,314159265.358979284763336,0.000000000000000,0.000000000000000
326, ,Pier de Mongaguá,10000.000000000000000,325,62831.853071795863798,314159265.358979284763336,0.000000000000000,0.000000000000000
327, ,Tombo,10000.000000000000000,326,62831.853071795863798,314159265.358979284763336,0.000000000000000,0.000000000000000
328, ,Astúrias,10000.000000000000000,327,62831.853071795863798,314159265.358979284763336,0.000000000000000,0.000000000000000
329, ,Pitangueiras Beach,10000.000000000000000,328,62831.853071795863798,314159265.358979284763336,0.000000000000000,0.000000000000000
330, ,porta do sol,10000.000000000000000,329,62831.853071795863798,314159265.358979284763336,0.000000000000000,0.000000000000000
331, ,Itarare,10000.000000000000000,330,62831.853071795863798,314159265.358979284763336,0.000000000000000,0.000000000000000
332, ,Santos,10000.000000000000000,331,62831.853071795863798,314159265.358979284763336,0.000000000000000,0.000000000000000
333, ,Praia de Pernambuco,10000.000000000000000,332,62831.853071795863798,314159265.358979284763336,0.000000000000000,0.000000000000000
334, ,Bonete,10000.000000000000000,333,62831.853071795863798,314159265.358979284763336,0.000000000000000,0.000000000000000
335, ,Sao Pedro,10000.000000000000000,334,62831.853071795863798,314159265.358979284763336,0.000000000000000,0.000000000000000
336, ,Praia de Iporanga,10000.000000000000000,335,62831.853071795863798,314159265.358979284763336,0.000000000000000,0.000000000000000
337, ,Taguaíba,10000.000000000000000,336,62831.853071795863798,314159265.358979284763336,0.000000000000000,0.000000000000000
338, ,praia branca,10000.000000000000000,337,62831.853071795863798,314159265.358979284763336,0.000000000000000,0.000000000000000
339, ,Castelhanos,10000.000000000000000,338,62831.853071795863798,314159265.358979284763336,0.000000000000000,0.000000000000000
340, ,Enseada - Bertioga,10000.000000000000000,339,62831.853071795863798,314159265.358979284763336,0.000000000000000,0.000000000000000
341, ,Santiago,10000.000000000000000,340,62831.853071795863798,314159265.358979284763336,0.000000000000000,0.000000000000000
342, ,Guaecá,10000.000000000000000,341,62831.853071795863798,314159265.358979284763336,0.000000000000000,0.000000000000000
343, ,Riviera de São Lourenço,10000.000000000000000,342,62831.853071795863798,314159265.358979284763336,0.000000000000000,0.000000000000000
344, ,Paúba,10000.000000000000000,343,62831.853071795863798,314159265.358979284763336,0.000000000000000,0.000000000000000
345, ,Itaguaré,10000.000000000000000,344,62831.853071795863798,314159265.358979284763336,0.000000000000000,0.000000000000000
346, ,Maresias,10000.000000000000000,345,62831.853071795863798,314159265.358979284763336,0.000000000000000,0.000000000000000
347, ,Camburi,10000.000000000000000,346,62831.853071795863798,314159265.358979284763336,0.000000000000000,0.000000000000000
348, ,Baleia,10000.000000000000000,347,62831.853071795863798,314159265.358979284763336,0.000000000000000,0.000000000000000
349, ,Guaratuba,10000.000000000000000,348,62831.853071795863798,314159265.358979284763336,0.000000000000000,0.000000000000000
350, ,Juquehy,10000.000000000000000,349,62831.853071795863798,314159265.358979284763336,0.000000000000000,0.000000000000000
351, ,Massaguaçu,10000.000000000000000,350,62831.853071795863798,314159265.358979284763336,0.000000000000000,0.000000000000000
352, ,Simão,10000.000000000000000,351,62831.853071795863798,314159265.358979284763336,0.000000000000000,0.000000000000000
353, ,Praia do sape,10000.000000000000000,352,62831.853071795863798,314159265.358979284763336,0.000000000000000,0.000000000000000
354, ,Lagoinha,10000.000000000000000,353,62831.853071795863798,314159265.358979284763336,0.000000000000000,0.000000000000000
355, ,Sununga,10000.000000000000000,354,62831.853071795863798,314159265.358979284763336,0.000000000000000,0.000000000000000
356, ,Toninhas,10000.000000000000000,355,62831.853071795863798,314159265.358979284763336,0.000000000000000,0.000000000000000
357, ,Praia Grande (PG),10000.000000000000000,356,62831.853071795863798,314159265.358979284763336,0.000000000000000,0.000000000000000
358, ,Praia Grande North,10000.000000000000000,357,62831.853071795863798,314159265.358979284763336,0.000000000000000,0.000000000000000
359, ,Vermelha do Centro,10000.000000000000000,358,62831.853071795863798,314159265.358979284763336,0.000000000000000,0.000000000000000
360, ,Patiero,10000.000000000000000,359,62831.853071795863798,314159265.358979284763336,0.000000000000000,0.000000000000000
361, ,Vermelha do Norte,10000.000000000000000,360,62831.853071795863798,314159265.358979284763336,0.000000000000000,0.000000000000000
362, ,Itamambuca,10000.000000000000000,361,62831.853071795863798,314159265.358979284763336,0.000000000000000,0.000000000000000
363, ,Praia do Felix,10000.000000000000000,362,62831.853071795863798,314159265.358979284763336,0.000000000000000,0.000000000000000
364, ,Brava do Camburi,10000.000000000000000,363,62831.853071795863798,314159265.358979284763336,0.000000000000000,0.000000000000000
365, ,Ponta do Cepílio,10000.000000000000000,364,62831.853071795863798,314159265.358979284763336,0.000000000000000,0.000000000000000
366, ,Laranjeiras,10000.000000000000000,365,62831.853071795863798,314159265.358979284763336,0.000000000000000,0.000000000000000
367, ,Martim de Sa,10000.000000000000000,366,62831.853071795863798,314159265.358979284763336,0.000000000000000,0.000000000000000
368, ,Aventureiro,10000.000000000000000,367,62831.853071795863798,314159265.358979284763336,0.000000000000000,0.000000000000000
369, ,Lopes Mendes,10000.000000000000000,368,62831.853071795863798,314159265.358979284763336,0.000000000000000,0.000000000000000
370, ,Barra de Guaratiba,10000.000000000000000,369,62831.853071795863798,314159265.358979284763336,0.000000000000000,0.000000000000000
371, ,Laje do Dramin,10000.000000000000000,370,62831.853071795863798,314159265.358979284763336,0.000000000000000,0.000000000000000
372, ,Grumari,10000.000000000000000,371,62831.853071795863798,314159265.358979284763336,0.000000000000000,0.000000000000000
373, ,Prainha,10000.000000000000000,372,62831.853071795863798,314159265.358979284763336,0.000000000000000,0.000000000000000
374, ,CcB,10000.000000000000000,373,62831.853071795863798,314159265.358979284763336,0.000000000000000,0.000000000000000
375, ,Farorinha,10000.000000000000000,374,62831.853071795863798,314159265.358979284763336,0.000000000000000,0.000000000000000
376, ,Canto do recreio,10000.000000000000000,375,62831.853071795863798,314159265.358979284763336,0.000000000000000,0.000000000000000
377, ,Praia da Macumba,10000.000000000000000,376,62831.853071795863798,314159265.358979284763336,0.000000000000000,0.000000000000000
378, ,Mambucaba,10000.000000000000000,377,62831.853071795863798,314159265.358979284763336,0.000000000000000,0.000000000000000
379, ,Posto 10 - Recreio,10000.000000000000000,378,62831.853071795863798,314159265.358979284763336,0.000000000000000,0.000000000000000
380, ,Recreio Posto 9,10000.000000000000000,379,62831.853071795863798,314159265.358979284763336,0.000000000000000,0.000000000000000
381, ,Lage Postinho,10000.000000000000000,380,62831.853071795863798,314159265.358979284763336,0.000000000000000,0.000000000000000
382, ,Joatinga,10000.000000000000000,381,62831.853071795863798,314159265.358979284763336,0.000000000000000,0.000000000000000
383, ,Tropical (posto 1),10000.000000000000000,382,62831.853071795863798,314159265.358979284763336,0.000000000000000,0.000000000000000
384, ,Barra da Tijuca - Posto 8,10000.000000000000000,383,62831.853071795863798,314159265.358979284763336,0.000000000000000,0.000000000000000
385, ,Sao Conrado,10000.000000000000000,384,62831.853071795863798,314159265.358979284763336,0.000000000000000,0.000000000000000
386, ,Laje do sheraton,10000.000000000000000,385,62831.853071795863798,314159265.358979284763336,0.000000000000000,0.000000000000000
387, ,Pontão do leblon,10000.000000000000000,386,62831.853071795863798,314159265.358979284763336,0.000000000000000,0.000000000000000
388, ,Arpoador,10000.000000000000000,387,62831.853071795863798,314159265.358979284763336,0.000000000000000,0.000000000000000
389, ,Praia do Diabo,10000.000000000000000,388,62831.853071795863798,314159265.358979284763336,0.000000000000000,0.000000000000000
390, ,Leblon,10000.000000000000000,389,62831.853071795863798,314159265.358979284763336,0.000000000000000,0.000000000000000
391, ,Ipanema,10000.000000000000000,390,62831.853071795863798,314159265.358979284763336,0.000000000000000,0.000000000000000
392, ,Shore break expresso escorpiao,10000.000000000000000,391,62831.853071795863798,314159265.358979284763336,0.000000000000000,0.000000000000000
393, ,Forte de Copacabana,10000.000000000000000,392,62831.853071795863798,314159265.358979284763336,0.000000000000000,0.000000000000000
394, ,Posto 5 - Copacabana,10000.000000000000000,393,62831.853071795863798,314159265.358979284763336,0.000000000000000,0.000000000000000
395, ,Praia Brava - Pontal do Atalaia,10000.000000000000000,394,62831.853071795863798,314159265.358979284763336,0.000000000000000,0.000000000000000
396, ,Shock,10000.000000000000000,395,62831.853071795863798,314159265.358979284763336,11.791063926595299,0.037532122164604
397, ,Praia Grande - Arraial do Cabo,10000.000000000000000,396,62831.853071795863798,314159265.358979284763336,0.000000000000000,0.000000000000000
398, ,Itacoatiara,10000.000000000000000,397,62831.853071795863798,314159265.358979284763336,14.027755953429100,0.044651734009500
399, ,Canal de Camboinhas,10000.000000000000000,398,62831.853071795863798,314159265.358979284763336,17.101931434524801,0.054437138484466
400, ,Camboinhas,10000.000000000000000,399,62831.853071795863798,314159265.358979284763336,17.557509299519101,0.055887287868008
401, ,Leme,10000.000000000000000,400,62831.853071795863798,314159265.358979284763336,0.000000000000000,0.000000000000000
402, ,Ponta Negra - Maricá - RJ,10000.000000000000000,401,62831.853071795863798,314159265.358979284763336,0.000000000000000,0.000000000000000
403, ,Piratininga,10000.000000000000000,402,62831.853071795863798,314159265.358979284763336,11.863685402367601,0.037763283501479
404, ,Massambaba,10000.000000000000000,403,62831.853071795863798,314159265.358979284763336,0.000000000000000,0.000000000000000
405, ,Lage de fora,10000.000000000000000,404,62831.853071795863798,314159265.358979284763336,0.000000000000000,0.000000000000000
406, ,Arraial do Cabo,10000.000000000000000,405,62831.853071795863798,314159265.358979284763336,0.000000000000000,0.000000000000000
407, ,Itauna,10000.000000000000000,406,62831.853071795863798,314159265.358979284763336,0.000000000000000,0.000000000000000
408, ,Backdoor,10000.000000000000000,407,62831.853071795863798,314159265.358979284763336,0.000000000000000,0.000000000000000
409, ,Saquarema - Itauna Beach,10000.000000000000000,408,62831.853071795863798,314159265.358979284763336,0.000000000000000,0.000000000000000
410, ,Saquarema - Praia da Vila,10000.000000000000000,409,62831.853071795863798,314159265.358979284763336,0.000000000000000,0.000000000000000
411, ,Praia do Foguete - Cabo Frio,10000.000000000000000,410,62831.853071795863798,314159265.358979284763336,0.000000000000000,0.000000000000000
412, ,Flamengo,10000.000000000000000,411,62831.853071795863798,314159265.358979284763336,0.000000000000000,0.000000000000000
413, ,prainha de adão e eva,10000.000000000000000,412,62831.853071795863798,314159265.358979284763336,9.333923276824910,0.029710800558944
414, ,Itapuca,10000.000000000000000,413,62831.853071795863798,314159265.358979284763336,14.170440544500901,0.045105913168943
415, ,Praia Brava - Cabo Frio,10000.000000000000000,414,62831.853071795863798,314159265.358979284763336,0.000000000000000,0.000000000000000
416, ,Praia do Forte - Cabo Frio,10000.000000000000000,415,62831.853071795863798,314159265.358979284763336,0.000000000000000,0.000000000000000
417, ,Dunas do Peró - Cabo Frio -RJ,10000.000000000000000,416,62831.853071795863798,314159265.358979284763336,0.000000000000000,0.000000000000000
418, ,Geriba,10000.000000000000000,417,62831.853071795863798,314159265.358979284763336,0.000000000000000,0.000000000000000
419, ,Laje da Rasa,10000.000000000000000,418,62831.853071795863798,314159265.358979284763336,0.000000000000000,0.000000000000000
420, ,praia de unamar,10000.000000000000000,419,62831.853071795863798,314159265.358979284763336,0.000000000000000,0.000000000000000
421, ,Costazul,10000.000000000000000,420,62831.853071795863798,314159265.358979284763336,0.000000000000000,0.000000000000000
422, ,Pecado,10000.000000000000000,421,62831.853071795863798,314159265.358979284763336,0.000000000000000,0.000000000000000
423, ,Cavaleiros,10000.000000000000000,422,62831.853071795863798,314159265.358979284763336,0.000000000000000,0.000000000000000
424, ,Grussaí,10000.000000000000000,423,62831.853071795863798,314159265.358979284763336,0.000000000000000,0.000000000000000
425, ,Setiba Pina,10000.000000000000000,424,62831.853071795863798,314159265.358979284763336,61.033761813219300,0.194276497761344
426, ,Barra Sol,10000.000000000000000,425,62831.853071795863798,314159265.358979284763336,129.042428364026989,0.410754806854334
427, ,Secret,10000.000000000000000,426,62831.853071795863798,314159265.358979284763336,123.526674002674000,0.393197615424534
428, ,Coral do Céu,10000.000000000000000,427,62831.853071795863798,314159265.358979284763336,89.947941198026399,0.286313189252101
429, ,Pompeia,10000.000000000000000,428,62831.853071795863798,314159265.358979284763336,89.503640353580806,0.284898935739833
430, ,D2,10000.000000000000000,429,62831.853071795863798,314159265.358979284763336,60.264709701681099,0.191828528860413
431, ,Canal de Vitória,10000.000000000000000,430,62831.853071795863798,314159265.358979284763336,91.606976238875305,0.291594061802376
432, ,Praia de Camburi,10000.000000000000000,431,62831.853071795863798,314159265.358979284763336,71.868101969656294,0.228763273582064
433, ,Prainha de Carapebus,10000.000000000000000,432,62831.853071795863798,314159265.358979284763336,24.456082215214000,0.077846127464262
434, ,Barrote-Jacaraipe,10000.000000000000000,433,62831.853071795863798,314159265.358979284763336,0.000000000000000,0.000000000000000
435, ,Jacaraípe- Solemar,10000.000000000000000,434,62831.853071795863798,314159265.358979284763336,0.000000000000000,0.000000000000000
436, ,Regencia,10000.000000000000000,435,62831.853071795863798,314159265.358979284763336,0.000000000000000,0.000000000000000
437, ,Guriri,10000.000000000000000,436,62831.853071795863798,314159265.358979284763336,23.968475660901099,0.076294027596204
438, ,Backdoor,10000.000000000000000,437,62831.853071795863798,314159265.358979284763336,96.967308095330495,0.308656528033732
439, ,Itacarezinho,10000.000000000000000,438,62831.853071795863798,314159265.358979284763336,0.000000000000000,0.000000000000000
440, ,Engenhoca,10000.000000000000000,439,62831.853071795863798,314159265.358979284763336,0.000000000000000,0.000000000000000
441, ,Jeribucaçu,10000.000000000000000,440,62831.853071795863798,314159265.358979284763336,0.000000000000000,0.000000000000000
442, ,Prainha,10000.000000000000000,441,62831.853071795863798,314159265.358979284763336,0.000000000000000,0.000000000000000
443, ,Tiririca,10000.000000000000000,442,62831.853071795863798,314159265.358979284763336,0.000000000000000,0.000000000000000
444, ,Praia da Resende,10000.000000000000000,443,62831.853071795863798,314159265.358979284763336,0.000000000000000,0.000000000000000
445, ,Boca da Barra,10000.000000000000000,444,62831.853071795863798,314159265.358979284763336,0.000000000000000,0.000000000000000
446, ,Pontal,10000.000000000000000,445,62831.853071795863798,314159265.358979284763336,0.000000000000000,0.000000000000000
447, ,Praia dos Algodoes,10000.000000000000000,446,62831.853071795863798,314159265.358979284763336,0.000000000000000,0.000000000000000
448, ,Saquaira,10000.000000000000000,447,62831.853071795863798,314159265.358979284763336,0.000000000000000,0.000000000000000
449, ,Taipu de Fora,10000.000000000000000,448,62831.853071795863798,314159265.358979284763336,0.000000000000000,0.000000000000000
450, ,Pedra do Moleque,10000.000000000000000,449,62831.853071795863798,314159265.358979284763336,0.000000000000000,0.000000000000000
451, ,Farol da Barra,10000.000000000000000,450,62831.853071795863798,314159265.358979284763336,0.000000000000000,0.000000000000000
452, ,Barravento,10000.000000000000000,451,62831.853071795863798,314159265.358979284763336,0.000000000000000,0.000000000000000
453, ,Espanhol,10000.000000000000000,452,62831.853071795863798,314159265.358979284763336,0.000000000000000,0.000000000000000
454, ,Corsário,10000.000000000000000,453,62831.853071795863798,314159265.358979284763336,0.000000000000000,0.000000000000000
455, ,Jaguaribe,10000.000000000000000,454,62831.853071795863798,314159265.358979284763336,0.000000000000000,0.000000000000000
456, ,Stella Maris,10000.000000000000000,455,62831.853071795863798,314159265.358979284763336,5.396702711367190,0.017178238258230
457, ,Praia do forte,10000.000000000000000,456,62831.853071795863798,314159265.358979284763336,104.615214985283998,0.333000571750586
458, ,Scar Reef,10000.000000000000000,457,62831.853071795863798,314159265.358979284763336,95.351484632338298,0.303513202207751
459, ,Casinha,10000.000000000000000,458,62831.853071795863798,314159265.358979284763336,91.417170451300805,0.290989891215978
460, ,Aracaju,10000.000000000000000,459,62831.853071795863798,314159265.358979284763336,0.000000000000000,0.000000000000000
461, ,Praia Do Francês,10000.000000000000000,460,62831.853071795863798,314159265.358979284763336,9.834401139821001,0.031303871075022
462, ,Pedra Virada,10000.000000000000000,461,62831.853071795863798,314159265.358979284763336,0.000000000000000,0.000000000000000
463, ,Cruz das Almas,10000.000000000000000,462,62831.853071795863798,314159265.358979284763336,10.077221550167300,0.032076792446826
464, ,Riacho Doce,10000.000000000000000,463,62831.853071795863798,314159265.358979284763336,96.643838422188097,0.307626892085314
465, ,New Orleans,10000.000000000000000,464,62831.853071795863798,314159265.358979284763336,121.470042590739993,0.386651154317987
466, ,Praia do Morro,10000.000000000000000,465,62831.853071795863798,314159265.358979284763336,51.096569246242098,0.162645431411535
467, ,Maracaipe,10000.000000000000000,466,62831.853071795863798,314159265.358979284763336,146.816694655209005,0.467332053655800
468, ,Borete,10000.000000000000000,467,62831.853071795863798,314159265.358979284763336,157.247935837847990,0.500535725591815
469, ,cupe,10000.000000000000000,468,62831.853071795863798,314159265.358979284763336,150.743418691441008,0.479831204466281
470, ,Enseada dos Corais,10000.000000000000000,469,62831.853071795863798,314159265.358979284763336,90.251253337743094,0.287278661778815
471, ,Tambaba,10000.000000000000000,470,62831.853071795863798,314159265.358979284763336,0.000000000000000,0.000000000000000
472, ,Mar do Macaco,10000.000000000000000,471,62831.853071795863798,314159265.358979284763336,0.000000000000000,0.000000000000000
473, ,Dique de Cabedelo,10000.000000000000000,472,62831.853071795863798,314159265.358979284763336,0.000000000000000,0.000000000000000
474, ,Baia Formosa,10000.000000000000000,473,62831.853071795863798,314159265.358979284763336,0.000000000000000,0.000000000000000
475, ,Pipa,10000.000000000000000,474,62831.853071795863798,314159265.358979284763336,0.000000000000000,0.000000000000000
476, ,Lajão,10000.000000000000000,475,62831.853071795863798,314159265.358979284763336,0.000000000000000,0.000000000000000
477, ,Madeiro,10000.000000000000000,476,62831.853071795863798,314159265.358979284763336,0.000000000000000,0.000000000000000
478, ,Cacimbinhas,10000.000000000000000,477,62831.853071795863798,314159265.358979284763336,0.000000000000000,0.000000000000000
479, ,Tabatinga,10000.000000000000000,478,62831.853071795863798,314159265.358979284763336,0.000000000000000,0.000000000000000
480, ,Ponta negra,10000.000000000000000,479,62831.853071795863798,314159265.358979284763336,0.000000000000000,0.000000000000000
481, ,Genipabu,10000.000000000000000,480,62831.853071795863798,314159265.358979284763336,0.000000000000000,0.000000000000000
482, ,Morro Branco,10000.000000000000000,481,62831.853071795863798,314159265.358979284763336,75.595970541515101,0.240629447790229
483, ,Iguape Meio,10000.000000000000000,482,62831.853071795863798,314159265.358979284763336,0.000000000000000,0.000000000000000
484, ,Cacimba do Padre,10000.000000000000000,483,62831.853071795863798,314159265.358979284763336,0.000000000000000,0.000000000000000
485, ,Boldró,10000.000000000000000,484,62831.853071795863798,314159265.358979284763336,0.000000000000000,0.000000000000000
486, ,Conceição,10000.000000000000000,485,62831.853071795863798,314159265.358979284763336,0.000000000000000,0.000000000000000
487, ,Meio,10000.000000000000000,486,62831.853071795863798,314159265.358979284763336,0.000000000000000,0.000000000000000
488, ,Cachorro,10000.000000000000000,487,62831.853071795863798,314159265.358979284763336,0.000000000000000,0.000000000000000
489, ,Biboca,10000.000000000000000,488,62831.853071795863798,314159265.358979284763336,0.000000000000000,0.000000000000000
490, ,Abras,10000.000000000000000,489,62831.853071795863798,314159265.358979284763336,0.000000000000000,0.000000000000000
491, ,Futuro,10000.000000000000000,490,62831.853071795863798,314159265.358979284763336,0.000000000000000,0.000000000000000
492, ,Iracema (ponte metalica),10000.000000000000000,491,62831.853071795863798,314159265.358979284763336,0.000000000000000,0.000000000000000
493, ,Leste-Oeste,10000.000000000000000,492,62831.853071795863798,314159265.358979284763336,0.000000000000000,0.000000000000000
494, ,Titanzinho,10000.000000000000000,493,62831.853071795863798,314159265.358979284763336,0.000000000000000,0.000000000000000
495, ,Icarai,10000.000000000000000,494,62831.853071795863798,314159265.358979284763336,0.000000000000000,0.000000000000000
496, ,Pico das Almas,10000.000000000000000,495,62831.853071795863798,314159265.358979284763336,0.000000000000000,0.000000000000000
497, ,Taiba,10000.000000000000000,496,62831.853071795863798,314159265.358979284763336,0.000000000000000,0.000000000000000
498, ,Paracuru,10000.000000000000000,497,62831.853071795863798,314159265.358979284763336,0.000000000000000,0.000000000000000
499, ,Jericoacoara,10000.000000000000000,498,62831.853071795863798,314159265.358979284763336,0.000000000000000,0.000000000000000
500, ,Travosa,10000.000000000000000,499,62831.853071795863798,314159265.358979284763336,0.000000000000000,0.000000000000000
501, ,marahu,10000.000000000000000,500,62831.853071795863798,314159265.358979284763336,0.000000000000000,0.000000000000000
502, ,Camaraçu,10000.000000000000000,501,62831.853071795863798,314159265.358979284763336,0.000000000000000,0.000000000000000
503, ,Araruna,10000.000000000000000,502,62831.853071795863798,314159265.358979284763336,0.000000000000000,0.000000000000000
504, ,Salinas,10000.000000000000000,503,62831.853071795863798,314159265.358979284763336,0.000000000000000,0.000000000000000
505, ,Imbé,10000.000000000000000,504,62831.853071795863798,314159265.358979284763336,0.000000000000000,0.000000000000000
506, ,Mariluz,10000.000000000000000,505,62831.853071795863798,314159265.358979284763336,0.000000000000000,0.000000000000000
507, ,Arroio Teixeira,10000.000000000000000,506,62831.853071795863798,314159265.358979284763336,0.000000000000000,0.000000000000000
508, ,Ilha do Batuta,10000.000000000000000,507,62831.853071795863798,314159265.358979284763336,0.000000000000000,0.000000000000000
509, ,Brava de Matinhos,10000.000000000000000,508,62831.853071795863798,314159265.358979284763336,0.000000000000000,0.000000000000000
510, ,Pontal do Sul,10000.000000000000000,509,62831.853071795863798,314159265.358979284763336,0.000000000000000,0.000000000000000
511, ,Desertinha,10000.000000000000000,510,62831.853071795863798,314159265.358979284763336,0.000000000000000,0.000000000000000
512, ,Cibratel,10000.000000000000000,511,62831.853071795863798,314159265.358979284763336,0.000000000000000,0.000000000000000
513, ,Montão do trigo,10000.000000000000000,512,62831.853071795863798,314159265.358979284763336,0.000000000000000,0.000000000000000
514, ,Indaiá - Bertioga,10000.000000000000000,513,62831.853071795863798,314159265.358979284763336,0.000000000000000,0.000000000000000
515, ,Praia Brava,10000.000000000000000,514,62831.853071795863798,314159265.358979284763336,0.000000000000000,0.000000000000000
516, ,Jureia,10000.000000000000000,515,62831.853071795863798,314159265.358979284763336,0.000000000000000,0.000000000000000
517, ,Barra do Una - Meio,10000.000000000000000,516,62831.853071795863798,314159265.358979284763336,0.000000000000000,0.000000000000000
518, ,Enseada - Ubatuba,10000.000000000000000,517,62831.853071795863798,314159265.358979284763336,0.000000000000000,0.000000000000000
519, ,Presídio,10000.000000000000000,518,62831.853071795863798,314159265.358979284763336,0.000000000000000,0.000000000000000
520, ,Inferno,10000.000000000000000,519,62831.853071795863798,314159265.358979284763336,0.000000000000000,0.000000000000000
521, ,Macumba-secreto,10000.000000000000000,520,62831.853071795863798,314159265.358979284763336,0.000000000000000,0.000000000000000
522, ,Posto 4,10000.000000000000000,521,62831.853071795863798,314159265.358979284763336,0.000000000000000,0.000000000000000
523, ,Vala do Mauri,10000.000000000000000,522,62831.853071795863798,314159265.358979284763336,0.000000000000000,0.000000000000000
524, ,Praia Brava de Angra dos Reis,10000.000000000000000,523,62831.853071795863798,314159265.358979284763336,0.000000000000000,0.000000000000000
525, ,Castelinho,10000.000000000000000,524,62831.853071795863798,314159265.358979284763336,0.000000000000000,0.000000000000000
526, ,Sossego,10000.000000000000000,525,62831.853071795863798,314159265.358979284763336,19.202478236681500,0.061123386619648
527, ,atafona - sao joao da barra,10000.000000000000000,526,62831.853071795863798,314159265.358979284763336,0.000000000000000,0.000000000000000
528, ,Cemitério,10000.000000000000000,527,62831.853071795863798,314159265.358979284763336,110.442752923597993,0.351550201129350
529, ,Sirihyba,10000.000000000000000,528,62831.853071795863798,314159265.358979284763336,33.589935817552700,0.106920086470060
530, ,Sol do Muta,10000.000000000000000,529,62831.853071795863798,314159265.358979284763336,0.000000000000000,0.000000000000000
531, ,Rock Quente,10000.000000000000000,530,62831.853071795863798,314159265.358979284763336,4.456886993476880,0.014186711916276
532, ,Ribeira,10000.000000000000000,531,62831.853071795863798,314159265.358979284763336,0.049257475695317,0.000156791414823
533, ,Praia das Ondas,10000.000000000000000,532,62831.853071795863798,314159265.358979284763336,112.185170157746001,0.357096487444214
534, ,Rainha,10000.000000000000000,533,62831.853071795863798,314159265.358979284763336,0.833737343283673,0.002653868388478
535, ,Pedra de Xaréu,10000.000000000000000,534,62831.853071795863798,314159265.358979284763336,88.548210350218397,0.281857707583564
536, ,Prainha,10000.000000000000000,535,62831.853071795863798,314159265.358979284763336,0.000000000000000,0.000000000000000
537, ,Laje do Bode,10000.000000000000000,536,62831.853071795863798,314159265.358979284763336,0.000000000000000,0.000000000000000
538, ,Caolho,10000.000000000000000,537,62831.853071795863798,314159265.358979284763336,0.000000000000000,0.000000000000000
539, ,Atalaia (salinas),10000.000000000000000,538,62831.853071795863798,314159265.358979284763336,0.000000000000000,0.000000000000000
540, ,Algodoal,10000.000000000000000,539,62831.853071795863798,314159265.358979284763336,0.000000000000000,0.000000000000000
