OBJECTID,Name,Surf_Spot,Shape_Leng,Shape_Area,SUM_Area_S
1,Cardoso, ,62831.853071795863798,314159265.358979284763336,0.750526667127774
2,Ravena, ,62831.853071795863798,314159265.358979284763336,1.119663637097660
3,Praia da Vila Imbituba, ,62831.853071795863798,314159265.358979284763336,0.157176281884842
4,Praia do Porto Imbituba, ,62831.853071795863798,314159265.358979284763336,0.168497672077882
5,Ponta da Pinheira, ,62831.853071795863798,314159265.358979284763336,0.036993333040064
6,Mocambique, ,62831.853071795863798,314159265.358979284763336,0.191721089243731
7,Ponta das Canas, ,62831.853071795863798,314159265.358979284763336,0.375942758382794
8,Itagua&ccedil;u, ,62831.853071795863798,314159265.358979284763336,0.101500585792812
9,Ilha Comprida, ,62831.853071795863798,314159265.358979284763336,0.195228168538089
10,Iguape, ,62831.853071795863798,314159265.358979284763336,0.347573261061605
11,Peruibe, ,62831.853071795863798,314159265.358979284763336,0.250787198167449
12,Praia dos Pescadores, ,62831.853071795863798,314159265.358979284763336,0.202524734570152
13,Itanhaem, ,62831.853071795863798,314159265.358979284763336,0.151865914809321
14,Praia Grande, ,62831.853071795863798,314159265.358979284763336,0.496561848996295
15,Praia do Forte dos Andradas, ,62831.853071795863798,314159265.358979284763336,1.347258228183840
16,Praia do Forte dos Andradas, ,62831.853071795863798,314159265.358979284763336,1.405958861389730
17,Praia da Ponta Grossa, ,62831.853071795863798,314159265.358979284763336,1.612472396847060
18,Itaipu, ,62831.853071795863798,314159265.358979284763336,0.965856025058886
19,Guaiuba, ,62831.853071795863798,314159265.358979284763336,1.801429733247230
20,Santos, ,62831.853071795863798,314159265.358979284763336,2.008796974909710
21,Morro do Maluf, ,62831.853071795863798,314159265.358979284763336,1.656441992338260
22,Praia da Enseada, ,62831.853071795863798,314159265.358979284763336,0.751981182660308
23,Embare, ,62831.853071795863798,314159265.358979284763336,2.411387196416710
24,Gonzaga, ,62831.853071795863798,314159265.358979284763336,2.509215142532700
25,Pereque, ,62831.853071795863798,314159265.358979284763336,0.174187453558475
26,Praia Preta, ,62831.853071795863798,314159265.358979284763336,0.069525481080042
27,Praia da Bertioga, ,62831.853071795863798,314159265.358979284763336,0.137737295005841
28,Maresias, ,62831.853071795863798,314159265.358979284763336,0.042602737519262
29,Canto de Moreira, ,62831.853071795863798,314159265.358979284763336,0.051790904246167
30,Itaguere, ,62831.853071795863798,314159265.358979284763336,0.541022750107358
31,Boicucanga, ,62831.853071795863798,314159265.358979284763336,0.060695765431845
32,Praia de Baleia, ,62831.853071795863798,314159265.358979284763336,0.068936158921025
33,Barra do Sahy, ,62831.853071795863798,314159265.358979284763336,0.068936158921025
34,Praia Preta, ,62831.853071795863798,314159265.358979284763336,0.058311742047871
35,Bananas Point, ,62831.853071795863798,314159265.358979284763336,0.068620232411983
36,Praia do Juquei, ,62831.853071795863798,314159265.358979284763336,0.047557526433752
37,Praia da Boracéia, ,62831.853071795863798,314159265.358979284763336,0.019358170054545
38,Praia Dura, ,62831.853071795863798,314159265.358979284763336,0.021976667039842
39,Pereque-Acu, ,62831.853071795863798,314159265.358979284763336,0.071900209637480
40,Itamambuca, ,62831.853071795863798,314159265.358979284763336,0.055264380002669
41,Praia da Fazenda, ,62831.853071795863798,314159265.358979284763336,0.002307500668172
42,Aventureiro, ,62831.853071795863798,314159265.358979284763336,0.058879275633449
43,Praia do Leste, ,62831.853071795863798,314159265.358979284763336,0.097205452509604
44,Praia do Sul, ,62831.853071795863798,314159265.358979284763336,0.077553882114988
45,Praia do Meio, ,62831.853071795863798,314159265.358979284763336,0.563833712113287
46,Restinga a Marambaia, ,62831.853071795863798,314159265.358979284763336,0.162460670807595
47,Grumari, ,62831.853071795863798,314159265.358979284763336,1.004936377748360
48,Reserva, ,62831.853071795863798,314159265.358979284763336,3.454438216449580
49,Barra da Tijuca, ,62831.853071795863798,314159265.358979284763336,4.296243782798230
50,Barra da Tijuca, ,62831.853071795863798,314159265.358979284763336,4.522640072819190
51,Sao Conrado, ,62831.853071795863798,314159265.358979284763336,5.874191253701960
52,Bambui, ,62831.853071795863798,314159265.358979284763336,0.087441382774806
53,Itaipuacu, ,62831.853071795863798,314159265.358979284763336,0.339174591371933
54,Barra de Marica, ,62831.853071795863798,314159265.358979284763336,0.144232530951988
55,Camboinhas, ,62831.853071795863798,314159265.358979284763336,1.221554862548820
56,Pirantininga, ,62831.853071795863798,314159265.358979284763336,2.618273489824530
57,Jacone, ,62831.853071795863798,314159265.358979284763336,0.157244683641267
58,Figueira, ,62831.853071795863798,314159265.358979284763336,0.001435973234271
59,Praia do Fora, ,62831.853071795863798,314159265.358979284763336,13.793581795257200
60,Laje do Pao de Acucar, ,62831.853071795863798,314159265.358979284763336,13.678837224210699
61,Canal, ,62831.853071795863798,314159265.358979284763336,0.033624519117586
62,Praia Seca, ,62831.853071795863798,314159265.358979284763336,0.134892522665683
63,Caravelas, ,62831.853071795863798,314159265.358979284763336,0.254965972635875
64,Tucuns, ,62831.853071795863798,314159265.358979284763336,0.239880836040145
65,Praia Brava, ,62831.853071795863798,314159265.358979284763336,0.186244976749530
66,Marataizes, ,62831.853071795863798,314159265.358979284763336,0.157075011752473
67,Ponta do Ubu, ,62831.853071795863798,314159265.358979284763336,0.616356870858476
68,Ponta dos Castelhanos, ,62831.853071795863798,314159265.358979284763336,0.750564466582420
69,Maimba, ,62831.853071795863798,314159265.358979284763336,2.810673277481190
70,Praia do Morro, ,62831.853071795863798,314159265.358979284763336,3.441325730890960
71,Ponta de Bororo, ,62831.853071795863798,314159265.358979284763336,1.715919918110440
72,Tropical, ,62831.853071795863798,314159265.358979284763336,0.380453553633711
73,Dunas de Ule, ,62831.853071795863798,314159265.358979284763336,0.110471242076763
74,Guarapari - Ule, ,62831.853071795863798,314159265.358979284763336,0.112190015512204
75,Ponta da Fruta, ,62831.853071795863798,314159265.358979284763336,0.270212984333954
76,Coral Dois, ,62831.853071795863798,314159265.358979284763336,1.822157001561710
77,Ponta da Belina, ,62831.853071795863798,314159265.358979284763336,1.943950333039220
78,Coral Um, ,62831.853071795863798,314159265.358979284763336,2.288866627841320
79,Barrinha, ,62831.853071795863798,314159265.358979284763336,3.083719521990890
80,Praia de Camburi, ,62831.853071795863798,314159265.358979284763336,10.001164848438400
81,Velzyland, ,62831.853071795863798,314159265.358979284763336,3.791984167389070
82,Ponta da Cacao, ,62831.853071795863798,314159265.358979284763336,2.257109246765190
83,"Manguinhos, Brazil", ,62831.853071795863798,314159265.358979284763336,1.026088231421450
84,Praia da Baleia, ,62831.853071795863798,314159265.358979284763336,0.757434843662531
85,Jacaraipe - Solemar, ,62831.853071795863798,314159265.358979284763336,0.276723975081199
86,Xa, ,62831.853071795863798,314159265.358979284763336,0.244125538361514
87,Nova Almeida, ,62831.853071795863798,314159265.358979284763336,0.143747311265869
88,Praia Grande, ,62831.853071795863798,314159265.358979284763336,0.093492654180495
89,Regencia, ,62831.853071795863798,314159265.358979284763336,0.001925489530151
90,Guriri, ,62831.853071795863798,314159265.358979284763336,0.000000000000000
91,Milionarios, ,62831.853071795863798,314159265.358979284763336,0.151692502600120
92,Sul, ,62831.853071795863798,314159265.358979284763336,0.156424658727162
93,Pedra da Cachorra, ,62831.853071795863798,314159265.358979284763336,0.159759650142824
94,Jardim Atlantico, ,62831.853071795863798,314159265.358979284763336,0.161552124461435
95,Baduska, ,62831.853071795863798,314159265.358979284763336,0.186257733387363
96,Norte, ,62831.853071795863798,314159265.358979284763336,0.064886828278684
97,Havaizinho, ,62831.853071795863798,314159265.358979284763336,0.000800444503648
98,Sao Jose, ,62831.853071795863798,314159265.358979284763336,0.000412467214392
99,Corals, ,62831.853071795863798,314159265.358979284763336,0.000555461634285
100,Tony, ,62831.853071795863798,314159265.358979284763336,5.896283138818860
101,Meridien, ,62831.853071795863798,314159265.358979284763336,5.901724608053650
102,Amaralina, ,62831.853071795863798,314159265.358979284763336,5.895004775853900
103,Tubao, ,62831.853071795863798,314159265.358979284763336,6.298015697761860
104,Psiu, ,62831.853071795863798,314159265.358979284763336,7.222619135391810
105,Alex, ,62831.853071795863798,314159265.358979284763336,5.024563904209710
106,Terceira Ponte, ,62831.853071795863798,314159265.358979284763336,4.907250250550090
107,SESC, ,62831.853071795863798,314159265.358979284763336,4.664978532868410
108,Farol, ,62831.853071795863798,314159265.358979284763336,2.122079982580750
109,Pedro do Sal, ,62831.853071795863798,314159265.358979284763336,1.978184182185530
110,Itapoa, ,62831.853071795863798,314159265.358979284763336,2.760182047497830
111,Seper, ,62831.853071795863798,314159265.358979284763336,1.850761342495550
112,Corrente, ,62831.853071795863798,314159265.358979284763336,1.723510801242920
113,Stela Maris, ,62831.853071795863798,314159265.358979284763336,1.677540016263120
114,Plator, ,62831.853071795863798,314159265.358979284763336,1.639167811170140
115,Aleluia, ,62831.853071795863798,314159265.358979284763336,1.339896562209820
116,Ipitanga, ,62831.853071795863798,314159265.358979284763336,1.314473752708130
117,Vilas, ,62831.853071795863798,314159265.358979284763336,1.206864109570800
118,Busca Vida, ,62831.853071795863798,314159265.358979284763336,0.573903837932143
119,Itacimirim, ,62831.853071795863798,314159265.358979284763336,0.208751190423340
120,Praia do Forte, ,62831.853071795863798,314159265.358979284763336,0.128262651732902
121,Imbassai, ,62831.853071795863798,314159265.358979284763336,0.000357280866776
122,Costa do Sauipe, ,62831.853071795863798,314159265.358979284763336,0.000000000000000
123,Marlin, ,62831.853071795863798,314159265.358979284763336,0.000000000000000
124,Conde, ,62831.853071795863798,314159265.358979284763336,0.001119831919958
125,Mangue Seco, ,62831.853071795863798,314159265.358979284763336,0.000552470755724
126,Mosqueiro, ,62831.853071795863798,314159265.358979284763336,0.002834187029816
127,Aruana, ,62831.853071795863798,314159265.358979284763336,0.430935012374750
128,Hawaiizinho, ,62831.853071795863798,314159265.358979284763336,0.730599302554141
129,Praia do Meio, ,62831.853071795863798,314159265.358979284763336,2.026585655258680
130,Pirambu, ,62831.853071795863798,314159265.358979284763336,0.010951121306780
131,Ponta do Mangue, ,62831.853071795863798,314159265.358979284763336,0.010607682770943
132,Pontal de Peba, ,62831.853071795863798,314159265.358979284763336,0.000356553967185
133,Mihai, ,62831.853071795863798,314159265.358979284763336,0.007867473765628
134,Pontal do Coruripe, ,62831.853071795863798,314159265.358979284763336,0.007867473765628
135,Forjos, ,62831.853071795863798,314159265.358979284763336,0.009590597321601
136,Poxim, ,62831.853071795863798,314159265.358979284763336,0.014841077446936
137,Jacarecica, ,62831.853071795863798,314159265.358979284763336,0.014310059026725
138,Praia do Meio, ,62831.853071795863798,314159265.358979284763336,0.080034675867866
139,Praia do Pontal, ,62831.853071795863798,314159265.358979284763336,2.112060138929280
140,Salgema, ,62831.853071795863798,314159265.358979284763336,1.985707256642570
141,Pier do Emissario, ,62831.853071795863798,314159265.358979284763336,2.055977694589780
142,Praia do Sobral, ,62831.853071795863798,314159265.358979284763336,2.085036194642790
143,"Pico da Barra, Brazil", ,62831.853071795863798,314159265.358979284763336,2.019439287498020
144,Pedra Virada, ,62831.853071795863798,314159265.358979284763336,1.586536617161700
145,Praia de Jatiuca, ,62831.853071795863798,314159265.358979284763336,0.012031327017530
146,Garca Torta, ,62831.853071795863798,314159265.358979284763336,0.025464953391132
147,Mirante da Sirena, ,62831.853071795863798,314159265.358979284763336,0.023665074014421
148,Japaratinga, ,62831.853071795863798,314159265.358979284763336,0.056480284284605
149,Impossivel, ,62831.853071795863798,314159265.358979284763336,0.429069542113615
150,Serrambi, ,62831.853071795863798,314159265.358979284763336,0.848048783860251
151,Porto de Galinhas, ,62831.853071795863798,314159265.358979284763336,1.087698257758730
152,Cupe, ,62831.853071795863798,314159265.358979284763336,1.225863626417640
153,Gaibu, ,62831.853071795863798,314159265.358979284763336,1.796692171280760
154,Bessa, ,62831.853071795863798,314159265.358979284763336,6.126048066781580
155,Saji, ,62831.853071795863798,314159265.358979284763336,0.040863019301973
156,Farol, ,62831.853071795863798,314159265.358979284763336,0.062159274323271
157,Xilauzinho, ,62831.853071795863798,314159265.358979284763336,0.050177156321422
158,Mar Aberto, ,62831.853071795863798,314159265.358979284763336,0.049438349086883
159,Pontal, ,62831.853071795863798,314159265.358979284763336,0.028071441761111
160,Mar da Frente, ,62831.853071795863798,314159265.358979284763336,0.032602193255027
161,Lajinha, ,62831.853071795863798,314159265.358979284763336,0.142720789286077
162,Afogados, ,62831.853071795863798,314159265.358979284763336,0.176164408230400
163,Sororoca, ,62831.853071795863798,314159265.358979284763336,0.174456048061945
164,Abacateiro, ,62831.853071795863798,314159265.358979284763336,0.174456048061945
165,Tibau do Sul, ,62831.853071795863798,314159265.358979284763336,0.284364556095866
166,Tabatinga, ,62831.853071795863798,314159265.358979284763336,0.387327111978664
167,Xoxoline, ,62831.853071795863798,314159265.358979284763336,0.282819920541328
168,Pirangi Reef, ,62831.853071795863798,314159265.358979284763336,0.234695009715080
169,Cotovelo, ,62831.853071795863798,314159265.358979284763336,0.788821629769321
170,Miami, ,62831.853071795863798,314159265.358979284763336,4.442159583692260
171,Areia Preta, ,62831.853071795863798,314159265.358979284763336,4.417450651663770
172,Praia dos Artistas, ,62831.853071795863798,314159265.358979284763336,4.210026976756270
173,Genipabu, ,62831.853071795863798,314159265.358979284763336,0.824208942127619
174,Touros Area, ,62831.853071795863798,314159265.358979284763336,0.041988587761613
175,Urca da Concei&ccedil;&atilde;o, ,62831.853071795863798,314159265.358979284763336,0.006515842127158
176,Cocoa das Lavadeiras, ,62831.853071795863798,314159265.358979284763336,0.011031547401078
177,Baia das Ratas, ,62831.853071795863798,314159265.358979284763336,0.136338385813982
178,Volta da Jurema, ,62831.853071795863798,314159265.358979284763336,7.828057928964980
179,Portao, ,62831.853071795863798,314159265.358979284763336,10.308850142456400
180,Barra do Ceara, ,62831.853071795863798,314159265.358979284763336,10.610352906559200
181,Praia do Pecem, ,62831.853071795863798,314159265.358979284763336,0.626193872951053
182,Tabinha, ,62831.853071795863798,314159265.358979284763336,0.247019456000881
183,Pedra do Meio, ,62831.853071795863798,314159265.358979284763336,0.174577387375725
184,Havaizinho, ,62831.853071795863798,314159265.358979284763336,0.088164336694135
185,Curral, ,62831.853071795863798,314159265.358979284763336,0.088164336694135
186,Outside, ,62831.853071795863798,314159265.358979284763336,0.087658941827178
187,Atins, ,62831.853071795863798,314159265.358979284763336,0.005254376687116
188,Ponta d'Areia, ,62831.853071795863798,314159265.358979284763336,1.660801176793510
189,S&atilde;o Marcos, ,62831.853071795863798,314159265.358979284763336,1.715950661251200
190,Calhau, ,62831.853071795863798,314159265.358979284763336,1.700406933828360
191,Olho D'Agu, ,62831.853071795863798,314159265.358979284763336,1.579714021711460
192,Ponta do Farol, ,62831.853071795863798,314159265.358979284763336,0.511492392239386
193, ,Hermenegildo,62831.853071795863798,314159265.358979284763336,0.004085724415481
194, ,Navio,62831.853071795863798,314159265.358979284763336,0.001253190145830
195, ,Tres Marias,62831.853071795863798,314159265.358979284763336,0.045547842654356
196, ,Praia do Cassino,62831.853071795863798,314159265.358979284763336,0.097012863148250
197, ,Sao Jose do Norte,62831.853071795863798,314159265.358979284763336,0.288798689183966
198, ,Quintão,62831.853071795863798,314159265.358979284763336,0.000026907553916
199, ,Nova Tramandaí,62831.853071795863798,314159265.358979284763336,0.113935731832385
200, ,Oasis Sul,62831.853071795863798,314159265.358979284763336,0.113935731832385
201, ,Tramandai - Malvina,62831.853071795863798,314159265.358979284763336,0.117315041163769
202, ,Tramandai,62831.853071795863798,314159265.358979284763336,0.145461059723976
203, ,Rainha do Mar,62831.853071795863798,314159265.358979284763336,0.505662336537661
204, ,Xangri-lá,62831.853071795863798,314159265.358979284763336,0.374682329838206
205, ,Atlântida - Pier,62831.853071795863798,314159265.358979284763336,0.371401557122549
206, ,Capao da Canoa,62831.853071795863798,314159265.358979284763336,0.361125938825616
207, ,Capao Novo,62831.853071795863798,314159265.358979284763336,0.051568577731473
208, ,Curumim,62831.853071795863798,314159265.358979284763336,0.024316421271653
209, ,Itapeva,62831.853071795863798,314159265.358979284763336,0.743513620378627
210, ,Guarita,62831.853071795863798,314159265.358979284763336,0.548625785805496
211, ,Cal,62831.853071795863798,314159265.358979284763336,0.548625785805496
212, ,Ilha dos Lobos,62831.853071795863798,314159265.358979284763336,0.548370480981102
213, ,Prainha,62831.853071795863798,314159265.358979284763336,0.548625785805496
214, ,Saraiva,62831.853071795863798,314159265.358979284763336,0.548625785805496
215, ,Molhes,62831.853071795863798,314159265.358979284763336,0.548051670323037
216, ,Passo de Torres,62831.853071795863798,314159265.358979284763336,0.548051670323037
217, ,Gaivota,62831.853071795863798,314159265.358979284763336,0.043489463511843
218, ,Arroio do Silva,62831.853071795863798,314159265.358979284763336,0.071927345533942
219, ,Morro dos Conventos,62831.853071795863798,314159265.358979284763336,0.004555550139748
220, ,Rincão,62831.853071795863798,314159265.358979284763336,0.128995195964388
221, ,Jaguaruna,62831.853071795863798,314159265.358979284763336,0.752394970163030
222, ,Camacho,62831.853071795863798,314159265.358979284763336,0.881948075438105
223, ,Cigana,62831.853071795863798,314159265.358979284763336,0.862666873718245
224, ,Cardozo,62831.853071795863798,314159265.358979284763336,0.826858096398472
225, ,Cemiterio,62831.853071795863798,314159265.358979284763336,0.754934908743565
226, ,Prainha do Farol,62831.853071795863798,314159265.358979284763336,0.817491144796467
227, ,Ipoa,62831.853071795863798,314159265.358979284763336,0.422108927097447
228, ,Teresa,62831.853071795863798,314159265.358979284763336,0.429626788729327
229, ,Praia de Cima,62831.853071795863798,314159265.358979284763336,0.687861593244388
230, ,Laguna,62831.853071795863798,314159265.358979284763336,1.048598655093670
231, ,Cavalinho,62831.853071795863798,314159265.358979284763336,1.108345668880010
232, ,Itapirubá,62831.853071795863798,314159265.358979284763336,0.669507849572982
233, ,Itapirubá Norte,62831.853071795863798,314159265.358979284763336,0.632479081715483
234, ,Castelinho,62831.853071795863798,314159265.358979284763336,0.236829090504110
235, ,Praia da Vila,62831.853071795863798,314159265.358979284763336,0.158439276977407
236, ,Ribanceira,62831.853071795863798,314159265.358979284763336,0.175297069378782
237, ,Ibiraquera,62831.853071795863798,314159265.358979284763336,0.148796775120990
238, ,Rosa Sul,62831.853071795863798,314159265.358979284763336,0.105195444176384
239, ,Rosa Norte,62831.853071795863798,314159265.358979284763336,0.108851490867077
240, ,Vermelha,62831.853071795863798,314159265.358979284763336,0.044430047967148
241, ,Ouvidor,62831.853071795863798,314159265.358979284763336,0.049144405143721
242, ,Barrinha,62831.853071795863798,314159265.358979284763336,0.095793820711961
243, ,Ferrugem,62831.853071795863798,314159265.358979284763336,0.099577173029749
244, ,Praia do Silveira,62831.853071795863798,314159265.358979284763336,0.081514910628713
245, ,Garopaba Centro,62831.853071795863798,314159265.358979284763336,0.098935303079980
246, ,Siriu,62831.853071795863798,314159265.358979284763336,0.100784132708280
247, ,Gamboa,62831.853071795863798,314159265.358979284763336,0.112446711460069
248, ,Guarda do embau,62831.853071795863798,314159265.358979284763336,0.038696817904968
249, ,Costão da Pinheira,62831.853071795863798,314159265.358979284763336,0.036993333040064
250, ,Naufragados,62831.853071795863798,314159265.358979284763336,0.054663190268223
251, ,Solidao - Caladinho,62831.853071795863798,314159265.358979284763336,0.060622839220470
252, ,Praia dos Açores,62831.853071795863798,314159265.358979284763336,0.070173772741320
253, ,Lagoinha do Leste,62831.853071795863798,314159265.358979284763336,0.061192971092831
254, ,Matadeiro,62831.853071795863798,314159265.358979284763336,0.156817810380781
255, ,Armação,62831.853071795863798,314159265.358979284763336,0.362313931314652
256, ,Caldeirao,62831.853071795863798,314159265.358979284763336,0.414400816882305
257, ,Morro das Pedras,62831.853071795863798,314159265.358979284763336,0.420927749643421
258, ,Campeche Rights,62831.853071795863798,314159265.358979284763336,0.404361844782287
259, ,Riozinho,62831.853071795863798,314159265.358979284763336,0.425356495668417
260, ,Joaquina,62831.853071795863798,314159265.358979284763336,1.198682761412920
261, ,Praia Mole,62831.853071795863798,314159265.358979284763336,0.984662569876901
262, ,Galheta,62831.853071795863798,314159265.358979284763336,0.736328660379589
263, ,Barra da Lagoa,62831.853071795863798,314159265.358979284763336,0.730405316771981
264, ,Mocambique,62831.853071795863798,314159265.358979284763336,0.212742533023635
265, ,Ponta das Aranhas,62831.853071795863798,314159265.358979284763336,0.264414491869721
266, ,Santinho,62831.853071795863798,314159265.358979284763336,0.317849021349179
267, ,Canasvieiras,62831.853071795863798,314159265.358979284763336,0.487258937000932
268, ,Praia do Forte,62831.853071795863798,314159265.358979284763336,0.354952572612773
269, ,Ingleses,62831.853071795863798,314159265.358979284763336,0.354358207653097
270, ,Praia Brava,62831.853071795863798,314159265.358979284763336,0.366042679624474
271, ,Lambe lambe,62831.853071795863798,314159265.358979284763336,0.321761486669916
272, ,Ponta Do Rapa,62831.853071795863798,314159265.358979284763336,0.261366386204777
273, ,Tingua,62831.853071795863798,314159265.358979284763336,0.150405667329431
274, ,Palmas,62831.853071795863798,314159265.358979284763336,0.060086963715521
275, ,Mariscal,62831.853071795863798,314159265.358979284763336,0.296460601297562
276, ,Quatro Ilhas,62831.853071795863798,314159265.358979284763336,0.263496884827777
277, ,Bombinhas,62831.853071795863798,314159265.358979284763336,0.276750817052902
278, ,Bombas,62831.853071795863798,314159265.358979284763336,0.314691889853382
279, ,Meia Praia,62831.853071795863798,314159265.358979284763336,0.553045878313232
280, ,Itapema,62831.853071795863798,314159265.358979284763336,0.671974131834223
281, ,Ponta do Cabeço,62831.853071795863798,314159265.358979284763336,0.693542594266121
282, ,Mocó,62831.853071795863798,314159265.358979284763336,1.021682019594510
283, ,Estaleirinho,62831.853071795863798,314159265.358979284763336,2.788638111638000
284, ,Estaleiro (reef),62831.853071795863798,314159265.358979284763336,3.311531926599520
285, ,Balneário Camboriú,62831.853071795863798,314159265.358979284763336,4.106198745240000
286, ,Parcel,62831.853071795863798,314159265.358979284763336,4.419683539433910
287, ,Praia dos Amores,62831.853071795863798,314159265.358979284763336,5.998426582395670
288, ,Praia Brava,62831.853071795863798,314159265.358979284763336,6.293695770350140
289, ,Morcego,62831.853071795863798,314159265.358979284763336,6.287639947070030
290, ,Atalaia,62831.853071795863798,314159265.358979284763336,5.323741999193710
291, ,Pracinha,62831.853071795863798,314159265.358979284763336,4.661735486094880
292, ,Navegantes,62831.853071795863798,314159265.358979284763336,4.385449286054120
293, ,Garrincha,62831.853071795863798,314159265.358979284763336,3.384811255005790
294, ,Gravatá (1 e 2),62831.853071795863798,314159265.358979284763336,2.427391105599720
295, ,Gravatá,62831.853071795863798,314159265.358979284763336,2.446982739479400
296, ,Quilombo,62831.853071795863798,314159265.358979284763336,0.185739253875661
297, ,Quilombo (reef),62831.853071795863798,314159265.358979284763336,0.176701728747352
298, ,molhe de Piçarras,62831.853071795863798,314159265.358979284763336,0.119810237214252
299, ,Laje do Jacques,62831.853071795863798,314159265.358979284763336,0.087361593361002
300, ,Syphodys,62831.853071795863798,314159265.358979284763336,0.276181241194017
301, ,ilha do grants,62831.853071795863798,314159265.358979284763336,0.275359010327550
302, ,barra de Itajuba,62831.853071795863798,314159265.358979284763336,0.274305624322308
303, ,Praia do Sol,62831.853071795863798,314159265.358979284763336,0.282596851853963
304, ,Praia do Tabuleiro,62831.853071795863798,314159265.358979284763336,0.275273534467965
305, ,Canoas,62831.853071795863798,314159265.358979284763336,0.280575520509137
306, ,Barrinha,62831.853071795863798,314159265.358979284763336,0.279759071508628
307, ,Foz do Itapocu,62831.853071795863798,314159265.358979284763336,0.269706017035677
308, ,Praia do Bispo,62831.853071795863798,314159265.358979284763336,0.031948854013683
309, ,Picama,62831.853071795863798,314159265.358979284763336,0.034326181285195
310, ,"Praia Grande, São Francisco do Sul",62831.853071795863798,314159265.358979284763336,0.096847813354272
311, ,Praia da Saudade,62831.853071795863798,314159265.358979284763336,0.096847813354272
312, ,Sao Francisco do Sul,62831.853071795863798,314159265.358979284763336,0.096847813354272
313, ,Píer da Petrobras,62831.853071795863798,314159265.358979284763336,0.096847813354272
314, ,Sumidouro,62831.853071795863798,314159265.358979284763336,0.146720948128480
315, ,Praia do Forte,62831.853071795863798,314159265.358979284763336,0.102765963460056
316, ,Terceira Pedra,62831.853071795863798,314159265.358979284763336,0.079330554128623
317, ,Barra do sai mirim,62831.853071795863798,314159265.358979284763336,0.069673804631612
318, ,Barrinha,62831.853071795863798,314159265.358979284763336,0.046094862071698
319, ,Praia Brava Guaratuba,62831.853071795863798,314159265.358979284763336,0.248024246729081
320, ,Direitas de Guaratuba,62831.853071795863798,314159265.358979284763336,0.248960702989808
321, ,Pico de Matinhos,62831.853071795863798,314159265.358979284763336,0.206160724219978
322, ,Balneario Costa azul,62831.853071795863798,314159265.358979284763336,0.015121383339030
323, ,Ilha do Mel,62831.853071795863798,314159265.358979284763336,0.058060507684692
324, ,Farolete,62831.853071795863798,314159265.358979284763336,0.075956496761438
325, ,"Guarau, Peruibe SP",62831.853071795863798,314159265.358979284763336,0.204871828126437
326, ,Pier de Mongaguá,62831.853071795863798,314159265.358979284763336,0.044943148865638
327, ,Tombo,62831.853071795863798,314159265.358979284763336,1.599219729986590
328, ,Astúrias,62831.853071795863798,314159265.358979284763336,1.715832452973620
329, ,Pitangueiras Beach,62831.853071795863798,314159265.358979284763336,1.760542703295540
330, ,porta do sol,62831.853071795863798,314159265.358979284763336,2.422830515968110
331, ,Itarare,62831.853071795863798,314159265.358979284763336,2.584987815599270
332, ,Santos,62831.853071795863798,314159265.358979284763336,2.578975820400620
333, ,Praia de Pernambuco,62831.853071795863798,314159265.358979284763336,0.264879373363810
334, ,Bonete,62831.853071795863798,314159265.358979284763336,0.000417580211079
335, ,Sao Pedro,62831.853071795863798,314159265.358979284763336,0.051980748855648
336, ,Praia de Iporanga,62831.853071795863798,314159265.358979284763336,0.063943748660462
337, ,Taguaíba,62831.853071795863798,314159265.358979284763336,0.087370446115343
338, ,praia branca,62831.853071795863798,314159265.358979284763336,0.071760610695447
339, ,Castelhanos,62831.853071795863798,314159265.358979284763336,0.122956705812364
340, ,Enseada - Bertioga,62831.853071795863798,314159265.358979284763336,0.137997066959521
341, ,Santiago,62831.853071795863798,314159265.358979284763336,0.029281711082972
342, ,Guaecá,62831.853071795863798,314159265.358979284763336,0.127734748288152
343, ,Riviera de São Lourenço,62831.853071795863798,314159265.358979284763336,0.555722264783056
344, ,Paúba,62831.853071795863798,314159265.358979284763336,0.039780431803436
345, ,Itaguaré,62831.853071795863798,314159265.358979284763336,0.545165013683889
346, ,Maresias,62831.853071795863798,314159265.358979284763336,0.051790904246167
347, ,Camburi,62831.853071795863798,314159265.358979284763336,0.084786663071814
348, ,Baleia,62831.853071795863798,314159265.358979284763336,0.069027905981608
349, ,Guaratuba,62831.853071795863798,314159265.358979284763336,0.104160749666054
350, ,Juquehy,62831.853071795863798,314159265.358979284763336,0.051566196817738
351, ,Massaguaçu,62831.853071795863798,314159265.358979284763336,0.098860387527076
352, ,Simão,62831.853071795863798,314159265.358979284763336,0.064751786234772
353, ,Praia do sape,62831.853071795863798,314159265.358979284763336,0.067190450068863
354, ,Lagoinha,62831.853071795863798,314159265.358979284763336,0.026688429472415
355, ,Sununga,62831.853071795863798,314159265.358979284763336,0.027918099652861
356, ,Toninhas,62831.853071795863798,314159265.358979284763336,0.071977194098786
357, ,Praia Grande (PG),62831.853071795863798,314159265.358979284763336,0.072320277935717
358, ,Praia Grande North,62831.853071795863798,314159265.358979284763336,0.074157006277037
359, ,Vermelha do Centro,62831.853071795863798,314159265.358979284763336,0.071643625561850
360, ,Patiero,62831.853071795863798,314159265.358979284763336,0.066026716759193
361, ,Vermelha do Norte,62831.853071795863798,314159265.358979284763336,0.063926835217737
362, ,Itamambuca,62831.853071795863798,314159265.358979284763336,0.045756300676517
363, ,Praia do Felix,62831.853071795863798,314159265.358979284763336,0.001267685878703
364, ,Brava do Camburi,62831.853071795863798,314159265.358979284763336,0.001366327226284
365, ,Ponta do Cepílio,62831.853071795863798,314159265.358979284763336,0.000740912083505
366, ,Laranjeiras,62831.853071795863798,314159265.358979284763336,0.007916492320180
367, ,Martim de Sa,62831.853071795863798,314159265.358979284763336,0.006483531177057
368, ,Aventureiro,62831.853071795863798,314159265.358979284763336,0.073226702127658
369, ,Lopes Mendes,62831.853071795863798,314159265.358979284763336,0.125893202357445
370, ,Barra de Guaratiba,62831.853071795863798,314159265.358979284763336,0.213074744520925
371, ,Laje do Dramin,62831.853071795863798,314159265.358979284763336,0.570264419136975
372, ,Grumari,62831.853071795863798,314159265.358979284763336,1.058101969181760
373, ,Prainha,62831.853071795863798,314159265.358979284763336,1.410308613790040
374, ,CcB,62831.853071795863798,314159265.358979284763336,1.580425188794940
375, ,Farorinha,62831.853071795863798,314159265.358979284763336,1.894884309933000
376, ,Canto do recreio,62831.853071795863798,314159265.358979284763336,1.956549325532920
377, ,Praia da Macumba,62831.853071795863798,314159265.358979284763336,1.882341762653200
378, ,Mambucaba,62831.853071795863798,314159265.358979284763336,0.546483061828469
379, ,Posto 10 - Recreio,62831.853071795863798,314159265.358979284763336,2.509008545199430
380, ,Recreio Posto 9,62831.853071795863798,314159265.358979284763336,3.023252114379690
381, ,Lage Postinho,62831.853071795863798,314159265.358979284763336,3.396662285660730
382, ,Joatinga,62831.853071795863798,314159265.358979284763336,3.864428580261720
383, ,Tropical (posto 1),62831.853071795863798,314159265.358979284763336,3.661546507608790
384, ,Barra da Tijuca - Posto 8,62831.853071795863798,314159265.358979284763336,4.399733723364680
385, ,Sao Conrado,62831.853071795863798,314159265.358979284763336,6.912232297434520
386, ,Laje do sheraton,62831.853071795863798,314159265.358979284763336,8.673347898475130
387, ,Pontão do leblon,62831.853071795863798,314159265.358979284763336,9.380678582612379
388, ,Arpoador,62831.853071795863798,314159265.358979284763336,9.762867728882640
389, ,Praia do Diabo,62831.853071795863798,314159265.358979284763336,9.950976315219240
390, ,Leblon,62831.853071795863798,314159265.358979284763336,10.059822953637200
391, ,Ipanema,62831.853071795863798,314159265.358979284763336,10.362980059002901
392, ,Shore break expresso escorpiao,62831.853071795863798,314159265.358979284763336,10.400633887098101
393, ,Forte de Copacabana,62831.853071795863798,314159265.358979284763336,10.750830771561001
394, ,Posto 5 - Copacabana,62831.853071795863798,314159265.358979284763336,11.149002326909599
395, ,Praia Brava - Pontal do Atalaia,62831.853071795863798,314159265.358979284763336,0.093156055373251
396, ,Shock,62831.853071795863798,314159265.358979284763336,0.604449861042522
397, ,Praia Grande - Arraial do Cabo,62831.853071795863798,314159265.358979284763336,0.110049009992246
398, ,Itacoatiara,62831.853071795863798,314159265.358979284763336,0.608578492743374
399, ,Canal de Camboinhas,62831.853071795863798,314159265.358979284763336,0.863192272175548
400, ,Camboinhas,62831.853071795863798,314159265.358979284763336,0.986973605399701
401, ,Leme,62831.853071795863798,314159265.358979284763336,13.289704472326200
402, ,Ponta Negra - Maricá - RJ,62831.853071795863798,314159265.358979284763336,0.161120110575930
403, ,Piratininga,62831.853071795863798,314159265.358979284763336,3.929938747215920
404, ,Massambaba,62831.853071795863798,314159265.358979284763336,0.019896413674640
405, ,Lage de fora,62831.853071795863798,314159265.358979284763336,0.022003771384633
406, ,Arraial do Cabo,62831.853071795863798,314159265.358979284763336,0.455437568230642
407, ,Itauna,62831.853071795863798,314159265.358979284763336,0.033624519117586
408, ,Backdoor,62831.853071795863798,314159265.358979284763336,0.023172328679693
409, ,Saquarema - Itauna Beach,62831.853071795863798,314159265.358979284763336,0.033624519117586
410, ,Saquarema - Praia da Vila,62831.853071795863798,314159265.358979284763336,0.033624519117586
411, ,Praia do Foguete - Cabo Frio,62831.853071795863798,314159265.358979284763336,0.510306985662020
412, ,Flamengo,62831.853071795863798,314159265.358979284763336,15.122887995594301
413, ,prainha de adão e eva,62831.853071795863798,314159265.358979284763336,10.661774345676900
414, ,Itapuca,62831.853071795863798,314159265.358979284763336,9.538554207451449
415, ,Praia Brava - Cabo Frio,62831.853071795863798,314159265.358979284763336,0.482190760598613
416, ,Praia do Forte - Cabo Frio,62831.853071795863798,314159265.358979284763336,0.505910370772519
417, ,Dunas do Peró - Cabo Frio -RJ,62831.853071795863798,314159265.358979284763336,0.478624467963797
418, ,Geriba,62831.853071795863798,314159265.358979284763336,0.218225698912265
419, ,Laje da Rasa,62831.853071795863798,314159265.358979284763336,0.174707123305934
420, ,praia de unamar,62831.853071795863798,314159265.358979284763336,0.048086601920829
421, ,Costazul,62831.853071795863798,314159265.358979284763336,0.241901905133301
422, ,Pecado,62831.853071795863798,314159265.358979284763336,0.801500009613836
423, ,Cavaleiros,62831.853071795863798,314159265.358979284763336,0.815781448635189
424, ,Grussaí,62831.853071795863798,314159265.358979284763336,0.059391794750666
425, ,Setiba Pina,62831.853071795863798,314159265.358979284763336,2.516493943444180
426, ,Barra Sol,62831.853071795863798,314159265.358979284763336,7.919122424922380
427, ,Secret,62831.853071795863798,314159265.358979284763336,8.890684424612591
428, ,Coral do Céu,62831.853071795863798,314159265.358979284763336,7.796021619983330
429, ,Pompeia,62831.853071795863798,314159265.358979284763336,10.955933141901800
430, ,D2,62831.853071795863798,314159265.358979284763336,9.988041657841141
431, ,Canal de Vitória,62831.853071795863798,314159265.358979284763336,13.209955649692700
432, ,Praia de Camburi,62831.853071795863798,314159265.358979284763336,11.546515711883201
433, ,Prainha de Carapebus,62831.853071795863798,314159265.358979284763336,3.286000388432240
434, ,Barrote-Jacaraipe,62831.853071795863798,314159265.358979284763336,0.551457905679172
435, ,Jacaraípe- Solemar,62831.853071795863798,314159265.358979284763336,0.426549616419599
436, ,Regencia,62831.853071795863798,314159265.358979284763336,0.001744761510600
437, ,Guriri,62831.853071795863798,314159265.358979284763336,0.007772445622088
438, ,Backdoor,62831.853071795863798,314159265.358979284763336,0.074323229133267
439, ,Itacarezinho,62831.853071795863798,314159265.358979284763336,0.000554646644814
440, ,Engenhoca,62831.853071795863798,314159265.358979284763336,0.000967113859206
441, ,Jeribucaçu,62831.853071795863798,314159265.358979284763336,0.000518567556176
442, ,Prainha,62831.853071795863798,314159265.358979284763336,0.000412467214392
443, ,Tiririca,62831.853071795863798,314159265.358979284763336,0.000412467214392
444, ,Praia da Resende,62831.853071795863798,314159265.358979284763336,0.000412467214392
445, ,Boca da Barra,62831.853071795863798,314159265.358979284763336,0.000555461634285
446, ,Pontal,62831.853071795863798,314159265.358979284763336,0.000555461634285
447, ,Praia dos Algodoes,62831.853071795863798,314159265.358979284763336,0.000565030520810
448, ,Saquaira,62831.853071795863798,314159265.358979284763336,0.000565030520810
449, ,Taipu de Fora,62831.853071795863798,314159265.358979284763336,0.002174172068874
450, ,Pedra do Moleque,62831.853071795863798,314159265.358979284763336,0.006633073475106
451, ,Farol da Barra,62831.853071795863798,314159265.358979284763336,5.214402221098990
452, ,Barravento,62831.853071795863798,314159265.358979284763336,5.602003489669760
453, ,Espanhol,62831.853071795863798,314159265.358979284763336,5.593203541424690
454, ,Corsário,62831.853071795863798,314159265.358979284763336,7.854938839203450
455, ,Jaguaribe,62831.853071795863798,314159265.358979284763336,4.073639822067660
456, ,Stella Maris,62831.853071795863798,314159265.358979284763336,1.555850403963560
457, ,Praia do forte,62831.853071795863798,314159265.358979284763336,0.112607241533476
458, ,Scar Reef,62831.853071795863798,314159265.358979284763336,0.233394809807399
459, ,Casinha,62831.853071795863798,314159265.358979284763336,0.111466143525294
460, ,Aracaju,62831.853071795863798,314159265.358979284763336,2.363575632967940
461, ,Praia Do Francês,62831.853071795863798,314159265.358979284763336,0.130176514007865
462, ,Pedra Virada,62831.853071795863798,314159265.358979284763336,1.951051536943500
463, ,Cruz das Almas,62831.853071795863798,314159265.358979284763336,2.561336095174310
464, ,Riacho Doce,62831.853071795863798,314159265.358979284763336,0.466634013679100
465, ,New Orleans,62831.853071795863798,314159265.358979284763336,0.012274628070129
466, ,Praia do Morro,62831.853071795863798,314159265.358979284763336,0.011867252669898
467, ,Maracaipe,62831.853071795863798,314159265.358979284763336,1.002893702034690
468, ,Borete,62831.853071795863798,314159265.358979284763336,1.090832135251690
469, ,cupe,62831.853071795863798,314159265.358979284763336,1.432128903699400
470, ,Enseada dos Corais,62831.853071795863798,314159265.358979284763336,2.609681147521090
471, ,Tambaba,62831.853071795863798,314159265.358979284763336,0.089592316207656
472, ,Mar do Macaco,62831.853071795863798,314159265.358979284763336,5.576166893756680
473, ,Dique de Cabedelo,62831.853071795863798,314159265.358979284763336,2.358386542122610
474, ,Baia Formosa,62831.853071795863798,314159265.358979284763336,0.032602193255027
475, ,Pipa,62831.853071795863798,314159265.358979284763336,0.175705527383716
476, ,Lajão,62831.853071795863798,314159265.358979284763336,0.176374499260992
477, ,Madeiro,62831.853071795863798,314159265.358979284763336,0.176559410848889
478, ,Cacimbinhas,62831.853071795863798,314159265.358979284763336,0.182332054964800
479, ,Tabatinga,62831.853071795863798,314159265.358979284763336,0.263416526313381
480, ,Ponta negra,62831.853071795863798,314159265.358979284763336,3.702873904806440
481, ,Genipabu,62831.853071795863798,314159265.358979284763336,0.848185015248279
482, ,Morro Branco,62831.853071795863798,314159265.358979284763336,0.054687932286027
483, ,Iguape Meio,62831.853071795863798,314159265.358979284763336,0.171072246709814
484, ,Cacimba do Padre,62831.853071795863798,314159265.358979284763336,0.136338385813982
485, ,Boldró,62831.853071795863798,314159265.358979284763336,0.136338385813982
486, ,Conceição,62831.853071795863798,314159265.358979284763336,0.136338385813982
487, ,Meio,62831.853071795863798,314159265.358979284763336,0.136338385813982
488, ,Cachorro,62831.853071795863798,314159265.358979284763336,0.136338385813982
489, ,Biboca,62831.853071795863798,314159265.358979284763336,0.136338385813982
490, ,Abras,62831.853071795863798,314159265.358979284763336,0.136338385813982
491, ,Futuro,62831.853071795863798,314159265.358979284763336,5.489263721785750
492, ,Iracema (ponte metalica),62831.853071795863798,314159265.358979284763336,11.726265822383301
493, ,Leste-Oeste,62831.853071795863798,314159265.358979284763336,13.625274264663600
494, ,Titanzinho,62831.853071795863798,314159265.358979284763336,5.137391959350980
495, ,Icarai,62831.853071795863798,314159265.358979284763336,2.276006013011900
496, ,Pico das Almas,62831.853071795863798,314159265.358979284763336,0.651199334708483
497, ,Taiba,62831.853071795863798,314159265.358979284763336,0.306038814757796
498, ,Paracuru,62831.853071795863798,314159265.358979284763336,0.114089807954140
499, ,Jericoacoara,62831.853071795863798,314159265.358979284763336,0.021764546155009
500, ,Travosa,62831.853071795863798,314159265.358979284763336,0.000000000000000
501, ,marahu,62831.853071795863798,314159265.358979284763336,0.158640322171305
502, ,Camaraçu,62831.853071795863798,314159265.358979284763336,0.000000000000000
503, ,Araruna,62831.853071795863798,314159265.358979284763336,0.076435250202217
504, ,Salinas,62831.853071795863798,314159265.358979284763336,0.009118440646797
505, ,Imbé,62831.853071795863798,314159265.358979284763336,0.140585089359602
506, ,Mariluz,62831.853071795863798,314159265.358979284763336,0.567701069056278
507, ,Arroio Teixeira,62831.853071795863798,314159265.358979284763336,0.024316421271653
508, ,Ilha do Batuta,62831.853071795863798,314159265.358979284763336,0.106569640332890
509, ,Brava de Matinhos,62831.853071795863798,314159265.358979284763336,0.217737104825456
510, ,Pontal do Sul,62831.853071795863798,314159265.358979284763336,0.073227291692808
511, ,Desertinha,62831.853071795863798,314159265.358979284763336,0.008234840033736
512, ,Cibratel,62831.853071795863798,314159265.358979284763336,0.240384346187924
513, ,Montão do trigo,62831.853071795863798,314159265.358979284763336,0.000000000000000
514, ,Indaiá - Bertioga,62831.853071795863798,314159265.358979284763336,0.605503557983279
515, ,Praia Brava,62831.853071795863798,314159265.358979284763336,0.060489916033155
516, ,Jureia,62831.853071795863798,314159265.358979284763336,0.045635668670295
517, ,Barra do Una - Meio,62831.853071795863798,314159265.358979284763336,0.053827935459220
518, ,Enseada - Ubatuba,62831.853071795863798,314159265.358979284763336,0.071181534052536
519, ,Presídio,62831.853071795863798,314159265.358979284763336,0.144674127543439
520, ,Inferno,62831.853071795863798,314159265.358979284763336,0.658815232850942
521, ,Macumba-secreto,62831.853071795863798,314159265.358979284763336,1.571847073613790
522, ,Posto 4,62831.853071795863798,314159265.358979284763336,3.512509174515720
523, ,Vala do Mauri,62831.853071795863798,314159265.358979284763336,4.237229015376610
524, ,Praia Brava de Angra dos Reis,62831.853071795863798,314159265.358979284763336,0.666947302533167
525, ,Castelinho,62831.853071795863798,314159265.358979284763336,9.516350492092659
526, ,Sossego,62831.853071795863798,314159265.358979284763336,1.700142990234200
527, ,atafona - sao joao da barra,62831.853071795863798,314159265.358979284763336,0.076345079279378
528, ,Cemitério,62831.853071795863798,314159265.358979284763336,2.708168701840710
529, ,Sirihyba,62831.853071795863798,314159265.358979284763336,0.007213043234544
530, ,Sol do Muta,62831.853071795863798,314159265.358979284763336,0.003741573468508
531, ,Rock Quente,62831.853071795863798,314159265.358979284763336,1.605115536506890
532, ,Ribeira,62831.853071795863798,314159265.358979284763336,8.704828127453920
533, ,Praia das Ondas,62831.853071795863798,314159265.358979284763336,0.221120528976901
534, ,Rainha,62831.853071795863798,314159265.358979284763336,2.337385976672660
535, ,Pedra de Xaréu,62831.853071795863798,314159265.358979284763336,3.081277923400220
536, ,Prainha,62831.853071795863798,314159265.358979284763336,0.196620823269294
537, ,Laje do Bode,62831.853071795863798,314159265.358979284763336,0.136338385813982
538, ,Caolho,62831.853071795863798,314159265.358979284763336,1.727149487088650
539, ,Atalaia (salinas),62831.853071795863798,314159265.358979284763336,0.212622744718217
540, ,Algodoal,62831.853071795863798,314159265.358979284763336,0.030531958618159
