OBJECTID,Name,Surf_Spot,Shape_Leng,Shape_Area,SUM_Length
1,Cardoso, ,62831.853071795863798,314159265.358979284763336,240.994256979109991
2,Ravena, ,62831.853071795863798,314159265.358979284763336,380.857591610886004
3,Praia da Vila Imbituba, ,62831.853071795863798,314159265.358979284763336,391.933404426294999
4,Praia do Porto Imbituba, ,62831.853071795863798,314159265.358979284763336,504.316121067107019
5,Ponta da Pinheira, ,62831.853071795863798,314159265.358979284763336,324.705037670482000
6,Mocambique, ,62831.853071795863798,314159265.358979284763336,485.032088187344016
7,Ponta das Canas, ,62831.853071795863798,314159265.358979284763336,580.159256339077047
8,Itagua&ccedil;u, ,62831.853071795863798,314159265.358979284763336,361.663877609312976
9,Ilha Comprida, ,62831.853071795863798,314159265.358979284763336,357.817025977846981
10,Iguape, ,62831.853071795863798,314159265.358979284763336,471.468375434812003
11,Peruibe, ,62831.853071795863798,314159265.358979284763336,828.549696704415965
12,Praia dos Pescadores, ,62831.853071795863798,314159265.358979284763336,969.146655881997958
13,Itanhaem, ,62831.853071795863798,314159265.358979284763336,759.917465183027048
14,Praia Grande, ,62831.853071795863798,314159265.358979284763336,1228.356115535129902
15,Praia do Forte dos Andradas, ,62831.853071795863798,314159265.358979284763336,935.685287953485044
16,Praia do Forte dos Andradas, ,62831.853071795863798,314159265.358979284763336,993.056273145475984
17,Praia da Ponta Grossa, ,62831.853071795863798,314159265.358979284763336,1033.449832611380089
18,Itaipu, ,62831.853071795863798,314159265.358979284763336,1230.635717033439960
19,Guaiuba, ,62831.853071795863798,314159265.358979284763336,1178.894368249319996
20,Santos, ,62831.853071795863798,314159265.358979284763336,1460.768379421170039
21,Morro do Maluf, ,62831.853071795863798,314159265.358979284763336,1213.576760187909940
22,Praia da Enseada, ,62831.853071795863798,314159265.358979284763336,841.946603843225034
23,Embare, ,62831.853071795863798,314159265.358979284763336,1779.875073869600101
24,Gonzaga, ,62831.853071795863798,314159265.358979284763336,1951.465417636989969
25,Pereque, ,62831.853071795863798,314159265.358979284763336,526.673524719388979
26,Praia Preta, ,62831.853071795863798,314159265.358979284763336,333.321810244908988
27,Praia da Bertioga, ,62831.853071795863798,314159265.358979284763336,409.071982554614010
28,Maresias, ,62831.853071795863798,314159265.358979284763336,192.637730630443002
29,Canto de Moreira, ,62831.853071795863798,314159265.358979284763336,214.281312517405013
30,Itaguere, ,62831.853071795863798,314159265.358979284763336,297.004727453850990
31,Boicucanga, ,62831.853071795863798,314159265.358979284763336,207.348317934054990
32,Praia de Baleia, ,62831.853071795863798,314159265.358979284763336,226.676050004338009
33,Barra do Sahy, ,62831.853071795863798,314159265.358979284763336,225.375220816377009
34,Praia Preta, ,62831.853071795863798,314159265.358979284763336,214.946183754910010
35,Bananas Point, ,62831.853071795863798,314159265.358979284763336,231.028926158810009
36,Praia do Juquei, ,62831.853071795863798,314159265.358979284763336,194.224152630731993
37,Praia da Boracéia, ,62831.853071795863798,314159265.358979284763336,208.564373797676012
38,Praia Dura, ,62831.853071795863798,314159265.358979284763336,307.569447149791984
39,Pereque-Acu, ,62831.853071795863798,314159265.358979284763336,479.786964848058972
40,Itamambuca, ,62831.853071795863798,314159265.358979284763336,343.238378844511999
41,Praia da Fazenda, ,62831.853071795863798,314159265.358979284763336,103.467190355721996
42,Aventureiro, ,62831.853071795863798,314159265.358979284763336,57.824962948951999
43,Praia do Leste, ,62831.853071795863798,314159265.358979284763336,75.496999640106097
44,Praia do Sul, ,62831.853071795863798,314159265.358979284763336,65.156812635202598
45,Praia do Meio, ,62831.853071795863798,314159265.358979284763336,439.065372929142995
46,Restinga a Marambaia, ,62831.853071795863798,314159265.358979284763336,394.642551986673993
47,Grumari, ,62831.853071795863798,314159265.358979284763336,702.452571933457989
48,Reserva, ,62831.853071795863798,314159265.358979284763336,1434.154021111580050
49,Barra da Tijuca, ,62831.853071795863798,314159265.358979284763336,1761.015801261029992
50,Barra da Tijuca, ,62831.853071795863798,314159265.358979284763336,1872.405160493199901
51,Sao Conrado, ,62831.853071795863798,314159265.358979284763336,1242.863269315510024
52,Bambui, ,62831.853071795863798,314159265.358979284763336,873.712424945558951
53,Itaipuacu, ,62831.853071795863798,314159265.358979284763336,1105.780271257980075
54,Barra de Marica, ,62831.853071795863798,314159265.358979284763336,823.984563274854963
55,Camboinhas, ,62831.853071795863798,314159265.358979284763336,1097.914126438279936
56,Pirantininga, ,62831.853071795863798,314159265.358979284763336,1256.549364144060064
57,Jacone, ,62831.853071795863798,314159265.358979284763336,462.128211001005980
58,Figueira, ,62831.853071795863798,314159265.358979284763336,175.457682065411007
59,Praia do Fora, ,62831.853071795863798,314159265.358979284763336,1813.423011326930009
60,Laje do Pao de Acucar, ,62831.853071795863798,314159265.358979284763336,1893.845628988319959
61,Canal, ,62831.853071795863798,314159265.358979284763336,721.617895940001972
62,Praia Seca, ,62831.853071795863798,314159265.358979284763336,849.275679936951974
63,Caravelas, ,62831.853071795863798,314159265.358979284763336,917.186523578736001
64,Tucuns, ,62831.853071795863798,314159265.358979284763336,673.966721117589032
65,Praia Brava, ,62831.853071795863798,314159265.358979284763336,328.061356479619974
66,Marataizes, ,62831.853071795863798,314159265.358979284763336,662.594998507853006
67,Ponta do Ubu, ,62831.853071795863798,314159265.358979284763336,418.745171909331020
68,Ponta dos Castelhanos, ,62831.853071795863798,314159265.358979284763336,426.174463900948012
69,Maimba, ,62831.853071795863798,314159265.358979284763336,646.623003862840051
70,Praia do Morro, ,62831.853071795863798,314159265.358979284763336,792.705940253969970
71,Ponta de Bororo, ,62831.853071795863798,314159265.358979284763336,526.288864379743018
72,Tropical, ,62831.853071795863798,314159265.358979284763336,521.703741067654050
73,Dunas de Ule, ,62831.853071795863798,314159265.358979284763336,489.671257985388024
74,Guarapari - Ule, ,62831.853071795863798,314159265.358979284763336,487.573864674389995
75,Ponta da Fruta, ,62831.853071795863798,314159265.358979284763336,650.295961522085008
76,Coral Dois, ,62831.853071795863798,314159265.358979284763336,977.737529810981982
77,Ponta da Belina, ,62831.853071795863798,314159265.358979284763336,1019.868741531089995
78,Coral Um, ,62831.853071795863798,314159265.358979284763336,1139.690360461079990
79,Barrinha, ,62831.853071795863798,314159265.358979284763336,1526.095099691940050
80,Praia de Camburi, ,62831.853071795863798,314159265.358979284763336,1756.919550410169904
81,Velzyland, ,62831.853071795863798,314159265.358979284763336,1442.344700533439891
82,Ponta da Cacao, ,62831.853071795863798,314159265.358979284763336,1429.019153026139975
83,"Manguinhos, Brazil", ,62831.853071795863798,314159265.358979284763336,1424.447590051930092
84,Praia da Baleia, ,62831.853071795863798,314159265.358979284763336,1287.177399038869908
85,Jacaraipe - Solemar, ,62831.853071795863798,314159265.358979284763336,794.921223842571976
86,Xa, ,62831.853071795863798,314159265.358979284763336,788.582979718077013
87,Nova Almeida, ,62831.853071795863798,314159265.358979284763336,545.248430345693009
88,Praia Grande, ,62831.853071795863798,314159265.358979284763336,473.563130201122021
89,Regencia, ,62831.853071795863798,314159265.358979284763336,76.522321066153495
90,Guriri, ,62831.853071795863798,314159265.358979284763336,80.370250857617407
91,Milionarios, ,62831.853071795863798,314159265.358979284763336,497.052499467589996
92,Sul, ,62831.853071795863798,314159265.358979284763336,485.094627605554024
93,Pedra da Cachorra, ,62831.853071795863798,314159265.358979284763336,481.671653165976011
94,Jardim Atlantico, ,62831.853071795863798,314159265.358979284763336,487.252611193675989
95,Baduska, ,62831.853071795863798,314159265.358979284763336,485.423965679592982
96,Norte, ,62831.853071795863798,314159265.358979284763336,247.734186141383987
97,Havaizinho, ,62831.853071795863798,314159265.358979284763336,134.204373715522991
98,Sao Jose, ,62831.853071795863798,314159265.358979284763336,198.199702684403007
99,Corals, ,62831.853071795863798,314159265.358979284763336,170.604209639246989
100,Tony, ,62831.853071795863798,314159265.358979284763336,1935.132950791700068
101,Meridien, ,62831.853071795863798,314159265.358979284763336,1968.222497187000045
102,Amaralina, ,62831.853071795863798,314159265.358979284763336,2093.494990159410008
103,Tubao, ,62831.853071795863798,314159265.358979284763336,2279.975371978070143
104,Psiu, ,62831.853071795863798,314159265.358979284763336,2740.510968764090194
105,Alex, ,62831.853071795863798,314159265.358979284763336,2868.349433097219844
106,Terceira Ponte, ,62831.853071795863798,314159265.358979284763336,2808.117078016779942
107,SESC, ,62831.853071795863798,314159265.358979284763336,2709.441561688200181
108,Farol, ,62831.853071795863798,314159265.358979284763336,1856.524730850690048
109,Pedro do Sal, ,62831.853071795863798,314159265.358979284763336,1800.988125217739935
110,Itapoa, ,62831.853071795863798,314159265.358979284763336,2318.150558631300100
111,Seper, ,62831.853071795863798,314159265.358979284763336,1745.006751479600098
112,Corrente, ,62831.853071795863798,314159265.358979284763336,1722.626273175990036
113,Stela Maris, ,62831.853071795863798,314159265.358979284763336,1719.383906978350069
114,Plator, ,62831.853071795863798,314159265.358979284763336,1669.369342953749992
115,Aleluia, ,62831.853071795863798,314159265.358979284763336,1580.660381872279913
116,Ipitanga, ,62831.853071795863798,314159265.358979284763336,1601.725972608519896
117,Vilas, ,62831.853071795863798,314159265.358979284763336,1569.146400186519941
118,Busca Vida, ,62831.853071795863798,314159265.358979284763336,1087.028069208349962
119,Itacimirim, ,62831.853071795863798,314159265.358979284763336,594.852871713590957
120,Praia do Forte, ,62831.853071795863798,314159265.358979284763336,517.888547589200016
121,Imbassai, ,62831.853071795863798,314159265.358979284763336,196.979609883353987
122,Costa do Sauipe, ,62831.853071795863798,314159265.358979284763336,88.650298460425603
123,Marlin, ,62831.853071795863798,314159265.358979284763336,144.102557925599001
124,Conde, ,62831.853071795863798,314159265.358979284763336,164.518477957855993
125,Mangue Seco, ,62831.853071795863798,314159265.358979284763336,102.030675735559996
126,Mosqueiro, ,62831.853071795863798,314159265.358979284763336,236.551904164527002
127,Aruana, ,62831.853071795863798,314159265.358979284763336,702.574525029118035
128,Hawaiizinho, ,62831.853071795863798,314159265.358979284763336,1010.265617240179949
129,Praia do Meio, ,62831.853071795863798,314159265.358979284763336,1566.346377091030035
130,Pirambu, ,62831.853071795863798,314159265.358979284763336,153.870412721690997
131,Ponta do Mangue, ,62831.853071795863798,314159265.358979284763336,62.948949914892999
132,Pontal de Peba, ,62831.853071795863798,314159265.358979284763336,115.905936918365001
133,Mihai, ,62831.853071795863798,314159265.358979284763336,284.118266684295008
134,Pontal do Coruripe, ,62831.853071795863798,314159265.358979284763336,328.643295642891019
135,Forjos, ,62831.853071795863798,314159265.358979284763336,312.358058894403996
136,Poxim, ,62831.853071795863798,314159265.358979284763336,189.742319037274001
137,Jacarecica, ,62831.853071795863798,314159265.358979284763336,536.435975227415952
138,Praia do Meio, ,62831.853071795863798,314159265.358979284763336,554.167468104501040
139,Praia do Pontal, ,62831.853071795863798,314159265.358979284763336,1375.443996914040099
140,Salgema, ,62831.853071795863798,314159265.358979284763336,1245.483935339329946
141,Pier do Emissario, ,62831.853071795863798,314159265.358979284763336,1294.806544686749930
142,Praia do Sobral, ,62831.853071795863798,314159265.358979284763336,1339.854544615300028
143,"Pico da Barra, Brazil", ,62831.853071795863798,314159265.358979284763336,1289.374042341770064
144,Pedra Virada, ,62831.853071795863798,314159265.358979284763336,1297.134810363130100
145,Praia de Jatiuca, ,62831.853071795863798,314159265.358979284763336,621.758775221347037
146,Garca Torta, ,62831.853071795863798,314159265.358979284763336,659.662469110667985
147,Mirante da Sirena, ,62831.853071795863798,314159265.358979284763336,429.071490801735990
148,Japaratinga, ,62831.853071795863798,314159265.358979284763336,241.531249321243990
149,Impossivel, ,62831.853071795863798,314159265.358979284763336,303.002959956342977
150,Serrambi, ,62831.853071795863798,314159265.358979284763336,482.705140092525994
151,Porto de Galinhas, ,62831.853071795863798,314159265.358979284763336,490.836853371692996
152,Cupe, ,62831.853071795863798,314159265.358979284763336,537.431795214483031
153,Gaibu, ,62831.853071795863798,314159265.358979284763336,723.871153529403045
154,Bessa, ,62831.853071795863798,314159265.358979284763336,1839.876737791199957
155,Saji, ,62831.853071795863798,314159265.358979284763336,187.228299672264995
156,Farol, ,62831.853071795863798,314159265.358979284763336,174.250186961720004
157,Xilauzinho, ,62831.853071795863798,314159265.358979284763336,149.873305333243991
158,Mar Aberto, ,62831.853071795863798,314159265.358979284763336,160.848537674191988
159,Pontal, ,62831.853071795863798,314159265.358979284763336,161.082925026846993
160,Mar da Frente, ,62831.853071795863798,314159265.358979284763336,203.762629740046009
161,Lajinha, ,62831.853071795863798,314159265.358979284763336,254.342052896159998
162,Afogados, ,62831.853071795863798,314159265.358979284763336,271.623432104184019
163,Sororoca, ,62831.853071795863798,314159265.358979284763336,264.376615599562001
164,Abacateiro, ,62831.853071795863798,314159265.358979284763336,261.439381730316995
165,Tibau do Sul, ,62831.853071795863798,314159265.358979284763336,425.147928248208984
166,Tabatinga, ,62831.853071795863798,314159265.358979284763336,464.746756717602011
167,Xoxoline, ,62831.853071795863798,314159265.358979284763336,450.273452577126022
168,Pirangi Reef, ,62831.853071795863798,314159265.358979284763336,459.082293223086026
169,Cotovelo, ,62831.853071795863798,314159265.358979284763336,1003.081257701609957
170,Miami, ,62831.853071795863798,314159265.358979284763336,2113.392216586500126
171,Areia Preta, ,62831.853071795863798,314159265.358979284763336,2176.526443279300111
172,Praia dos Artistas, ,62831.853071795863798,314159265.358979284763336,2316.146083458339945
173,Genipabu, ,62831.853071795863798,314159265.358979284763336,1203.157648999429966
174,Touros Area, ,62831.853071795863798,314159265.358979284763336,277.248907220911008
175,Urca da Concei&ccedil;&atilde;o, ,62831.853071795863798,314159265.358979284763336,177.696629482551003
176,Cocoa das Lavadeiras, ,62831.853071795863798,314159265.358979284763336,201.022722952333993
177,Baia das Ratas, ,62831.853071795863798,314159265.358979284763336,82.015325844538907
178,Volta da Jurema, ,62831.853071795863798,314159265.358979284763336,3035.713754014670030
179,Portao, ,62831.853071795863798,314159265.358979284763336,3242.183235924119799
180,Barra do Ceara, ,62831.853071795863798,314159265.358979284763336,2597.895161135889794
181,Praia do Pecem, ,62831.853071795863798,314159265.358979284763336,482.088674678277982
182,Tabinha, ,62831.853071795863798,314159265.358979284763336,459.851470508487978
183,Pedra do Meio, ,62831.853071795863798,314159265.358979284763336,465.977187161633026
184,Havaizinho, ,62831.853071795863798,314159265.358979284763336,382.842301206376987
185,Curral, ,62831.853071795863798,314159265.358979284763336,401.281204229845002
186,Outside, ,62831.853071795863798,314159265.358979284763336,346.863896741763028
187,Atins, ,62831.853071795863798,314159265.358979284763336,122.536852584461002
188,Ponta d'Areia, ,62831.853071795863798,314159265.358979284763336,1722.951057323439954
189,S&atilde;o Marcos, ,62831.853071795863798,314159265.358979284763336,1802.083068318879896
190,Calhau, ,62831.853071795863798,314159265.358979284763336,2475.075309026649848
191,Olho D'Agu, ,62831.853071795863798,314159265.358979284763336,2660.924320882730171
192,Ponta do Farol, ,62831.853071795863798,314159265.358979284763336,1735.544938463219978
193, ,Hermenegildo,62831.853071795863798,314159265.358979284763336,126.330438346888002
194, ,Navio,62831.853071795863798,314159265.358979284763336,58.441077345543199
195, ,Tres Marias,62831.853071795863798,314159265.358979284763336,240.201078252718986
196, ,Praia do Cassino,62831.853071795863798,314159265.358979284763336,432.223248501634998
197, ,Sao Jose do Norte,62831.853071795863798,314159265.358979284763336,416.555460541040020
198, ,Quintão,62831.853071795863798,314159265.358979284763336,188.592069365339000
199, ,Nova Tramandaí,62831.853071795863798,314159265.358979284763336,611.097104248362029
200, ,Oasis Sul,62831.853071795863798,314159265.358979284763336,642.877240852123009
201, ,Tramandai - Malvina,62831.853071795863798,314159265.358979284763336,779.952644496009952
202, ,Tramandai,62831.853071795863798,314159265.358979284763336,789.710358229811959
203, ,Rainha do Mar,62831.853071795863798,314159265.358979284763336,612.097007285003997
204, ,Xangri-lá,62831.853071795863798,314159265.358979284763336,719.330727352417966
205, ,Atlântida - Pier,62831.853071795863798,314159265.358979284763336,714.424975235569036
206, ,Capao da Canoa,62831.853071795863798,314159265.358979284763336,663.927292502295018
207, ,Capao Novo,62831.853071795863798,314159265.358979284763336,473.380626273375981
208, ,Curumim,62831.853071795863798,314159265.358979284763336,375.237530188965025
209, ,Itapeva,62831.853071795863798,314159265.358979284763336,713.674408381350986
210, ,Guarita,62831.853071795863798,314159265.358979284763336,633.391049531702947
211, ,Cal,62831.853071795863798,314159265.358979284763336,645.979079644863987
212, ,Ilha dos Lobos,62831.853071795863798,314159265.358979284763336,562.925066623002976
213, ,Prainha,62831.853071795863798,314159265.358979284763336,643.549211770156035
214, ,Saraiva,62831.853071795863798,314159265.358979284763336,644.242397899564025
215, ,Molhes,62831.853071795863798,314159265.358979284763336,637.908185032590040
216, ,Passo de Torres,62831.853071795863798,314159265.358979284763336,642.789187417164044
217, ,Gaivota,62831.853071795863798,314159265.358979284763336,535.096561514551013
218, ,Arroio do Silva,62831.853071795863798,314159265.358979284763336,562.225857686585982
219, ,Morro dos Conventos,62831.853071795863798,314159265.358979284763336,269.860866568454981
220, ,Rincão,62831.853071795863798,314159265.358979284763336,452.377756901727025
221, ,Jaguaruna,62831.853071795863798,314159265.358979284763336,324.583870981657981
222, ,Camacho,62831.853071795863798,314159265.358979284763336,271.729302717793018
223, ,Cigana,62831.853071795863798,314159265.358979284763336,261.488559664188983
224, ,Cardozo,62831.853071795863798,314159265.358979284763336,261.550877261772996
225, ,Cemiterio,62831.853071795863798,314159265.358979284763336,242.995654218443008
226, ,Prainha do Farol,62831.853071795863798,314159265.358979284763336,265.818018354092999
227, ,Ipoa,62831.853071795863798,314159265.358979284763336,258.630463083165012
228, ,Teresa,62831.853071795863798,314159265.358979284763336,267.434649933378978
229, ,Praia de Cima,62831.853071795863798,314159265.358979284763336,301.572565535600972
230, ,Laguna,62831.853071795863798,314159265.358979284763336,370.893271837330985
231, ,Cavalinho,62831.853071795863798,314159265.358979284763336,367.005942998223020
232, ,Itapirubá,62831.853071795863798,314159265.358979284763336,280.882193900785012
233, ,Itapirubá Norte,62831.853071795863798,314159265.358979284763336,285.203419619941997
234, ,Castelinho,62831.853071795863798,314159265.358979284763336,421.480217761077995
235, ,Praia da Vila,62831.853071795863798,314159265.358979284763336,413.642014191921987
236, ,Ribanceira,62831.853071795863798,314159265.358979284763336,594.196941192014037
237, ,Ibiraquera,62831.853071795863798,314159265.358979284763336,567.937196718224982
238, ,Rosa Sul,62831.853071795863798,314159265.358979284763336,534.033051104514016
239, ,Rosa Norte,62831.853071795863798,314159265.358979284763336,554.172470271087946
240, ,Vermelha,62831.853071795863798,314159265.358979284763336,555.500151171335006
241, ,Ouvidor,62831.853071795863798,314159265.358979284763336,609.729131229530026
242, ,Barrinha,62831.853071795863798,314159265.358979284763336,661.017884061404970
243, ,Ferrugem,62831.853071795863798,314159265.358979284763336,635.788877041752016
244, ,Praia do Silveira,62831.853071795863798,314159265.358979284763336,458.920233050262993
245, ,Garopaba Centro,62831.853071795863798,314159265.358979284763336,609.342438048039980
246, ,Siriu,62831.853071795863798,314159265.358979284763336,616.922237679722002
247, ,Gamboa,62831.853071795863798,314159265.358979284763336,599.121543648858960
248, ,Guarda do embau,62831.853071795863798,314159265.358979284763336,358.139297912836014
249, ,Costão da Pinheira,62831.853071795863798,314159265.358979284763336,340.625978918766009
250, ,Naufragados,62831.853071795863798,314159265.358979284763336,381.272296218510974
251, ,Solidao - Caladinho,62831.853071795863798,314159265.358979284763336,240.518486564755989
252, ,Praia dos Açores,62831.853071795863798,314159265.358979284763336,226.968954424723989
253, ,Lagoinha do Leste,62831.853071795863798,314159265.358979284763336,238.265279922605004
254, ,Matadeiro,62831.853071795863798,314159265.358979284763336,364.958666495788009
255, ,Armação,62831.853071795863798,314159265.358979284763336,491.718612847517022
256, ,Caldeirao,62831.853071795863798,314159265.358979284763336,605.793470341473949
257, ,Morro das Pedras,62831.853071795863798,314159265.358979284763336,622.863739081503013
258, ,Campeche Rights,62831.853071795863798,314159265.358979284763336,646.065675828021995
259, ,Riozinho,62831.853071795863798,314159265.358979284763336,667.143702854016965
260, ,Joaquina,62831.853071795863798,314159265.358979284763336,785.489346241615976
261, ,Praia Mole,62831.853071795863798,314159265.358979284763336,588.520757306347036
262, ,Galheta,62831.853071795863798,314159265.358979284763336,479.126166847676984
263, ,Barra da Lagoa,62831.853071795863798,314159265.358979284763336,521.471710347525004
264, ,Mocambique,62831.853071795863798,314159265.358979284763336,496.761411595497975
265, ,Ponta das Aranhas,62831.853071795863798,314159265.358979284763336,612.836983379826052
266, ,Santinho,62831.853071795863798,314159265.358979284763336,620.815976810122947
267, ,Canasvieiras,62831.853071795863798,314159265.358979284763336,740.304604846000984
268, ,Praia do Forte,62831.853071795863798,314159265.358979284763336,452.082050122626981
269, ,Ingleses,62831.853071795863798,314159265.358979284763336,671.674808578507054
270, ,Praia Brava,62831.853071795863798,314159265.358979284763336,577.180945251633034
271, ,Lambe lambe,62831.853071795863798,314159265.358979284763336,503.621122490893015
272, ,Ponta Do Rapa,62831.853071795863798,314159265.358979284763336,439.591453679384983
273, ,Tingua,62831.853071795863798,314159265.358979284763336,248.938834715978999
274, ,Palmas,62831.853071795863798,314159265.358979284763336,139.504745525438011
275, ,Mariscal,62831.853071795863798,314159265.358979284763336,408.988364193780001
276, ,Quatro Ilhas,62831.853071795863798,314159265.358979284763336,367.134450242625007
277, ,Bombinhas,62831.853071795863798,314159265.358979284763336,386.315658929952974
278, ,Bombas,62831.853071795863798,314159265.358979284763336,456.445849396168001
279, ,Meia Praia,62831.853071795863798,314159265.358979284763336,826.456669038090013
280, ,Itapema,62831.853071795863798,314159265.358979284763336,879.598553409120996
281, ,Ponta do Cabeço,62831.853071795863798,314159265.358979284763336,847.718685368541969
282, ,Mocó,62831.853071795863798,314159265.358979284763336,808.545490352124034
283, ,Estaleirinho,62831.853071795863798,314159265.358979284763336,859.911810156551951
284, ,Estaleiro (reef),62831.853071795863798,314159265.358979284763336,720.294380824160044
285, ,Balneário Camboriú,62831.853071795863798,314159265.358979284763336,1067.172429685240104
286, ,Parcel,62831.853071795863798,314159265.358979284763336,1081.203141855439981
287, ,Praia dos Amores,62831.853071795863798,314159265.358979284763336,1255.930343169140087
288, ,Praia Brava,62831.853071795863798,314159265.358979284763336,1265.415452183199932
289, ,Morcego,62831.853071795863798,314159265.358979284763336,1232.177707059079921
290, ,Atalaia,62831.853071795863798,314159265.358979284763336,1229.606812156240039
291, ,Pracinha,62831.853071795863798,314159265.358979284763336,1226.574934262870102
292, ,Navegantes,62831.853071795863798,314159265.358979284763336,1205.391593671590044
293, ,Garrincha,62831.853071795863798,314159265.358979284763336,1201.073661115829964
294, ,Gravatá (1 e 2),62831.853071795863798,314159265.358979284763336,853.409072250549002
295, ,Gravatá,62831.853071795863798,314159265.358979284763336,870.438587821589977
296, ,Quilombo,62831.853071795863798,314159265.358979284763336,799.090217820562998
297, ,Quilombo (reef),62831.853071795863798,314159265.358979284763336,803.934556030378985
298, ,molhe de Piçarras,62831.853071795863798,314159265.358979284763336,862.895304188077034
299, ,Laje do Jacques,62831.853071795863798,314159265.358979284763336,743.576955702436976
300, ,Syphodys,62831.853071795863798,314159265.358979284763336,795.056642631168984
301, ,ilha do grants,62831.853071795863798,314159265.358979284763336,738.556813103779973
302, ,barra de Itajuba,62831.853071795863798,314159265.358979284763336,756.879135386673056
303, ,Praia do Sol,62831.853071795863798,314159265.358979284763336,757.791951141189998
304, ,Praia do Tabuleiro,62831.853071795863798,314159265.358979284763336,642.630738207919990
305, ,Canoas,62831.853071795863798,314159265.358979284763336,631.189304926631053
306, ,Barrinha,62831.853071795863798,314159265.358979284763336,583.468739091407997
307, ,Foz do Itapocu,62831.853071795863798,314159265.358979284763336,427.586688490122015
308, ,Praia do Bispo,62831.853071795863798,314159265.358979284763336,291.440909663937020
309, ,Picama,62831.853071795863798,314159265.358979284763336,334.275817408203011
310, ,"Praia Grande, São Francisco do Sul",62831.853071795863798,314159265.358979284763336,277.296820000412026
311, ,Praia da Saudade,62831.853071795863798,314159265.358979284763336,272.827913708524022
312, ,Sao Francisco do Sul,62831.853071795863798,314159265.358979284763336,274.044976047227976
313, ,Píer da Petrobras,62831.853071795863798,314159265.358979284763336,270.654878670248024
314, ,Sumidouro,62831.853071795863798,314159265.358979284763336,458.273448290433976
315, ,Praia do Forte,62831.853071795863798,314159265.358979284763336,402.735720058823972
316, ,Terceira Pedra,62831.853071795863798,314159265.358979284763336,394.209214305028979
317, ,Barra do sai mirim,62831.853071795863798,314159265.358979284763336,340.211932164907012
318, ,Barrinha,62831.853071795863798,314159265.358979284763336,284.448173487736028
319, ,Praia Brava Guaratuba,62831.853071795863798,314159265.358979284763336,480.802629979130018
320, ,Direitas de Guaratuba,62831.853071795863798,314159265.358979284763336,493.252965702492986
321, ,Pico de Matinhos,62831.853071795863798,314159265.358979284763336,421.420041036906014
322, ,Balneario Costa azul,62831.853071795863798,314159265.358979284763336,410.008378783263026
323, ,Ilha do Mel,62831.853071795863798,314159265.358979284763336,123.267626096865001
324, ,Farolete,62831.853071795863798,314159265.358979284763336,76.963890354492705
325, ,"Guarau, Peruibe SP",62831.853071795863798,314159265.358979284763336,493.599310044065021
326, ,Pier de Mongaguá,62831.853071795863798,314159265.358979284763336,494.150937555705013
327, ,Tombo,62831.853071795863798,314159265.358979284763336,1135.291611416209889
328, ,Astúrias,62831.853071795863798,314159265.358979284763336,1200.549414571949910
329, ,Pitangueiras Beach,62831.853071795863798,314159265.358979284763336,1239.549661074189999
330, ,porta do sol,62831.853071795863798,314159265.358979284763336,1890.645096525530107
331, ,Itarare,62831.853071795863798,314159265.358979284763336,1976.204905142109965
332, ,Santos,62831.853071795863798,314159265.358979284763336,1991.549589315610092
333, ,Praia de Pernambuco,62831.853071795863798,314159265.358979284763336,589.954087869327964
334, ,Bonete,62831.853071795863798,314159265.358979284763336,50.933409623393203
335, ,Sao Pedro,62831.853071795863798,314159265.358979284763336,414.342382591200987
336, ,Praia de Iporanga,62831.853071795863798,314159265.358979284763336,374.997877976330017
337, ,Taguaíba,62831.853071795863798,314159265.358979284763336,380.755768262868003
338, ,praia branca,62831.853071795863798,314159265.358979284763336,355.487441023737006
339, ,Castelhanos,62831.853071795863798,314159265.358979284763336,123.902931944008003
340, ,Enseada - Bertioga,62831.853071795863798,314159265.358979284763336,419.002306945573991
341, ,Santiago,62831.853071795863798,314159265.358979284763336,148.983493223040000
342, ,Guaecá,62831.853071795863798,314159265.358979284763336,321.983179981774015
343, ,Riviera de São Lourenço,62831.853071795863798,314159265.358979284763336,362.875885422832027
344, ,Paúba,62831.853071795863798,314159265.358979284763336,171.537835664178004
345, ,Itaguaré,62831.853071795863798,314159265.358979284763336,336.084822007907007
346, ,Maresias,62831.853071795863798,314159265.358979284763336,208.999420232869994
347, ,Camburi,62831.853071795863798,314159265.358979284763336,211.025420367814007
348, ,Baleia,62831.853071795863798,314159265.358979284763336,211.096014271931011
349, ,Guaratuba,62831.853071795863798,314159265.358979284763336,207.540500410186013
350, ,Juquehy,62831.853071795863798,314159265.358979284763336,203.499481469474006
351, ,Massaguaçu,62831.853071795863798,314159265.358979284763336,401.694546036520990
352, ,Simão,62831.853071795863798,314159265.358979284763336,237.569028362414002
353, ,Praia do sape,62831.853071795863798,314159265.358979284763336,288.238953182325019
354, ,Lagoinha,62831.853071795863798,314159265.358979284763336,281.572759893616023
355, ,Sununga,62831.853071795863798,314159265.358979284763336,364.290343462751991
356, ,Toninhas,62831.853071795863798,314159265.358979284763336,457.562001411301026
357, ,Praia Grande (PG),62831.853071795863798,314159265.358979284763336,466.746987598956025
358, ,Praia Grande North,62831.853071795863798,314159265.358979284763336,482.481705611124994
359, ,Vermelha do Centro,62831.853071795863798,314159265.358979284763336,470.830940518066996
360, ,Patiero,62831.853071795863798,314159265.358979284763336,414.126465617150984
361, ,Vermelha do Norte,62831.853071795863798,314159265.358979284763336,437.251575275079006
362, ,Itamambuca,62831.853071795863798,314159265.358979284763336,277.563504015274020
363, ,Praia do Felix,62831.853071795863798,314159265.358979284763336,122.999318343064004
364, ,Brava do Camburi,62831.853071795863798,314159265.358979284763336,85.699203755314699
365, ,Ponta do Cepílio,62831.853071795863798,314159265.358979284763336,131.824701741535989
366, ,Laranjeiras,62831.853071795863798,314159265.358979284763336,138.597965693383003
367, ,Martim de Sa,62831.853071795863798,314159265.358979284763336,61.244107121698200
368, ,Aventureiro,62831.853071795863798,314159265.358979284763336,62.410184301675201
369, ,Lopes Mendes,62831.853071795863798,314159265.358979284763336,63.398790600189301
370, ,Barra de Guaratiba,62831.853071795863798,314159265.358979284763336,390.929571931969974
371, ,Laje do Dramin,62831.853071795863798,314159265.358979284763336,105.278120770897999
372, ,Grumari,62831.853071795863798,314159265.358979284763336,747.626009373512034
373, ,Prainha,62831.853071795863798,314159265.358979284763336,944.531004220851969
374, ,CcB,62831.853071795863798,314159265.358979284763336,1029.779813854519944
375, ,Farorinha,62831.853071795863798,314159265.358979284763336,1068.276406251299932
376, ,Canto do recreio,62831.853071795863798,314159265.358979284763336,1084.764212596689958
377, ,Praia da Macumba,62831.853071795863798,314159265.358979284763336,1077.049540837279892
378, ,Mambucaba,62831.853071795863798,314159265.358979284763336,249.372331372793013
379, ,Posto 10 - Recreio,62831.853071795863798,314159265.358979284763336,1216.977248164590037
380, ,Recreio Posto 9,62831.853071795863798,314159265.358979284763336,1329.087670780920007
381, ,Lage Postinho,62831.853071795863798,314159265.358979284763336,1266.209933338210021
382, ,Joatinga,62831.853071795863798,314159265.358979284763336,1179.282927915169921
383, ,Tropical (posto 1),62831.853071795863798,314159265.358979284763336,1247.468076639780065
384, ,Barra da Tijuca - Posto 8,62831.853071795863798,314159265.358979284763336,1895.520146036989900
385, ,Sao Conrado,62831.853071795863798,314159265.358979284763336,1243.726316878229909
386, ,Laje do sheraton,62831.853071795863798,314159265.358979284763336,1284.892605617169920
387, ,Pontão do leblon,62831.853071795863798,314159265.358979284763336,1408.343487063890052
388, ,Arpoador,62831.853071795863798,314159265.358979284763336,1169.011177156319945
389, ,Praia do Diabo,62831.853071795863798,314159265.358979284763336,1176.786006988630106
390, ,Leblon,62831.853071795863798,314159265.358979284763336,1435.881642498990004
391, ,Ipanema,62831.853071795863798,314159265.358979284763336,1354.361746783670014
392, ,Shore break expresso escorpiao,62831.853071795863798,314159265.358979284763336,1193.049247570610078
393, ,Forte de Copacabana,62831.853071795863798,314159265.358979284763336,1255.634148537470082
394, ,Posto 5 - Copacabana,62831.853071795863798,314159265.358979284763336,1318.827989586229933
395, ,Praia Brava - Pontal do Atalaia,62831.853071795863798,314159265.358979284763336,201.181861142195999
396, ,Shock,62831.853071795863798,314159265.358979284763336,962.569999889715973
397, ,Praia Grande - Arraial do Cabo,62831.853071795863798,314159265.358979284763336,262.686316869016025
398, ,Itacoatiara,62831.853071795863798,314159265.358979284763336,1037.581073018289999
399, ,Canal de Camboinhas,62831.853071795863798,314159265.358979284763336,1047.609310458539994
400, ,Camboinhas,62831.853071795863798,314159265.358979284763336,1051.025847288710111
401, ,Leme,62831.853071795863798,314159265.358979284763336,1549.832636221189887
402, ,Ponta Negra - Maricá - RJ,62831.853071795863798,314159265.358979284763336,411.903816134025988
403, ,Piratininga,62831.853071795863798,314159265.358979284763336,1339.682003741429980
404, ,Massambaba,62831.853071795863798,314159265.358979284763336,171.901078552823009
405, ,Lage de fora,62831.853071795863798,314159265.358979284763336,719.722053972558001
406, ,Arraial do Cabo,62831.853071795863798,314159265.358979284763336,524.451830690220049
407, ,Itauna,62831.853071795863798,314159265.358979284763336,751.968028039403976
408, ,Backdoor,62831.853071795863798,314159265.358979284763336,755.126133252436944
409, ,Saquarema - Itauna Beach,62831.853071795863798,314159265.358979284763336,746.888250458099037
410, ,Saquarema - Praia da Vila,62831.853071795863798,314159265.358979284763336,685.302277031158042
411, ,Praia do Foguete - Cabo Frio,62831.853071795863798,314159265.358979284763336,687.840545110031030
412, ,Flamengo,62831.853071795863798,314159265.358979284763336,2110.312585904279786
413, ,prainha de adão e eva,62831.853071795863798,314159265.358979284763336,1890.567702215139889
414, ,Itapuca,62831.853071795863798,314159265.358979284763336,1947.158257874230003
415, ,Praia Brava - Cabo Frio,62831.853071795863798,314159265.358979284763336,929.372029860502948
416, ,Praia do Forte - Cabo Frio,62831.853071795863798,314159265.358979284763336,980.286738232383982
417, ,Dunas do Peró - Cabo Frio -RJ,62831.853071795863798,314159265.358979284763336,1012.379663553890055
418, ,Geriba,62831.853071795863798,314159265.358979284763336,542.622828500372975
419, ,Laje da Rasa,62831.853071795863798,314159265.358979284763336,852.139844660135964
420, ,praia de unamar,62831.853071795863798,314159265.358979284763336,814.998313033898967
421, ,Costazul,62831.853071795863798,314159265.358979284763336,830.713669403481049
422, ,Pecado,62831.853071795863798,314159265.358979284763336,858.521381984876029
423, ,Cavaleiros,62831.853071795863798,314159265.358979284763336,869.292458605856041
424, ,Grussaí,62831.853071795863798,314159265.358979284763336,372.917149742197012
425, ,Setiba Pina,62831.853071795863798,314159265.358979284763336,572.406856135666999
426, ,Barra Sol,62831.853071795863798,314159265.358979284763336,2281.806328946170197
427, ,Secret,62831.853071795863798,314159265.358979284763336,2329.842520130040157
428, ,Coral do Céu,62831.853071795863798,314159265.358979284763336,1788.672479386000077
429, ,Pompeia,62831.853071795863798,314159265.358979284763336,2119.814545621569778
430, ,D2,62831.853071795863798,314159265.358979284763336,1729.637103190110111
431, ,Canal de Vitória,62831.853071795863798,314159265.358979284763336,2310.688963113970203
432, ,Praia de Camburi,62831.853071795863798,314159265.358979284763336,2099.153928459879808
433, ,Prainha de Carapebus,62831.853071795863798,314159265.358979284763336,1459.605114339160082
434, ,Barrote-Jacaraipe,62831.853071795863798,314159265.358979284763336,1154.385157926039938
435, ,Jacaraípe- Solemar,62831.853071795863798,314159265.358979284763336,959.088460262667013
436, ,Regencia,62831.853071795863798,314159265.358979284763336,85.382373364040006
437, ,Guriri,62831.853071795863798,314159265.358979284763336,424.416333172814007
438, ,Backdoor,62831.853071795863798,314159265.358979284763336,423.484314636534975
439, ,Itacarezinho,62831.853071795863798,314159265.358979284763336,182.867287981418002
440, ,Engenhoca,62831.853071795863798,314159265.358979284763336,196.692812255804995
441, ,Jeribucaçu,62831.853071795863798,314159265.358979284763336,196.798814585942011
442, ,Prainha,62831.853071795863798,314159265.358979284763336,182.388921237357010
443, ,Tiririca,62831.853071795863798,314159265.358979284763336,178.312967018046010
444, ,Praia da Resende,62831.853071795863798,314159265.358979284763336,180.233094360564991
445, ,Boca da Barra,62831.853071795863798,314159265.358979284763336,169.553405090523995
446, ,Pontal,62831.853071795863798,314159265.358979284763336,175.706769459807987
447, ,Praia dos Algodoes,62831.853071795863798,314159265.358979284763336,87.084951523751201
448, ,Saquaira,62831.853071795863798,314159265.358979284763336,84.315874092297406
449, ,Taipu de Fora,62831.853071795863798,314159265.358979284763336,143.944037900669997
450, ,Pedra do Moleque,62831.853071795863798,314159265.358979284763336,133.690018112322008
451, ,Farol da Barra,62831.853071795863798,314159265.358979284763336,1473.497882562840005
452, ,Barravento,62831.853071795863798,314159265.358979284763336,1576.887115919149892
453, ,Espanhol,62831.853071795863798,314159265.358979284763336,1556.090663823970090
454, ,Corsário,62831.853071795863798,314159265.358979284763336,3209.248777405180135
455, ,Jaguaribe,62831.853071795863798,314159265.358979284763336,2637.517541813549997
456, ,Stella Maris,62831.853071795863798,314159265.358979284763336,1655.299721064159939
457, ,Praia do forte,62831.853071795863798,314159265.358979284763336,526.207937640323053
458, ,Scar Reef,62831.853071795863798,314159265.358979284763336,566.266156176091044
459, ,Casinha,62831.853071795863798,314159265.358979284763336,516.933458322994966
460, ,Aracaju,62831.853071795863798,314159265.358979284763336,1747.824623249440037
461, ,Praia Do Francês,62831.853071795863798,314159265.358979284763336,611.014560400333039
462, ,Pedra Virada,62831.853071795863798,314159265.358979284763336,1168.236396763139965
463, ,Cruz das Almas,62831.853071795863798,314159265.358979284763336,1762.793203696870023
464, ,Riacho Doce,62831.853071795863798,314159265.358979284763336,948.548887478879010
465, ,New Orleans,62831.853071795863798,314159265.358979284763336,610.355750076485037
466, ,Praia do Morro,62831.853071795863798,314159265.358979284763336,259.063081863867012
467, ,Maracaipe,62831.853071795863798,314159265.358979284763336,442.816205588783987
468, ,Borete,62831.853071795863798,314159265.358979284763336,492.532820681266003
469, ,cupe,62831.853071795863798,314159265.358979284763336,555.840604695568004
470, ,Enseada dos Corais,62831.853071795863798,314159265.358979284763336,942.619433505293955
471, ,Tambaba,62831.853071795863798,314159265.358979284763336,597.129263181802003
472, ,Mar do Macaco,62831.853071795863798,314159265.358979284763336,1140.258924141900025
473, ,Dique de Cabedelo,62831.853071795863798,314159265.358979284763336,788.778680076065029
474, ,Baia Formosa,62831.853071795863798,314159265.358979284763336,219.087888490989002
475, ,Pipa,62831.853071795863798,314159265.358979284763336,265.752072226558994
476, ,Lajão,62831.853071795863798,314159265.358979284763336,267.868646240472003
477, ,Madeiro,62831.853071795863798,314159265.358979284763336,296.621462612475000
478, ,Cacimbinhas,62831.853071795863798,314159265.358979284763336,340.058712133497977
479, ,Tabatinga,62831.853071795863798,314159265.358979284763336,361.674790671080018
480, ,Ponta negra,62831.853071795863798,314159265.358979284763336,1960.213282560900097
481, ,Genipabu,62831.853071795863798,314159265.358979284763336,1270.032274878650014
482, ,Morro Branco,62831.853071795863798,314159265.358979284763336,493.232409805585974
483, ,Iguape Meio,62831.853071795863798,314159265.358979284763336,711.994477831158974
484, ,Cacimba do Padre,62831.853071795863798,314159265.358979284763336,83.747215524057594
485, ,Boldró,62831.853071795863798,314159265.358979284763336,83.747215524057594
486, ,Conceição,62831.853071795863798,314159265.358979284763336,83.747215524057594
487, ,Meio,62831.853071795863798,314159265.358979284763336,83.747215524057594
488, ,Cachorro,62831.853071795863798,314159265.358979284763336,83.747215524057594
489, ,Biboca,62831.853071795863798,314159265.358979284763336,83.747215524057594
490, ,Abras,62831.853071795863798,314159265.358979284763336,83.747215524057594
491, ,Futuro,62831.853071795863798,314159265.358979284763336,1995.048565984589914
492, ,Iracema (ponte metalica),62831.853071795863798,314159265.358979284763336,3349.733444845529903
493, ,Leste-Oeste,62831.853071795863798,314159265.358979284763336,3415.809656218720193
494, ,Titanzinho,62831.853071795863798,314159265.358979284763336,1784.143007832579997
495, ,Icarai,62831.853071795863798,314159265.358979284763336,1200.655209615759986
496, ,Pico das Almas,62831.853071795863798,314159265.358979284763336,720.026828610465031
497, ,Taiba,62831.853071795863798,314159265.358979284763336,484.261836417254983
498, ,Paracuru,62831.853071795863798,314159265.358979284763336,441.538965197063021
499, ,Jericoacoara,62831.853071795863798,314159265.358979284763336,159.261496670630009
500, ,Travosa,62831.853071795863798,314159265.358979284763336,24.778703420711501
501, ,marahu,62831.853071795863798,314159265.358979284763336,323.345039661420003
502, ,Camaraçu,62831.853071795863798,314159265.358979284763336,0.000000000000000
503, ,Araruna,62831.853071795863798,314159265.358979284763336,299.347292942208981
504, ,Salinas,62831.853071795863798,314159265.358979284763336,278.336654104391982
505, ,Imbé,62831.853071795863798,314159265.358979284763336,727.527221451738001
506, ,Mariluz,62831.853071795863798,314159265.358979284763336,620.333802965032987
507, ,Arroio Teixeira,62831.853071795863798,314159265.358979284763336,356.510585927017985
508, ,Ilha do Batuta,62831.853071795863798,314159265.358979284763336,537.767209685966009
509, ,Brava de Matinhos,62831.853071795863798,314159265.358979284763336,519.098131944715988
510, ,Pontal do Sul,62831.853071795863798,314159265.358979284763336,209.496290918184002
511, ,Desertinha,62831.853071795863798,314159265.358979284763336,96.089969110091403
512, ,Cibratel,62831.853071795863798,314159265.358979284763336,1026.151880036849889
513, ,Montão do trigo,62831.853071795863798,314159265.358979284763336,0.000000000000000
514, ,Indaiá - Bertioga,62831.853071795863798,314159265.358979284763336,469.948341103883990
515, ,Praia Brava,62831.853071795863798,314159265.358979284763336,218.407789533108001
516, ,Jureia,62831.853071795863798,314159265.358979284763336,221.063132076782011
517, ,Barra do Una - Meio,62831.853071795863798,314159265.358979284763336,211.710502617428006
518, ,Enseada - Ubatuba,62831.853071795863798,314159265.358979284763336,455.836646036663012
519, ,Presídio,62831.853071795863798,314159265.358979284763336,78.582102516444806
520, ,Inferno,62831.853071795863798,314159265.358979284763336,538.028711094930031
521, ,Macumba-secreto,62831.853071795863798,314159265.358979284763336,992.937722930873974
522, ,Posto 4,62831.853071795863798,314159265.358979284763336,1573.829555175740097
523, ,Vala do Mauri,62831.853071795863798,314159265.358979284763336,1844.340378829939937
524, ,Praia Brava de Angra dos Reis,62831.853071795863798,314159265.358979284763336,277.708365386978983
525, ,Castelinho,62831.853071795863798,314159265.358979284763336,1155.237117165110021
526, ,Sossego,62831.853071795863798,314159265.358979284763336,1166.469092164659969
527, ,atafona - sao joao da barra,62831.853071795863798,314159265.358979284763336,331.110660333467990
528, ,Cemitério,62831.853071795863798,314159265.358979284763336,1305.791367368550027
529, ,Sirihyba,62831.853071795863798,314159265.358979284763336,212.832188179619010
530, ,Sol do Muta,62831.853071795863798,314159265.358979284763336,142.478771404230002
531, ,Rock Quente,62831.853071795863798,314159265.358979284763336,1682.283954105849944
532, ,Ribeira,62831.853071795863798,314159265.358979284763336,2916.288489309540182
533, ,Praia das Ondas,62831.853071795863798,314159265.358979284763336,632.660519828428050
534, ,Rainha,62831.853071795863798,314159265.358979284763336,1561.974040345420008
535, ,Pedra de Xaréu,62831.853071795863798,314159265.358979284763336,1002.918736470550016
536, ,Prainha,62831.853071795863798,314159265.358979284763336,1001.071996627269982
537, ,Laje do Bode,62831.853071795863798,314159265.358979284763336,83.747215524057594
538, ,Caolho,62831.853071795863798,314159265.358979284763336,2602.212885899100002
539, ,Atalaia (salinas),62831.853071795863798,314159265.358979284763336,352.363799034311000
540, ,Algodoal,62831.853071795863798,314159265.358979284763336,106.739803783873000
