OBJECTID,id,region,zone,name,lat,long,quality,frequency,direction,type,experience,BUFF_DIST,ORIG_FID,Shape_Leng,Shape_Area,SUM_Area_S,protected_
1,93,Nordeste,NA,Milionarios,-14.847631000000000,-39.022942000000000,NA,NA,NA,NA,NA,10000.000000000000000,1,62831.853071795863798,314159265.358979284763336,24.773092162636900,0.078855201467095
2,94,Nordeste,NA,Sul,-14.831120000000000,-39.022562999999998,NA,NA,NA,NA,NA,10000.000000000000000,2,62831.853071795863798,314159265.358979284763336,26.565689759566300,0.084561216837615
3,95,Nordeste,NA,Pedra da Cachorra,-14.821026000000000,-39.023632999999997,NA,NA,NA,NA,NA,10000.000000000000000,3,62831.853071795863798,314159265.358979284763336,27.017916749397699,0.086000700054239
4,96,Nordeste,NA,Jardim Atlantico,-14.815026000000000,-39.023400000000002,NA,NA,NA,NA,NA,10000.000000000000000,4,62831.853071795863798,314159265.358979284763336,27.068930233787501,0.086163081018339
5,97,Nordeste,NA,Baduska,-14.809442000000001,-39.023423000000001,NA,NA,NA,NA,NA,10000.000000000000000,5,62831.853071795863798,314159265.358979284763336,27.140407795213399,0.086390601162761
6,98,Nordeste,NA,Norte,-14.660090000000000,-39.063006999999999,NA,NA,NA,NA,NA,10000.000000000000000,6,62831.853071795863798,314159265.358979284763336,6.255507950495360,0.019911900237440
7,99,Nordeste,NA,Havaizinho,-14.468062000000000,-39.023161000000002,NA,NA,NA,NA,NA,10000.000000000000000,7,62831.853071795863798,314159265.358979284763336,42.738737804638603,0.136041627662334
8,100,Nordeste,NA,Sao Jose,-14.316062000000001,-38.990701000000001,NA,NA,NA,NA,NA,10000.000000000000000,8,62831.853071795863798,314159265.358979284763336,13.869107024473800,0.044146738784311
9,101,Nordeste,NA,Corals,-14.275408000000001,-38.982568999999998,NA,NA,NA,NA,NA,10000.000000000000000,9,62831.853071795863798,314159265.358979284763336,6.043810981382380,0.019238047856002
10,102,Nordeste,NA,Tony,-13.016731999999999,-38.488781000000003,NA,NA,NA,NA,NA,10000.000000000000000,10,62831.853071795863798,314159265.358979284763336,17.319466993921800,0.055129575675992
11,103,Nordeste,NA,Meridien,-13.016598000000000,-38.484878999999999,NA,NA,NA,NA,NA,10000.000000000000000,11,62831.853071795863798,314159265.358979284763336,18.022019631579600,0.057365870177301
12,104,Nordeste,NA,Amaralina,-13.015369000000000,-38.471834000000001,NA,NA,NA,NA,NA,10000.000000000000000,12,62831.853071795863798,314159265.358979284763336,19.355758185903799,0.061611291851560
13,105,Nordeste,NA,Tubao,-13.010683999999999,-38.461410999999998,NA,NA,NA,NA,NA,10000.000000000000000,13,62831.853071795863798,314159265.358979284763336,19.437261947752901,0.061870726383138
14,106,Nordeste,NA,Psiu,-12.995919000000001,-38.439390000000003,NA,NA,NA,NA,NA,10000.000000000000000,14,62831.853071795863798,314159265.358979284763336,18.243472721427800,0.058070777255548
15,107,Nordeste,NA,Alex,-12.973279000000000,-38.406477000000002,NA,NA,NA,NA,NA,10000.000000000000000,15,62831.853071795863798,314159265.358979284763336,12.176764708902200,0.038759845885775
16,108,Nordeste,NA,Terceira Ponte,-12.963839999999999,-38.396822000000000,NA,NA,NA,NA,NA,10000.000000000000000,16,62831.853071795863798,314159265.358979284763336,14.578507691430200,0.046404831239887
17,109,Nordeste,NA,SESC,-12.960485000000000,-38.390998000000003,NA,NA,NA,NA,NA,10000.000000000000000,17,62831.853071795863798,314159265.358979284763336,14.083567594221901,0.044829387979785
18,110,Nordeste,NA,Farol,-12.958147000000000,-38.352812999999998,NA,NA,NA,NA,NA,10000.000000000000000,18,62831.853071795863798,314159265.358979284763336,18.044882460459799,0.057438644821888
19,111,Nordeste,NA,Pedro do Sal,-12.954224000000000,-38.347234000000000,NA,NA,NA,NA,NA,10000.000000000000000,19,62831.853071795863798,314159265.358979284763336,22.856492247019901,0.072754474457096
20,112,Nordeste,NA,Itapoa,-12.952339000000000,-38.369608999999997,NA,NA,NA,NA,NA,10000.000000000000000,20,62831.853071795863798,314159265.358979284763336,15.689288890884001,0.049940557611619
21,113,Nordeste,NA,Seper,-12.952040999999999,-38.343243999999999,NA,NA,NA,NA,NA,10000.000000000000000,21,62831.853071795863798,314159265.358979284763336,25.613968184795802,0.081531792976176
22,114,Nordeste,NA,Corrente,-12.948985000000000,-38.339199999999998,NA,NA,NA,NA,NA,10000.000000000000000,22,62831.853071795863798,314159265.358979284763336,28.711857261886500,0.091392680171563
23,115,Nordeste,NA,Stela Maris,-12.947385000000001,-38.337372000000002,NA,NA,NA,NA,NA,10000.000000000000000,23,62831.853071795863798,314159265.358979284763336,30.191852492908701,0.096103651306956
24,116,Nordeste,NA,Plator,-12.946393000000000,-38.333083999999999,NA,NA,NA,NA,NA,10000.000000000000000,24,62831.853071795863798,314159265.358979284763336,31.653736074243000,0.100756971270840
25,117,Nordeste,NA,Aleluia,-12.926800999999999,-38.312618999999998,NA,NA,NA,NA,NA,10000.000000000000000,25,62831.853071795863798,314159265.358979284763336,50.546463922458400,0.160894391781508
26,118,Nordeste,NA,Ipitanga,-12.920477000000000,-38.309717999999997,NA,NA,NA,NA,NA,10000.000000000000000,26,62831.853071795863798,314159265.358979284763336,54.519268866557603,0.173540222677375
27,119,Nordeste,NA,Vilas,-12.894546000000000,-38.290790999999999,NA,NA,NA,NA,NA,10000.000000000000000,27,62831.853071795863798,314159265.358979284763336,68.540225583958701,0.218170314046413
28,120,Nordeste,NA,Busca Vida,-12.863464000000000,-38.255961999999997,NA,NA,NA,NA,NA,10000.000000000000000,28,62831.853071795863798,314159265.358979284763336,89.327707488650404,0.284338924037713
29,121,Nordeste,NA,Itacimirim,-12.639232000000000,-38.048194000000002,NA,NA,NA,NA,NA,10000.000000000000000,29,62831.853071795863798,314159265.358979284763336,125.981422647100999,0.401011323040708
30,122,Nordeste,NA,Praia do Forte,-12.583304999999999,-38.005077999999997,NA,NA,NA,NA,NA,10000.000000000000000,30,62831.853071795863798,314159265.358979284763336,111.930388655843998,0.356285492735492
31,123,Nordeste,NA,Imbassai,-12.342055000000000,-37.846200000000003,NA,NA,NA,NA,NA,10000.000000000000000,31,62831.853071795863798,314159265.358979284763336,93.907863661548703,0.298918013938705
32,124,Nordeste,NA,Costa do Sauipe,-12.022171000000000,-37.645508000000000,NA,NA,NA,NA,NA,10000.000000000000000,32,62831.853071795863798,314159265.358979284763336,71.319066996817895,0.227015640984913
33,125,Nordeste,NA,Marlin,-11.939802999999999,-37.602476000000003,NA,NA,NA,NA,NA,10000.000000000000000,33,62831.853071795863798,314159265.358979284763336,25.097302972325700,0.079887196526411
34,126,Nordeste,NA,Conde,-11.848141000000000,-37.558169999999997,NA,NA,NA,NA,NA,10000.000000000000000,34,62831.853071795863798,314159265.358979284763336,15.349205690305000,0.048858039162926
35,127,Nordeste,NA,Mangue Seco,-11.483613999999999,-37.364454000000002,NA,NA,NA,NA,NA,10000.000000000000000,35,62831.853071795863798,314159265.358979284763336,5.547952604273930,0.017659681620195
36,128,Nordeste,NA,Mosqueiro,-11.138116000000000,-37.145493000000002,NA,NA,NA,NA,NA,10000.000000000000000,36,62831.853071795863798,314159265.358979284763336,7.622450662909390,0.024263014029523
37,129,Nordeste,NA,Aruana,-11.067069000000000,-37.101289000000001,NA,NA,NA,NA,NA,10000.000000000000000,37,62831.853071795863798,314159265.358979284763336,0.421095851128519,0.001340389724452
38,130,Nordeste,NA,Hawaiizinho,-11.043927999999999,-37.082977999999997,NA,NA,NA,NA,NA,10000.000000000000000,38,62831.853071795863798,314159265.358979284763336,1.264794459329260,0.004025965803950
39,131,Nordeste,NA,Praia do Meio,-10.999541000000001,-37.050151000000000,NA,NA,NA,NA,NA,10000.000000000000000,39,62831.853071795863798,314159265.358979284763336,1.264794459329260,0.004025965803950
40,132,Nordeste,NA,Pirambu,-10.746346000000001,-36.855099000000003,NA,NA,NA,NA,NA,10000.000000000000000,40,62831.853071795863798,314159265.358979284763336,9.226025408802030,0.029367350978045
41,133,Nordeste,NA,Ponta do Mangue,-10.639483000000000,-36.678539000000001,NA,NA,NA,NA,NA,10000.000000000000000,41,62831.853071795863798,314159265.358979284763336,24.253069316500898,0.077199917337430
42,134,Nordeste,NA,Pontal de Peba,-10.367584000000001,-36.303941000000002,NA,NA,NA,NA,NA,10000.000000000000000,42,62831.853071795863798,314159265.358979284763336,18.628414251566799,0.059296084202007
43,135,Nordeste,NA,Mihai,-10.196728000000000,-36.181641999999997,NA,NA,NA,NA,NA,10000.000000000000000,43,62831.853071795863798,314159265.358979284763336,31.490779753545301,0.100238265191898
44,136,Nordeste,NA,Pontal do Coruripe,-10.160774999999999,-36.150663999999999,NA,NA,NA,NA,NA,10000.000000000000000,44,62831.853071795863798,314159265.358979284763336,32.589155362845602,0.103734503343733
45,137,Nordeste,NA,Forjos,-10.107661999999999,-36.097672000000003,NA,NA,NA,NA,NA,10000.000000000000000,45,62831.853071795863798,314159265.358979284763336,35.796229057311699,0.113942935970418
46,138,Nordeste,NA,Poxim,-10.063563000000000,-36.040908999999999,NA,NA,NA,NA,NA,10000.000000000000000,46,62831.853071795863798,314159265.358979284763336,26.567274565286500,0.084566261430899
47,139,Nordeste,NA,Jacarecica,-9.916383000000000,-35.945963999999996,NA,NA,NA,NA,NA,10000.000000000000000,47,62831.853071795863798,314159265.358979284763336,13.788951862644300,0.043891596979921
48,140,Nordeste,NA,Praia do Meio,-9.824446999999999,-35.877803000000000,NA,NA,NA,NA,NA,10000.000000000000000,48,62831.853071795863798,314159265.358979284763336,8.955317108893549,0.028505659696717
49,141,Nordeste,NA,Praia do Pontal,-9.682589999999999,-35.758536999999997,NA,NA,NA,NA,NA,10000.000000000000000,49,62831.853071795863798,314159265.358979284763336,0.944843253745737,0.003007529485613
50,142,Nordeste,NA,Salgema,-9.679629000000000,-35.718974000000003,NA,NA,NA,NA,NA,10000.000000000000000,50,62831.853071795863798,314159265.358979284763336,0.000000000000000,0.000000000000000
51,143,Nordeste,NA,Pier do Emissario,-9.673301000000000,-35.715234000000002,NA,NA,NA,NA,NA,10000.000000000000000,51,62831.853071795863798,314159265.358979284763336,0.000000000000000,0.000000000000000
52,144,Nordeste,NA,Praia do Sobral,-9.666869000000000,-35.710735000000000,NA,NA,NA,NA,NA,10000.000000000000000,52,62831.853071795863798,314159265.358979284763336,0.008813944632800,0.000028055657129
53,145,Nordeste,NA,"Pico da Barra, Brazil",-9.665630000000000,-35.697186000000002,NA,NA,NA,NA,NA,10000.000000000000000,53,62831.853071795863798,314159265.358979284763336,0.000000000000000,0.000000000000000
54,146,Nordeste,NA,Pedra Virada,-9.585521999999999,-35.660038000000000,NA,NA,NA,NA,NA,10000.000000000000000,54,62831.853071795863798,314159265.358979284763336,1.452290629953300,0.004622784651262
55,147,Nordeste,NA,Praia de Jatiuca,-9.531449000000000,-35.590927999999998,NA,NA,NA,NA,NA,10000.000000000000000,55,62831.853071795863798,314159265.358979284763336,15.792361637893800,0.050268648355312
56,148,Nordeste,NA,Garca Torta,-9.487114000000000,-35.557476999999999,NA,NA,NA,NA,NA,10000.000000000000000,56,62831.853071795863798,314159265.358979284763336,23.257859748641099,0.074032066894685
57,149,Nordeste,NA,Mirante da Sirena,-9.430906000000000,-35.503683000000002,NA,NA,NA,NA,NA,10000.000000000000000,57,62831.853071795863798,314159265.358979284763336,25.863862402333801,0.082327230975601
58,150,Nordeste,NA,Japaratinga,-9.261582000000001,-35.353366000000001,NA,NA,NA,NA,NA,10000.000000000000000,58,62831.853071795863798,314159265.358979284763336,24.834616042442999,0.079051038058882
59,151,Nordeste,NA,Impossivel,-8.615505000000001,-35.020375000000001,NA,NA,NA,NA,NA,10000.000000000000000,59,62831.853071795863798,314159265.358979284763336,97.440848873165095,0.310163855144692
60,152,Nordeste,NA,Serrambi,-8.576358000000001,-35.028714999999998,NA,NA,NA,NA,NA,10000.000000000000000,60,62831.853071795863798,314159265.358979284763336,85.322616117679004,0.271590322253217
61,153,Nordeste,NA,Porto de Galinhas,-8.488678000000000,-34.999501000000002,NA,NA,NA,NA,NA,10000.000000000000000,61,62831.853071795863798,314159265.358979284763336,27.375197665936000,0.087137960533029
62,154,Nordeste,NA,Cupe,-8.479708000000000,-34.996577000000002,NA,NA,NA,NA,NA,10000.000000000000000,62,62831.853071795863798,314159265.358979284763336,23.461366653795000,0.074679849492857
63,155,Nordeste,NA,Gaibu,-8.341567000000000,-34.948825999999997,NA,NA,NA,NA,NA,10000.000000000000000,63,62831.853071795863798,314159265.358979284763336,12.833258312901100,0.040849529929467
64,156,Nordeste,NA,Bessa,-7.091138000000000,-34.832765000000002,NA,NA,NA,NA,NA,10000.000000000000000,64,62831.853071795863798,314159265.358979284763336,70.211945758980207,0.223491564632835
65,157,Nordeste,NA,Saji,-6.466880000000000,-34.970449000000002,NA,NA,NA,NA,NA,10000.000000000000000,65,62831.853071795863798,314159265.358979284763336,18.627735053502299,0.059293922247421
66,158,Nordeste,NA,Farol,-6.408908000000000,-34.979016999999999,NA,NA,NA,NA,NA,10000.000000000000000,66,62831.853071795863798,314159265.358979284763336,32.404262781348599,0.103145971978007
67,159,Nordeste,NA,Xilauzinho,-6.395101000000000,-34.983204999999998,NA,NA,NA,NA,NA,10000.000000000000000,67,62831.853071795863798,314159265.358979284763336,38.634321543516101,0.122976864933046
68,160,Nordeste,NA,Mar Aberto,-6.379758000000000,-34.989437000000002,NA,NA,NA,NA,NA,10000.000000000000000,68,62831.853071795863798,314159265.358979284763336,44.587377027852497,0.141926029069695
69,161,Nordeste,NA,Pontal,-6.368680000000000,-34.993423999999997,NA,NA,NA,NA,NA,10000.000000000000000,69,62831.853071795863798,314159265.358979284763336,46.038525463533801,0.146545178003670
70,162,Nordeste,NA,Mar da Frente,-6.365217000000000,-35.006211999999998,NA,NA,NA,NA,NA,10000.000000000000000,70,62831.853071795863798,314159265.358979284763336,50.976312088280203,0.162262640988899
71,163,Nordeste,NA,Lajinha,-6.278960000000000,-35.033028000000002,NA,NA,NA,NA,NA,10000.000000000000000,71,62831.853071795863798,314159265.358979284763336,14.475386958060099,0.046076587750864
72,164,Nordeste,NA,Afogados,-6.244350000000000,-35.036464000000002,NA,NA,NA,NA,NA,10000.000000000000000,72,62831.853071795863798,314159265.358979284763336,4.817401096893200,0.015334263948537
73,165,Nordeste,NA,Sororoca,-6.238074000000000,-35.035608000000003,NA,NA,NA,NA,NA,10000.000000000000000,73,62831.853071795863798,314159265.358979284763336,4.123967998327480,0.013126997841732
74,166,Nordeste,NA,Abacateiro,-6.233891000000000,-35.036746999999998,NA,NA,NA,NA,NA,10000.000000000000000,74,62831.853071795863798,314159265.358979284763336,3.507307442920120,0.011164106329675
75,167,Nordeste,NA,Tibau do Sul,-6.180279000000000,-35.089708999999999,NA,NA,NA,NA,NA,10000.000000000000000,75,62831.853071795863798,314159265.358979284763336,0.918148354968516,0.002922556983699
76,168,Nordeste,NA,Tabatinga,-6.049479000000000,-35.108238000000000,NA,NA,NA,NA,NA,10000.000000000000000,76,62831.853071795863798,314159265.358979284763336,7.107061577606990,0.022622479618693
77,169,Nordeste,NA,Xoxoline,-6.005800000000000,-35.105258999999997,NA,NA,NA,NA,NA,10000.000000000000000,77,62831.853071795863798,314159265.358979284763336,7.107061577606990,0.022622479618693
78,170,Nordeste,NA,Pirangi Reef,-5.980259000000000,-35.107796000000000,NA,NA,NA,NA,NA,10000.000000000000000,78,62831.853071795863798,314159265.358979284763336,7.107061577606990,0.022622479618693
79,171,Nordeste,NA,Cotovelo,-5.949906000000000,-35.151975000000000,NA,NA,NA,NA,NA,10000.000000000000000,79,62831.853071795863798,314159265.358979284763336,5.765165645769510,0.018351092205356
80,172,Nordeste,NA,Miami,-5.794834000000000,-35.181663999999998,NA,NA,NA,NA,NA,10000.000000000000000,80,62831.853071795863798,314159265.358979284763336,27.465297319342501,0.087424756637239
81,173,Nordeste,NA,Areia Preta,-5.792249000000000,-35.184387000000001,NA,NA,NA,NA,NA,10000.000000000000000,81,62831.853071795863798,314159265.358979284763336,28.465893062029700,0.090609751806946
82,174,Nordeste,NA,Praia dos Artistas,-5.781239000000000,-35.192050000000002,NA,NA,NA,NA,NA,10000.000000000000000,82,62831.853071795863798,314159265.358979284763336,30.774153237545601,0.097957172144457
83,175,Nordeste,NA,Genipabu,-5.694407000000000,-35.201922000000003,NA,NA,NA,NA,NA,10000.000000000000000,83,62831.853071795863798,314159265.358979284763336,21.227418933048000,0.067568973045542
84,176,Nordeste,NA,Touros Area,-5.197434000000000,-35.457929999999998,NA,NA,NA,NA,NA,10000.000000000000000,84,62831.853071795863798,314159265.358979284763336,32.668144914269398,0.103985934894967
85,177,Nordeste,NA,Urca da Concei&ccedil;&atilde;o,-5.069617000000000,-35.800230999999997,NA,NA,NA,NA,NA,10000.000000000000000,85,62831.853071795863798,314159265.358979284763336,0.000000000000000,0.000000000000000
86,178,Nordeste,NA,Cocoa das Lavadeiras,-5.066515000000000,-35.862005000000003,NA,NA,NA,NA,NA,10000.000000000000000,86,62831.853071795863798,314159265.358979284763336,0.000000000000000,0.000000000000000
87,179,Nordeste,NA,Baia das Ratas,-3.813000000000000,-32.393000000000001,NA,NA,NA,NA,NA,10000.000000000000000,87,62831.853071795863798,314159265.358979284763336,0.000000000000000,0.000000000000000
88,180,Nordeste,NA,Volta da Jurema,-3.724294000000000,-38.496071999999998,NA,NA,NA,NA,NA,10000.000000000000000,88,62831.853071795863798,314159265.358979284763336,12.869138248403400,0.040963739311328
89,181,Nordeste,NA,Portao,-3.719326000000000,-38.510655000000000,NA,NA,NA,NA,NA,10000.000000000000000,89,62831.853071795863798,314159265.358979284763336,11.138782756239900,0.035455846713647
90,182,Nordeste,NA,Barra do Ceara,-3.692659000000000,-38.584716000000000,NA,NA,NA,NA,NA,10000.000000000000000,90,62831.853071795863798,314159265.358979284763336,13.555242542486701,0.043147677108926
91,183,Nordeste,NA,Praia do Pecem,-3.546170000000000,-38.806919000000001,NA,NA,NA,NA,NA,10000.000000000000000,91,62831.853071795863798,314159265.358979284763336,9.638981592028969,0.030681831334864
92,184,Nordeste,NA,Tabinha,-3.500935000000000,-38.911282000000000,NA,NA,NA,NA,NA,10000.000000000000000,92,62831.853071795863798,314159265.358979284763336,1.479521359910260,0.004709462756795
93,185,Nordeste,NA,Pedra do Meio,-3.410858000000000,-39.040807000000001,NA,NA,NA,NA,NA,10000.000000000000000,93,62831.853071795863798,314159265.358979284763336,0.000000000000000,0.000000000000000
94,186,Nordeste,NA,Havaizinho,-3.403507000000000,-39.022171000000000,NA,NA,NA,NA,NA,10000.000000000000000,94,62831.853071795863798,314159265.358979284763336,0.000000000000000,0.000000000000000
95,187,Nordeste,NA,Curral,-3.403353000000000,-39.025868000000003,NA,NA,NA,NA,NA,10000.000000000000000,95,62831.853071795863798,314159265.358979284763336,0.000000000000000,0.000000000000000
96,188,Nordeste,NA,Outside,-3.398539000000000,-39.013306000000000,NA,NA,NA,NA,NA,10000.000000000000000,96,62831.853071795863798,314159265.358979284763336,0.000000000000000,0.000000000000000
97,189,Nordeste,NA,Atins,-2.555789000000000,-42.727836000000003,NA,NA,NA,NA,NA,10000.000000000000000,97,62831.853071795863798,314159265.358979284763336,0.000000000000000,0.000000000000000
98,190,Nordeste,NA,Ponta d'Areia,-2.497384000000000,-44.311779000000001,NA,NA,NA,NA,NA,10000.000000000000000,98,62831.853071795863798,314159265.358979284763336,0.000000000000000,0.000000000000000
99,191,Nordeste,NA,S&atilde;o Marcos,-2.485445000000000,-44.297899999999998,NA,NA,NA,NA,NA,10000.000000000000000,99,62831.853071795863798,314159265.358979284763336,0.000000000000000,0.000000000000000
100,192,Nordeste,NA,Calhau,-2.480673000000000,-44.249679999999998,NA,NA,NA,NA,NA,10000.000000000000000,100,62831.853071795863798,314159265.358979284763336,0.000000000000000,0.000000000000000
101,193,Nordeste,NA,Olho D'Agu,-2.477097000000000,-44.230155000000003,NA,NA,NA,NA,NA,10000.000000000000000,101,62831.853071795863798,314159265.358979284763336,0.000000000000000,0.000000000000000
102,194,Nordeste,NA,Ponta do Farol,-2.456442000000000,-44.173347999999997,NA,NA,NA,NA,NA,10000.000000000000000,102,62831.853071795863798,314159265.358979284763336,0.000000000000000,0.000000000000000
103,445,Nordeste,Bahia Sul,Backdoor,-14.840603000000000,-39.001465000000003,3.5,2,Right,Point-break,Experienced surfers,10000.000000000000000,103,62831.853071795863798,314159265.358979284763336,20.990285559123400,0.066814154072898
104,446,Nordeste,Bahia Sul,Itacarezinho,-14.370585000000000,-39.006014000000000,3,4,Right and left,Beach-break,All surfers,10000.000000000000000,104,62831.853071795863798,314159265.358979284763336,32.968496893088002,0.104941984936895
105,447,Nordeste,Bahia Sul,Engenhoca,-14.352541000000000,-39.000950000000003,NA,4,Right and left,Beach-break,All surfers,10000.000000000000000,105,62831.853071795863798,314159265.358979284763336,29.507905636676600,0.093926580847326
106,448,Nordeste,Bahia Sul,Jeribucaçu,-14.344391999999999,-39.001379000000000,3,4,Right and left,Beach-break,All surfers,10000.000000000000000,106,62831.853071795863798,314159265.358979284763336,28.766342063543799,0.091566110681706
107,449,Nordeste,Bahia Sul,Prainha,-14.297738000000001,-38.981037000000001,3.5,3,Right and left,Beach-break,All surfers,10000.000000000000000,107,62831.853071795863798,314159265.358979284763336,6.515611281923960,0.020739834855670
108,450,Nordeste,Bahia Sul,Tiririca,-14.286009999999999,-38.982925000000002,3.5,4,Right and left,Beach-break,All surfers,10000.000000000000000,108,62831.853071795863798,314159265.358979284763336,6.183583018038880,0.019682956066800
109,451,Nordeste,Bahia Sul,Praia da Resende,-14.283889000000000,-38.985069000000003,3,4,Right and left,Beach-break,All surfers,10000.000000000000000,109,62831.853071795863798,314159265.358979284763336,6.377580576655290,0.020300469474831
110,452,Nordeste,Bahia Sul,Boca da Barra,-14.265879999999999,-38.986702000000001,3.5,4,Right,Rivermouth,Experienced surfers,10000.000000000000000,110,62831.853071795863798,314159265.358979284763336,6.231823309367690,0.019836509683223
111,453,Nordeste,Bahia Sul,Pontal,-14.263551000000000,-38.993568000000003,3,4,Right and left,Beach-break,All surfers,10000.000000000000000,111,62831.853071795863798,314159265.358979284763336,6.926977125682860,0.022049253004738
112,454,Nordeste,Bahia Sul,Praia dos Algodoes,-14.077500000000001,-38.954444000000002,3,3,Right and left,Reef-coral,All surfers,10000.000000000000000,112,62831.853071795863798,314159265.358979284763336,85.328708493965195,0.271609714889239
113,455,Nordeste,Bahia Sul,Saquaira,-14.041088999999999,-38.948078000000002,3.5,4,Right and left,Beach-break,Experienced surfers,10000.000000000000000,113,62831.853071795863798,314159265.358979284763336,101.275074549441001,0.322368574530875
114,456,Nordeste,Bahia Sul,Taipu de Fora,-13.942398000000001,-38.926620000000000,3,4,Right and left,Beach-break,All surfers,10000.000000000000000,114,62831.853071795863798,314159265.358979284763336,69.418423313405995,0.220965704239485
115,457,Nordeste,Bahia Sul,Pedra do Moleque,-13.377011000000000,-38.912630000000000,3.5,3,Right,Reef-coral,Experienced surfers,10000.000000000000000,115,62831.853071795863798,314159265.358979284763336,6.359724336301180,0.020243631296483
116,458,Nordeste,Bahia Norte,Farol da Barra,-13.009994000000001,-38.533602000000002,3.5,2,Left,breakwater/jetty,Experienced surfers,10000.000000000000000,116,62831.853071795863798,314159265.358979284763336,54.241498440562097,0.172656051950536
117,459,Nordeste,Bahia Norte,Barravento,-13.009764000000001,-38.526971000000003,3.5,3,Right and left,Beach-break,All surfers,10000.000000000000000,117,62831.853071795863798,314159265.358979284763336,46.791622751048102,0.148942361122410
118,460,Nordeste,Bahia Norte,Espanhol,-13.006230000000000,-38.533397999999998,3.5,2,Right and left,Point-break,Experienced surfers,10000.000000000000000,118,62831.853071795863798,314159265.358979284763336,54.688013181381102,0.174077352513831
119,461,Nordeste,Bahia Norte,Corsário,-12.976457000000000,-38.423394999999999,3,4,Right and left,Beach-break,All surfers,10000.000000000000000,119,62831.853071795863798,314159265.358979284763336,17.565236231457799,0.055911883456267
120,462,Nordeste,Bahia Norte,Jaguaribe,-12.955755000000000,-38.385007000000002,3.5,3,Right and left,Beach-break,All surfers,10000.000000000000000,120,62831.853071795863798,314159265.358979284763336,14.068604625768600,0.044781759371932
121,463,Nordeste,Bahia Norte,Stella Maris,-12.936097999999999,-38.323714000000002,3.5,4,Right and left,Beach-break,All surfers,10000.000000000000000,121,62831.853071795863798,314159265.358979284763336,41.172811987001900,0.131057130974492
122,464,Nordeste,Bahia Norte,Praia do forte,-12.734415000000000,-38.144444999999997,3.5,4,Right and left,Reef-coral,Experienced surfers,10000.000000000000000,122,62831.853071795863798,314159265.358979284763336,86.284384447061598,0.274651725927826
123,465,Nordeste,Bahia Norte,Scar Reef,-12.674941000000000,-38.085174000000002,3.5,2,Right and left,Reef-coral,Experienced surfers,10000.000000000000000,123,62831.853071795863798,314159265.358979284763336,119.713108118836004,0.381058658200146
124,466,Nordeste,Bahia Norte,Casinha,-12.556333000000000,-37.988351999999999,3.5,3,Right,Reef-coral,Experienced surfers,10000.000000000000000,124,62831.853071795863798,314159265.358979284763336,104.534918332285997,0.332744979565818
125,467,Nordeste,Sergipe Alagoas,Aracaju,-10.987674000000000,-37.041145999999998,3,3,Right and left,NA,All surfers,10000.000000000000000,125,62831.853071795863798,314159265.358979284763336,1.264794459329260,0.004025965803950
126,468,Nordeste,Sergipe Alagoas,Praia Do Francês,-9.772375000000000,-35.845170000000003,3.5,4,Right and left,Beach-break,All surfers,10000.000000000000000,126,62831.853071795863798,314159265.358979284763336,1.812804885305880,0.005770337167151
127,469,Nordeste,Sergipe Alagoas,Pedra Virada,-9.678906000000000,-35.702514000000001,3.5,2,Left,Reef-rocky,Experienced surfers,10000.000000000000000,127,62831.853071795863798,314159265.358979284763336,0.000000000000000,0.000000000000000
128,470,Nordeste,Sergipe Alagoas,Cruz das Almas,-9.631199000000001,-35.696071000000003,3.5,4,Right and left,Sand-bar,All surfers,10000.000000000000000,128,62831.853071795863798,314159265.358979284763336,0.234499568596328,0.000746435309900
129,471,Nordeste,Sergipe Alagoas,Riacho Doce,-9.568049999999999,-35.646794000000000,3,3,Right and left,Rivermouth,All surfers,10000.000000000000000,129,62831.853071795863798,314159265.358979284763336,5.026257100827460,0.015999073256949
130,472,Nordeste,Sergipe Alagoas,New Orleans,-9.526289999999999,-35.583022000000000,3,NA,Right and left,Beach-break,All surfers,10000.000000000000000,130,62831.853071795863798,314159265.358979284763336,17.221715020139300,0.054818421479502
131,473,Nordeste,Sergipe Alagoas,Praia do Morro,-9.327169000000000,-35.438530999999998,3.5,4,Right and left,Beach-break,All surfers,10000.000000000000000,131,62831.853071795863798,314159265.358979284763336,24.426401900662999,0.077751652088796
132,474,Nordeste,Paraiba and Pernambucco,Maracaipe,-8.525427000000001,-35.006261000000002,4,4,Right and left,Beach-break,Experienced surfers,10000.000000000000000,132,62831.853071795863798,314159265.358979284763336,40.613059231290300,0.129275382614876
133,475,Nordeste,Paraiba and Pernambucco,Borete,-8.499622000000000,-35.003127999999997,3,4,Right and left,Beach-break,All surfers,10000.000000000000000,133,62831.853071795863798,314159265.358979284763336,30.970097606426300,0.098580882442025
134,476,Nordeste,Paraiba and Pernambucco,cupe,-8.466621000000000,-34.989438000000000,4,3,Right and left,Beach-break,Experienced surfers,10000.000000000000000,134,62831.853071795863798,314159265.358979284763336,15.544810504634301,0.049480668624787
135,477,Nordeste,Paraiba and Pernambucco,Enseada dos Corais,-8.312229000000000,-34.946179000000001,3.5,4,Right and left,Beach-break,Experienced surfers,10000.000000000000000,135,62831.853071795863798,314159265.358979284763336,17.387511851972100,0.055346169186206
136,478,Nordeste,Paraiba and Pernambucco,Tambaba,-7.361306000000000,-34.798406000000000,3,NA,Right and left,Beach-break,All surfers,10000.000000000000000,136,62831.853071795863798,314159265.358979284763336,7.304109167305550,0.023249701577190
137,479,Nordeste,Paraiba and Pernambucco,Mar do Macaco,-7.045016000000000,-34.841422999999999,2,3,Right and left,Beach-break,Beginners wave,10000.000000000000000,137,62831.853071795863798,314159265.358979284763336,81.114674977257806,0.258196029598461
138,480,Nordeste,Paraiba and Pernambucco,Dique de Cabedelo,-6.963415000000000,-34.842559999999999,3,2,Left,Beach-break,All surfers,10000.000000000000000,138,62831.853071795863798,314159265.358979284763336,47.985289136427603,0.152741919235126
139,481,Nordeste,Rio Grande Do Norte,Baia Formosa,-6.366994000000000,-35.014800999999999,3.5,3,Right,Point-break,All surfers,10000.000000000000000,139,62831.853071795863798,314159265.358979284763336,54.537515156757699,0.173598302422943
140,482,Nordeste,Rio Grande Do Norte,Pipa,-6.227699000000000,-35.044626999999998,4,4,Right and left,Beach-break,All surfers,10000.000000000000000,140,62831.853071795863798,314159265.358979284763336,2.738713194583190,0.008717594852578
141,483,Nordeste,Rio Grande Do Norte,Lajão,-6.225929000000000,-35.050243999999999,3.5,2,Right,Point-break,Experienced surfers,10000.000000000000000,141,62831.853071795863798,314159265.358979284763336,2.584222846221450,0.008225836800543
142,484,Nordeste,Rio Grande Do Norte,Madeiro,-6.221044000000000,-35.067995000000003,3.5,3,Right and left,Beach-break,All surfers,10000.000000000000000,142,62831.853071795863798,314159265.358979284763336,2.254435011102780,0.007176089517929
143,485,Nordeste,Rio Grande Do Norte,Cacimbinhas,-6.211530000000000,-35.077500000000001,3.5,3,Right and left,Beach-break,All surfers,10000.000000000000000,143,62831.853071795863798,314159265.358979284763336,2.052748090533780,0.006534100110618
144,486,Nordeste,Rio Grande Do Norte,Tabatinga,-6.068866000000000,-35.097197999999999,3,NA,Right and left,NA,NA,10000.000000000000000,144,62831.853071795863798,314159265.358979284763336,4.423205251017920,0.014079499600191
145,487,Nordeste,Rio Grande Do Norte,Ponta negra,-5.879271000000000,-35.171270000000000,3,3,Right and left,Beach-break,All surfers,10000.000000000000000,145,62831.853071795863798,314159265.358979284763336,8.390741792904070,0.026708560650969
146,488,Nordeste,Rio Grande Do Norte,Genipabu,-5.687221000000000,-35.211010000000002,3,3,Right and left,Beach-break,All surfers,10000.000000000000000,146,62831.853071795863798,314159265.358979284763336,20.641684929806502,0.065704523806484
147,489,Nordeste,Ceara,Morro Branco,-4.150763000000000,-38.109726999999999,3,NA,Right and left,Beach-break,All surfers,10000.000000000000000,147,62831.853071795863798,314159265.358979284763336,0.313134058326193,0.000996736664661
148,490,Nordeste,Ceara,Iguape Meio,-3.941302000000000,-38.292251000000000,NA,NA,NA,Beach-break,All surfers,10000.000000000000000,148,62831.853071795863798,314159265.358979284763336,0.000000000000000,0.000000000000000
149,491,Nordeste,Fernando Do Noronha,Cacimba do Padre,-3.848947000000000,-32.439537000000001,4,2,Left,Beach-break,Experienced surfers,10000.000000000000000,149,62831.853071795863798,314159265.358979284763336,0.000000000000000,0.000000000000000
150,492,Nordeste,Fernando Do Noronha,Boldró,-3.845457000000000,-32.431694000000000,4,3,Right and left,Reef-coral,Pros or kamikaze only...,10000.000000000000000,150,62831.853071795863798,314159265.358979284763336,0.000000000000000,0.000000000000000
151,493,Nordeste,Fernando Do Noronha,Conceição,-3.841122000000000,-32.418498000000000,3,NA,Right and left,Beach-break,All surfers,10000.000000000000000,151,62831.853071795863798,314159265.358979284763336,0.000000000000000,0.000000000000000
152,494,Nordeste,Fernando Do Noronha,Meio,-3.839607000000000,-32.413288999999999,3,NA,Right and left,NA,All surfers,10000.000000000000000,152,62831.853071795863798,314159265.358979284763336,0.000000000000000,0.000000000000000
153,495,Nordeste,Fernando Do Noronha,Cachorro,-3.838906000000000,-32.411127000000000,3,2,Right,Beach-break,All surfers,10000.000000000000000,153,62831.853071795863798,314159265.358979284763336,0.000000000000000,0.000000000000000
154,496,Nordeste,Fernando Do Noronha,Biboca,-3.835106000000000,-32.403348999999999,3.5,NA,Right,Reef-coral,Experienced surfers,10000.000000000000000,154,62831.853071795863798,314159265.358979284763336,0.000000000000000,0.000000000000000
155,497,Nordeste,Fernando Do Noronha,Abras,-3.827602000000000,-32.400581000000003,4,2,Left,Reef-rocky,Experienced surfers,10000.000000000000000,155,62831.853071795863798,314159265.358979284763336,0.000000000000000,0.000000000000000
156,498,Nordeste,Ceara,Futuro,-3.726691000000000,-38.457008999999999,3.5,4,Right and left,Beach-break,All surfers,10000.000000000000000,156,62831.853071795863798,314159265.358979284763336,15.921150925581900,0.050678597390369
157,499,Nordeste,Ceara,Iracema (ponte metalica),-3.718212000000000,-38.518002000000003,3.5,3,Right and left,Reef-rocky,Experienced surfers,10000.000000000000000,157,62831.853071795863798,314159265.358979284763336,11.288028359942700,0.035930910224928
158,500,Nordeste,Ceara,Leste-Oeste,-3.714080000000000,-38.540489999999998,3,3,Right and left,Beach-break,All surfers,10000.000000000000000,158,62831.853071795863798,314159265.358979284763336,17.658402209824899,0.056208439975970
159,501,Nordeste,Ceara,Titanzinho,-3.707351000000000,-38.467813000000000,3.5,NA,Right and left,Reef-rocky,Experienced surfers,10000.000000000000000,159,62831.853071795863798,314159265.358979284763336,12.237182794281800,0.038952162624581
160,502,Nordeste,Ceara,Icarai,-3.670278000000000,-38.669443999999999,3.5,3,Right and left,Beach-break,Experienced surfers,10000.000000000000000,160,62831.853071795863798,314159265.358979284763336,13.555242542486701,0.043147677108926
161,503,Nordeste,Ceara,Pico das Almas,-3.605083000000000,-38.761997000000001,3,2,Right and left,Beach-break,Experienced surfers,10000.000000000000000,161,62831.853071795863798,314159265.358979284763336,7.729167875505730,0.024602705467476
162,504,Nordeste,Ceara,Taiba,-3.505663000000000,-38.905270000000002,3,3,Right and left,Point-break,All surfers,10000.000000000000000,162,62831.853071795863798,314159265.358979284763336,2.658298948419720,0.008461628357140
163,505,Nordeste,Ceara,Paracuru,-3.406714000000000,-39.032620999999999,3.5,NA,Right and left,Reef-coral,Experienced surfers,10000.000000000000000,163,62831.853071795863798,314159265.358979284763336,0.000000000000000,0.000000000000000
164,506,Nordeste,Ceara,Jericoacoara,-2.787089000000000,-40.512611000000000,3,3,Right and left,Beach-break,Beginners wave,10000.000000000000000,164,62831.853071795863798,314159265.358979284763336,85.910884784826905,0.273462839578070
165,507,Nordeste,Maranhao,Travosa,-2.358991000000000,-43.243904000000001,3.5,NA,Right and left,Beach-break,All surfers,10000.000000000000000,165,62831.853071795863798,314159265.358979284763336,0.000000000000000,0.000000000000000
166,508,Norte,Para,marahu,-1.073422000000000,-48.403187000000003,3.5,2,Right and left,Sand-bar,All surfers,10000.000000000000000,166,62831.853071795863798,314159265.358979284763336,0.000000000000000,0.000000000000000
167,509,Norte,Para,Camaraçu,-0.868831000000000,-46.430798000000003,5,4,Right and left,Beach-break,Experienced surfers,10000.000000000000000,167,62831.853071795863798,314159265.358979284763336,0.000000000000000,0.000000000000000
168,510,Norte,Para,Araruna,-0.688517000000000,-48.483266999999998,3,3,Right and left,Sand-bar,All surfers,10000.000000000000000,168,62831.853071795863798,314159265.358979284763336,0.000000000000000,0.000000000000000
169,511,Norte,Maranhao,Pororoca,1.242601000000000,-50.291972000000001,4,NA,Right and left,Rivermouth,Experienced surfers,10000.000000000000000,169,62831.853071795863798,314159265.358979284763336,0.000000000000000,0.000000000000000
170,537,Nordeste,Bahia Sul,Sirihyba,-14.955150900000000,-39.007338300000001,3,4,Right and left,Beach-break,All surfers,10000.000000000000000,170,62831.853071795863798,314159265.358979284763336,2.876199104513950,0.009155226095998
171,538,Nordeste,Bahia Sul,Sol do Muta,-13.881859300000000,-38.948337600000002,NA,3,Right,Point-break,All surfers,10000.000000000000000,171,62831.853071795863798,314159265.358979284763336,75.744161057727695,0.241101152853720
172,539,Nordeste,Bahia Norte,Rock Quente,-12.937671999999999,-38.326481000000001,3.5,NA,Right and left,Reef-rocky,NA,10000.000000000000000,172,62831.853071795863798,314159265.358979284763336,39.165885158333701,0.124668884470366
173,540,Nordeste,Bahia Norte,Ribeira,-12.918761999999999,-38.502079999999999,NA,3,Right and left,Beach-break,Beginners wave,10000.000000000000000,173,62831.853071795863798,314159265.358979284763336,29.010025496516601,0.092341779139851
174,541,Nordeste,Bahia Norte,Praia das Ondas,-12.596083999999999,-38.028939000000001,3,3,Right and left,Beach-break,All surfers,10000.000000000000000,174,62831.853071795863798,314159265.358979284763336,115.821997802447996,0.368672869380765
175,542,Nordeste,Sergipe and Alagoas,Rainha,-9.644078000000000,-35.698022000000002,3.5,3,Right and left,Beach-break,All surfers,10000.000000000000000,175,62831.853071795863798,314159265.358979284763336,0.234499568596328,0.000746435309900
176,543,Nordeste,Paraiba and Pernambucco,Pedra de Xaréu,-8.303081000000001,-34.945245000000000,3.5,4,Right,Point-break,All surfers,10000.000000000000000,176,62831.853071795863798,314159265.358979284763336,19.292380017372199,0.061409552875442
177,544,Nordeste,Ceara,Prainha,-3.899172000000000,-38.346806000000001,3.5,3,Right and left,Beach-break,All surfers,10000.000000000000000,177,62831.853071795863798,314159265.358979284763336,6.132542764413970,0.019520489893578
178,545,Nordeste,Fernando Do Noronha,Laje do Bode,-3.847468000000000,-32.434612000000001,3.5,2,Left,Reef-coral,Experienced surfers,10000.000000000000000,178,62831.853071795863798,314159265.358979284763336,0.000000000000000,0.000000000000000
179,546,Nordeste,Maranhao,Caolho,-2.478724000000000,-44.240184999999997,3.5,NA,Right and left,Beach-break,All surfers,10000.000000000000000,179,62831.853071795863798,314159265.358979284763336,0.000000000000000,0.000000000000000
180,547,Norte,Para,Atalaia (salinas),-0.596981000000000,-47.293622999999997,3,3,Right and left,Beach-break,All surfers,10000.000000000000000,180,62831.853071795863798,314159265.358979284763336,0.000000000000000,0.000000000000000
181,548,Norte,Para,Algodoal,-0.577838000000000,-47.579901000000000,3,2,Right,Beach-break,All surfers,10000.000000000000000,181,62831.853071795863798,314159265.358979284763336,0.000000000000000,0.000000000000000
